[2026-03-28 14:57:11] [INFO] 



+///////////////////////////////////////////////////////////////////////////+

                Démarrage de Nexus Extraction

+///////////////////////////////////////////////////////////////////////////+

[2026-03-28 14:57:11] [INFO] 
+---------------------------- Bienvenue ! ----------------------------+

Bienvenue dans Nexus Extraction. Si vous lisez ceci, c’est que vous vous
trouvez actuellement dans les logs du jeu. Si vous êtes un joueur lambda,
cette fenêtre ne vous intéressera pas, mais ne la fermez pas, car cette
action entraînera la fermeture du jeu.

En cas de problème ou de plantage du jeu, merci de contacter le développeur
à l’adresse e-mail suivante : mouyelv@sjb-liege.org
en joignant les fichiers de logs qui se trouvent dans le dossier "logs/".

Merci de jouer à Nexus Extraction et bon jeu ;)

+-------------------------------- LOGS --------------------------------+

[2026-03-28 14:57:11] [INFO] Main Menu
[2026-03-28 14:57:13] [INFO] Entrez dans compte
[2026-03-28 14:57:14] [INFO] Entrez dans load_menu avec le compte -> test1.json
[2026-03-28 14:57:14] [INFO] Chargement de title-> 1/329 | 0%
[2026-03-28 14:57:14] [INFO] Chargement de creator-> 2/329 | 0%
[2026-03-28 14:57:14] [INFO] Chargement de music_creator-> 3/329 | 0%
[2026-03-28 14:57:14] [INFO] Chargement de the_void-> 4/329 | 1%
[2026-03-28 14:57:14] [INFO] Chargement de the_void_full-> 5/329 | 1%
[2026-03-28 14:57:14] [INFO] Chargement de the_void_full-> 5/329 | 1%
[2026-03-28 14:57:14] [INFO] Chargement de the_void_full-> 5/329 | 1%
[2026-03-28 14:57:14] [INFO] Chargement de underground_1-> 6/329 | 1%
[2026-03-28 14:57:14] [INFO] Chargement de underground_1-> 6/329 | 1%
[2026-03-28 14:57:14] [INFO] Chargement de underground_2-> 7/329 | 2%
[2026-03-28 14:57:14] [INFO] Chargement de underground_2-> 7/329 | 2%
[2026-03-28 14:57:14] [INFO] Chargement de underground_3-> 8/329 | 2%
[2026-03-28 14:57:14] [INFO] Chargement de btn_play_menu-> 9/329 | 2%
[2026-03-28 14:57:14] [INFO] Chargement de btn_play_menu-> 9/329 | 2%
[2026-03-28 14:57:14] [INFO] Chargement de btn_play_menu-> 9/329 | 2%
[2026-03-28 14:57:14] [INFO] Chargement de btn_boutique_menu-> 10/329 | 3%
[2026-03-28 14:57:14] [INFO] Chargement de btn_boutique_menu-> 10/329 | 3%
[2026-03-28 14:57:14] [INFO] Chargement de btn_boutique_menu-> 10/329 | 3%
[2026-03-28 14:57:14] [INFO] Chargement de btn_option_menu-> 11/329 | 3%
[2026-03-28 14:57:14] [INFO] Chargement de btn_option_menu-> 11/329 | 3%
[2026-03-28 14:57:14] [INFO] Chargement de btn_option_menu-> 11/329 | 3%
[2026-03-28 14:57:14] [INFO] Chargement de btn_play-> 12/329 | 3%
[2026-03-28 14:57:14] [INFO] Chargement de btn_play-> 12/329 | 3%
[2026-03-28 14:57:14] [INFO] Chargement de btn_play-> 12/329 | 3%
[2026-03-28 14:57:14] [INFO] Chargement de btn_quitter-> 13/329 | 3%
[2026-03-28 14:57:14] [INFO] Chargement de btn_quitter-> 13/329 | 3%
[2026-03-28 14:57:14] [INFO] Chargement de btn_quitter-> 13/329 | 3%
[2026-03-28 14:57:14] [INFO] Chargement de btn_compte-> 14/329 | 4%
[2026-03-28 14:57:14] [INFO] Chargement de refresh_btn-> 15/329 | 4%
[2026-03-28 14:57:14] [INFO] Chargement de boutique_bg-> 17/329 | 5%
[2026-03-28 14:57:14] [INFO] Chargement de boutique_energy-> 19/329 | 5%
[2026-03-28 14:57:14] [INFO] Chargement de boutique_pression-> 20/329 | 6%
[2026-03-28 14:57:14] [INFO] Chargement de blue_storm-> 22/329 | 6%
[2026-03-28 14:57:14] [INFO] Chargement de pression_icon-> 24/329 | 7%
[2026-03-28 14:57:14] [INFO] Chargement de stairs-> 28/329 | 8%
[2026-03-28 14:57:14] [INFO] Chargement de oak_log-> 33/329 | 10%
[2026-03-28 14:57:14] [INFO] Chargement de coal_block-> 39/329 | 11%
[2026-03-28 14:57:14] [INFO] Chargement de lapis_ore-> 46/329 | 13%
[2026-03-28 14:57:14] [INFO] Chargement de robot_0-> 51/329 | 15%
[2026-03-28 14:57:14] [INFO] Chargement de robot_5-> 56/329 | 17%
[2026-03-28 14:57:14] [INFO] Chargement de robot_40-> 62/329 | 18%
[2026-03-28 14:57:14] [INFO] Chargement de bird_1-> 68/329 | 20%
[2026-03-28 14:57:14] [INFO] Chargement de robot_3d_0001-> 71/329 | 21%
[2026-03-28 14:57:14] [INFO] Chargement de robot_3d_0002-> 72/329 | 21%
[2026-03-28 14:57:14] [INFO] Chargement de robot_3d_0003-> 73/329 | 22%
[2026-03-28 14:57:14] [INFO] Chargement de robot_3d_0004-> 74/329 | 22%
[2026-03-28 14:57:14] [INFO] Chargement de robot_3d_0005-> 75/329 | 22%
[2026-03-28 14:57:14] [INFO] Chargement de robot_3d_0006-> 76/329 | 23%
[2026-03-28 14:57:14] [INFO] Chargement de robot_3d_0007-> 77/329 | 23%
[2026-03-28 14:57:14] [INFO] Chargement de robot_3d_0008-> 78/329 | 23%
[2026-03-28 14:57:14] [INFO] Chargement de robot_3d_0009-> 79/329 | 24%
[2026-03-28 14:57:14] [INFO] Chargement de robot_3d_0010-> 80/329 | 24%
[2026-03-28 14:57:14] [INFO] Chargement de robot_3d_0011-> 81/329 | 24%
[2026-03-28 14:57:14] [INFO] Chargement de robot_3d_0012-> 82/329 | 24%
[2026-03-28 14:57:14] [INFO] Chargement de robot_3d_0013-> 83/329 | 25%
[2026-03-28 14:57:14] [INFO] Chargement de robot_3d_0014-> 84/329 | 25%
[2026-03-28 14:57:14] [INFO] Chargement de robot_3d_0015-> 85/329 | 25%
[2026-03-28 14:57:14] [INFO] Chargement de robot_3d_0016-> 86/329 | 26%
[2026-03-28 14:57:14] [INFO] Chargement de robot_3d_0017-> 87/329 | 26%
[2026-03-28 14:57:14] [INFO] Chargement de robot_3d_0018-> 88/329 | 26%
[2026-03-28 14:57:14] [INFO] Chargement de robot_3d_0019-> 89/329 | 27%
[2026-03-28 14:57:14] [INFO] Chargement de robot_3d_0020-> 90/329 | 27%
[2026-03-28 14:57:14] [INFO] Chargement de robot_3d_0021-> 91/329 | 27%
[2026-03-28 14:57:14] [INFO] Chargement de robot_3d_0022-> 92/329 | 27%
[2026-03-28 14:57:14] [INFO] Chargement de robot_3d_0023-> 93/329 | 28%
[2026-03-28 14:57:14] [INFO] Chargement de robot_3d_0024-> 94/329 | 28%
[2026-03-28 14:57:14] [INFO] Chargement de robot_3d_0025-> 95/329 | 28%
[2026-03-28 14:57:14] [INFO] Chargement de robot_3d_0026-> 96/329 | 29%
[2026-03-28 14:57:14] [INFO] Chargement de robot_3d_0027-> 97/329 | 29%
[2026-03-28 14:57:14] [INFO] Chargement de robot_3d_0028-> 98/329 | 29%
[2026-03-28 14:57:14] [INFO] Chargement de robot_3d_0029-> 99/329 | 30%
[2026-03-28 14:57:14] [INFO] Chargement de robot_3d_0030-> 100/329 | 30%
[2026-03-28 14:57:14] [INFO] Chargement de robot_3d_0031-> 101/329 | 30%
[2026-03-28 14:57:14] [INFO] Chargement de robot_3d_0032-> 102/329 | 31%
[2026-03-28 14:57:14] [INFO] Chargement de robot_3d_0033-> 103/329 | 31%
[2026-03-28 14:57:14] [INFO] Chargement de robot_3d_0034-> 104/329 | 31%
[2026-03-28 14:57:14] [INFO] Chargement de robot_3d_0035-> 105/329 | 31%
[2026-03-28 14:57:14] [INFO] Chargement de robot_3d_0036-> 106/329 | 32%
[2026-03-28 14:57:14] [INFO] Chargement de robot_3d_0037-> 107/329 | 32%
[2026-03-28 14:57:14] [INFO] Chargement de robot_3d_0038-> 108/329 | 32%
[2026-03-28 14:57:14] [INFO] Chargement de robot_3d_0039-> 109/329 | 33%
[2026-03-28 14:57:14] [INFO] Chargement de robot_3d_0040-> 110/329 | 33%
[2026-03-28 14:57:14] [INFO] Chargement de robot_3d_0041-> 111/329 | 33%
[2026-03-28 14:57:14] [INFO] Chargement de robot_3d_0042-> 112/329 | 34%
[2026-03-28 14:57:14] [INFO] Chargement de robot_3d_0043-> 113/329 | 34%
[2026-03-28 14:57:14] [INFO] Chargement de robot_3d_0044-> 114/329 | 34%
[2026-03-28 14:57:14] [INFO] Chargement de robot_3d_0045-> 115/329 | 34%
[2026-03-28 14:57:14] [INFO] Chargement de robot_3d_0046-> 116/329 | 35%
[2026-03-28 14:57:14] [INFO] Chargement de robot_3d_0047-> 117/329 | 35%
[2026-03-28 14:57:14] [INFO] Chargement de robot_3d_0048-> 118/329 | 35%
[2026-03-28 14:57:14] [INFO] Chargement de robot_3d_0049-> 119/329 | 36%
[2026-03-28 14:57:14] [INFO] Chargement de robot_3d_0050-> 120/329 | 36%
[2026-03-28 14:57:14] [INFO] Chargement de robot_3d_0051-> 121/329 | 36%
[2026-03-28 14:57:14] [INFO] Chargement de robot_3d_0052-> 122/329 | 37%
[2026-03-28 14:57:14] [INFO] Chargement de robot_3d_0053-> 123/329 | 37%
[2026-03-28 14:57:14] [INFO] Chargement de robot_3d_0054-> 124/329 | 37%
[2026-03-28 14:57:14] [INFO] Chargement de robot_3d_0055-> 125/329 | 37%
[2026-03-28 14:57:14] [INFO] Chargement de robot_3d_0056-> 126/329 | 38%
[2026-03-28 14:57:14] [INFO] Chargement de robot_3d_0057-> 127/329 | 38%
[2026-03-28 14:57:14] [INFO] Chargement de robot_3d_0058-> 128/329 | 38%
[2026-03-28 14:57:14] [INFO] Chargement de robot_3d_0059-> 129/329 | 39%
[2026-03-28 14:57:14] [INFO] Chargement de robot_3d_0060-> 130/329 | 39%
[2026-03-28 14:57:14] [INFO] Chargement de robot_3d_0061-> 131/329 | 39%
[2026-03-28 14:57:14] [INFO] Chargement de robot_3d_0062-> 132/329 | 40%
[2026-03-28 14:57:14] [INFO] Chargement de robot_3d_0063-> 133/329 | 40%
[2026-03-28 14:57:14] [INFO] Chargement de robot_3d_0064-> 134/329 | 40%
[2026-03-28 14:57:14] [INFO] Chargement de robot_3d_0065-> 135/329 | 41%
[2026-03-28 14:57:14] [INFO] Chargement de robot_3d_0066-> 136/329 | 41%
[2026-03-28 14:57:14] [INFO] Chargement de robot_3d_0067-> 137/329 | 41%
[2026-03-28 14:57:14] [INFO] Chargement de robot_3d_0068-> 138/329 | 41%
[2026-03-28 14:57:14] [INFO] Chargement de robot_3d_0069-> 139/329 | 42%
[2026-03-28 14:57:14] [INFO] Chargement de robot_3d_0070-> 140/329 | 42%
[2026-03-28 14:57:14] [INFO] Chargement de robot_3d_0071-> 141/329 | 42%
[2026-03-28 14:57:14] [INFO] Chargement de robot_3d_0072-> 142/329 | 43%
[2026-03-28 14:57:14] [INFO] Chargement de robot_3d_0073-> 143/329 | 43%
[2026-03-28 14:57:14] [INFO] Chargement de robot_3d_0074-> 144/329 | 43%
[2026-03-28 14:57:14] [INFO] Chargement de robot_3d_0075-> 145/329 | 44%
[2026-03-28 14:57:14] [INFO] Chargement de robot_3d_0076-> 146/329 | 44%
[2026-03-28 14:57:14] [INFO] Chargement de robot_3d_0077-> 147/329 | 44%
[2026-03-28 14:57:14] [INFO] Chargement de robot_3d_0078-> 148/329 | 44%
[2026-03-28 14:57:14] [INFO] Chargement de robot_3d_0079-> 149/329 | 45%
[2026-03-28 14:57:14] [INFO] Chargement de robot_3d_0080-> 150/329 | 45%
[2026-03-28 14:57:14] [INFO] Chargement de robot_3d_0081-> 151/329 | 45%
[2026-03-28 14:57:14] [INFO] Chargement de robot_3d_0082-> 152/329 | 46%
[2026-03-28 14:57:14] [INFO] Chargement de robot_3d_0083-> 153/329 | 46%
[2026-03-28 14:57:14] [INFO] Chargement de robot_3d_0084-> 154/329 | 46%
[2026-03-28 14:57:14] [INFO] Chargement de robot_3d_0085-> 155/329 | 47%
[2026-03-28 14:57:14] [INFO] Chargement de robot_3d_0086-> 156/329 | 47%
[2026-03-28 14:57:14] [INFO] Chargement de robot_3d_0087-> 157/329 | 47%
[2026-03-28 14:57:14] [INFO] Chargement de robot_3d_0088-> 158/329 | 48%
[2026-03-28 14:57:14] [INFO] Chargement de robot_3d_0089-> 159/329 | 48%
[2026-03-28 14:57:14] [INFO] Chargement de robot_3d_0090-> 160/329 | 48%
[2026-03-28 14:57:14] [INFO] Chargement de robot_3d_0091-> 161/329 | 48%
[2026-03-28 14:57:14] [INFO] Chargement de robot_3d_0092-> 162/329 | 49%
[2026-03-28 14:57:14] [INFO] Chargement de robot_3d_0093-> 163/329 | 49%
[2026-03-28 14:57:14] [INFO] Chargement de robot_3d_0094-> 164/329 | 49%
[2026-03-28 14:57:14] [INFO] Chargement de robot_3d_0095-> 165/329 | 50%
[2026-03-28 14:57:14] [INFO] Chargement de robot_3d_0096-> 166/329 | 50%
[2026-03-28 14:57:14] [INFO] Chargement de robot_3d_0097-> 167/329 | 50%
[2026-03-28 14:57:14] [INFO] Chargement de robot_3d_0098-> 168/329 | 51%
[2026-03-28 14:57:14] [INFO] Chargement de robot_3d_0099-> 169/329 | 51%
[2026-03-28 14:57:14] [INFO] Chargement de robot_3d_0100-> 170/329 | 51%
[2026-03-28 14:57:14] [INFO] Chargement de robot_3d_0101-> 171/329 | 51%
[2026-03-28 14:57:14] [INFO] Chargement de robot_3d_0102-> 172/329 | 52%
[2026-03-28 14:57:14] [INFO] Chargement de robot_3d_0103-> 173/329 | 52%
[2026-03-28 14:57:14] [INFO] Chargement de robot_3d_0104-> 174/329 | 52%
[2026-03-28 14:57:14] [INFO] Chargement de robot_3d_0105-> 175/329 | 53%
[2026-03-28 14:57:14] [INFO] Chargement de robot_3d_0106-> 176/329 | 53%
[2026-03-28 14:57:14] [INFO] Chargement de robot_3d_0107-> 177/329 | 53%
[2026-03-28 14:57:14] [INFO] Chargement de robot_3d_0108-> 178/329 | 54%
[2026-03-28 14:57:14] [INFO] Chargement de robot_3d_0109-> 179/329 | 54%
[2026-03-28 14:57:14] [INFO] Chargement de robot_3d_0123-> 193/329 | 58%
[2026-03-28 14:57:14] [INFO] Chargement de robot_3d_0124-> 194/329 | 58%
[2026-03-28 14:57:14] [INFO] Chargement de robot_3d_0125-> 195/329 | 59%
[2026-03-28 14:57:14] [INFO] Chargement de robot_3d_0126-> 196/329 | 59%
[2026-03-28 14:57:14] [INFO] Chargement de robot_3d_0127-> 197/329 | 59%
[2026-03-28 14:57:14] [INFO] Chargement de robot_3d_0128-> 198/329 | 60%
[2026-03-28 14:57:14] [INFO] Chargement de robot_3d_0129-> 199/329 | 60%
[2026-03-28 14:57:14] [INFO] Chargement de robot_3d_0130-> 200/329 | 60%
[2026-03-28 14:57:14] [INFO] Chargement de robot_3d_0131-> 201/329 | 61%
[2026-03-28 14:57:14] [INFO] Chargement de robot_3d_0132-> 202/329 | 61%
[2026-03-28 14:57:14] [INFO] Chargement de robot_3d_0133-> 203/329 | 61%
[2026-03-28 14:57:14] [INFO] Chargement de robot_3d_0134-> 204/329 | 62%
[2026-03-28 14:57:14] [INFO] Chargement de robot_3d_0135-> 205/329 | 62%
[2026-03-28 14:57:14] [INFO] Chargement de robot_3d_0136-> 206/329 | 62%
[2026-03-28 14:57:14] [INFO] Chargement de robot_3d_0137-> 207/329 | 62%
[2026-03-28 14:57:14] [INFO] Chargement de robot_3d_0138-> 208/329 | 63%
[2026-03-28 14:57:14] [INFO] Chargement de robot_3d_0139-> 209/329 | 63%
[2026-03-28 14:57:14] [INFO] Chargement de robot_3d_0140-> 210/329 | 63%
[2026-03-28 14:57:14] [INFO] Chargement de robot_3d_0141-> 211/329 | 64%
[2026-03-28 14:57:14] [INFO] Chargement de robot_3d_0142-> 212/329 | 64%
[2026-03-28 14:57:14] [INFO] Chargement de robot_3d_0143-> 213/329 | 64%
[2026-03-28 14:57:14] [INFO] Chargement de robot_3d_0144-> 214/329 | 65%
[2026-03-28 14:57:14] [INFO] Chargement de robot_3d_0145-> 215/329 | 65%
[2026-03-28 14:57:14] [INFO] Chargement de robot_3d_0146-> 216/329 | 65%
[2026-03-28 14:57:14] [INFO] Chargement de robot_3d_0147-> 217/329 | 65%
[2026-03-28 14:57:14] [INFO] Chargement de robot_3d_0148-> 218/329 | 66%
[2026-03-28 14:57:14] [INFO] Chargement de robot_3d_0149-> 219/329 | 66%
[2026-03-28 14:57:14] [INFO] Chargement de robot_3d_0150-> 220/329 | 66%
[2026-03-28 14:57:14] [INFO] Chargement de robot_3d_0151-> 221/329 | 67%
[2026-03-28 14:57:14] [INFO] Chargement de robot_3d_0152-> 222/329 | 67%
[2026-03-28 14:57:14] [INFO] Chargement de robot_3d_0153-> 223/329 | 67%
[2026-03-28 14:57:14] [INFO] Chargement de robot_3d_0154-> 224/329 | 68%
[2026-03-28 14:57:14] [INFO] Chargement de robot_3d_0155-> 225/329 | 68%
[2026-03-28 14:57:14] [INFO] Chargement de robot_3d_0156-> 226/329 | 68%
[2026-03-28 14:57:14] [INFO] Chargement de robot_3d_0157-> 227/329 | 68%
[2026-03-28 14:57:14] [INFO] Chargement de robot_3d_0158-> 228/329 | 69%
[2026-03-28 14:57:14] [INFO] Chargement de robot_3d_0159-> 229/329 | 69%
[2026-03-28 14:57:14] [INFO] Chargement de robot_3d_0160-> 230/329 | 69%
[2026-03-28 14:57:14] [INFO] Chargement de robot_3d_0161-> 231/329 | 70%
[2026-03-28 14:57:14] [INFO] Chargement de robot_3d_0162-> 232/329 | 70%
[2026-03-28 14:57:14] [INFO] Chargement de robot_3d_0163-> 233/329 | 70%
[2026-03-28 14:57:14] [INFO] Chargement de robot_3d_0164-> 234/329 | 71%
[2026-03-28 14:57:14] [INFO] Chargement de robot_3d_0165-> 235/329 | 71%
[2026-03-28 14:57:14] [INFO] Chargement de robot_3d_0166-> 236/329 | 71%
[2026-03-28 14:57:14] [INFO] Chargement de robot_3d_0167-> 237/329 | 72%
[2026-03-28 14:57:14] [INFO] Chargement de robot_3d_0168-> 238/329 | 72%
[2026-03-28 14:57:14] [INFO] Chargement de robot_3d_0169-> 239/329 | 72%
[2026-03-28 14:57:14] [INFO] Chargement de robot_3d_0170-> 240/329 | 72%
[2026-03-28 14:57:14] [INFO] Chargement de robot_3d_0171-> 241/329 | 73%
[2026-03-28 14:57:14] [INFO] Chargement de robot_3d_0172-> 242/329 | 73%
[2026-03-28 14:57:14] [INFO] Chargement de robot_3d_0173-> 243/329 | 73%
[2026-03-28 14:57:14] [INFO] Chargement de robot_3d_0174-> 244/329 | 74%
[2026-03-28 14:57:14] [INFO] Chargement de robot_3d_0175-> 245/329 | 74%
[2026-03-28 14:57:14] [INFO] Chargement de robot_3d_0176-> 246/329 | 74%
[2026-03-28 14:57:14] [INFO] Chargement de robot_3d_0177-> 247/329 | 75%
[2026-03-28 14:57:14] [INFO] Chargement de robot_3d_0178-> 248/329 | 75%
[2026-03-28 14:57:14] [INFO] Chargement de robot_3d_0179-> 249/329 | 75%
[2026-03-28 14:57:14] [INFO] Chargement de robot_3d_0180-> 250/329 | 75%
[2026-03-28 14:57:14] [INFO] Chargement de robot_3d_0181-> 251/329 | 76%
[2026-03-28 14:57:14] [INFO] Chargement de robot_3d_0182-> 252/329 | 76%
[2026-03-28 14:57:14] [INFO] Chargement de robot_3d_0183-> 253/329 | 76%
[2026-03-28 14:57:14] [INFO] Chargement de robot_3d_0184-> 254/329 | 77%
[2026-03-28 14:57:14] [INFO] Chargement de robot_3d_0185-> 255/329 | 77%
[2026-03-28 14:57:14] [INFO] Chargement de robot_3d_0186-> 256/329 | 77%
[2026-03-28 14:57:14] [INFO] Chargement de robot_3d_0187-> 257/329 | 78%
[2026-03-28 14:57:14] [INFO] Chargement de robot_3d_0188-> 258/329 | 78%
[2026-03-28 14:57:14] [INFO] Chargement de robot_3d_0189-> 259/329 | 78%
[2026-03-28 14:57:14] [INFO] Chargement de robot_3d_0190-> 260/329 | 79%
[2026-03-28 14:57:14] [INFO] Chargement de robot_3d_0191-> 261/329 | 79%
[2026-03-28 14:57:14] [INFO] Chargement de robot_3d_0192-> 262/329 | 79%
[2026-03-28 14:57:14] [INFO] Chargement de robot_3d_0193-> 263/329 | 79%
[2026-03-28 14:57:14] [INFO] Chargement de robot_3d_0194-> 264/329 | 80%
[2026-03-28 14:57:14] [INFO] Chargement de robot_3d_0195-> 265/329 | 80%
[2026-03-28 14:57:14] [INFO] Chargement de robot_3d_0196-> 266/329 | 80%
[2026-03-28 14:57:14] [INFO] Chargement de robot_3d_0197-> 267/329 | 81%
[2026-03-28 14:57:14] [INFO] Chargement de robot_3d_0198-> 268/329 | 81%
[2026-03-28 14:57:14] [INFO] Chargement de robot_3d_0199-> 269/329 | 81%
[2026-03-28 14:57:14] [INFO] Chargement de robot_3d_0200-> 270/329 | 82%
[2026-03-28 14:57:14] [INFO] Chargement de robot_3d_0201-> 271/329 | 82%
[2026-03-28 14:57:14] [INFO] Chargement de robot_3d_0202-> 272/329 | 82%
[2026-03-28 14:57:14] [INFO] Chargement de robot_3d_0203-> 273/329 | 82%
[2026-03-28 14:57:14] [INFO] Chargement de robot_3d_0204-> 274/329 | 83%
[2026-03-28 14:57:14] [INFO] Chargement de robot_3d_0205-> 275/329 | 83%
[2026-03-28 14:57:14] [INFO] Chargement de robot_3d_0206-> 276/329 | 83%
[2026-03-28 14:57:14] [INFO] Chargement de robot_3d_0207-> 277/329 | 84%
[2026-03-28 14:57:14] [INFO] Chargement de robot_3d_0208-> 278/329 | 84%
[2026-03-28 14:57:14] [INFO] Chargement de robot_3d_0209-> 279/329 | 84%
[2026-03-28 14:57:14] [INFO] Chargement de robot_3d_0210-> 280/329 | 85%
[2026-03-28 14:57:14] [INFO] Chargement de robot_3d_0211-> 281/329 | 85%
[2026-03-28 14:57:14] [INFO] Chargement de robot_3d_0212-> 282/329 | 85%
[2026-03-28 14:57:14] [INFO] Chargement de robot_3d_0213-> 283/329 | 86%
[2026-03-28 14:57:14] [INFO] Chargement de robot_3d_0214-> 284/329 | 86%
[2026-03-28 14:57:14] [INFO] Chargement de robot_3d_0215-> 285/329 | 86%
[2026-03-28 14:57:14] [INFO] Chargement de robot_3d_0216-> 286/329 | 86%
[2026-03-28 14:57:14] [INFO] Chargement de robot_3d_0217-> 287/329 | 87%
[2026-03-28 14:57:14] [INFO] Chargement de robot_3d_0218-> 288/329 | 87%
[2026-03-28 14:57:14] [INFO] Chargement de robot_3d_0219-> 289/329 | 87%
[2026-03-28 14:57:14] [INFO] Chargement de robot_3d_0220-> 290/329 | 88%
[2026-03-28 14:57:14] [INFO] Chargement de robot_3d_0221-> 291/329 | 88%
[2026-03-28 14:57:14] [INFO] Chargement de robot_3d_0222-> 292/329 | 88%
[2026-03-28 14:57:14] [INFO] Chargement de robot_3d_0223-> 293/329 | 89%
[2026-03-28 14:57:14] [INFO] Chargement de robot_3d_0224-> 294/329 | 89%
[2026-03-28 14:57:14] [INFO] Chargement de robot_3d_0225-> 295/329 | 89%
[2026-03-28 14:57:14] [INFO] Chargement de robot_3d_0226-> 296/329 | 89%
[2026-03-28 14:57:14] [INFO] Chargement de robot_3d_0227-> 297/329 | 90%
[2026-03-28 14:57:14] [INFO] Chargement de robot_3d_0228-> 298/329 | 90%
[2026-03-28 14:57:14] [INFO] Chargement de robot_3d_0229-> 299/329 | 90%
[2026-03-28 14:57:14] [INFO] Chargement de robot_3d_0230-> 300/329 | 91%
[2026-03-28 14:57:14] [INFO] Chargement de robot_3d_0231-> 301/329 | 91%
[2026-03-28 14:57:14] [INFO] Chargement de robot_3d_0232-> 302/329 | 91%
[2026-03-28 14:57:14] [INFO] Chargement de robot_3d_0233-> 303/329 | 92%
[2026-03-28 14:57:14] [INFO] Chargement de robot_3d_0234-> 304/329 | 92%
[2026-03-28 14:57:14] [INFO] Chargement de robot_3d_0235-> 305/329 | 92%
[2026-03-28 14:57:14] [INFO] Chargement de robot_3d_0236-> 306/329 | 93%
[2026-03-28 14:57:14] [INFO] Chargement de robot_3d_0237-> 307/329 | 93%
[2026-03-28 14:57:14] [INFO] Chargement de robot_3d_0238-> 308/329 | 93%
[2026-03-28 14:57:14] [INFO] Chargement de robot_3d_0239-> 309/329 | 93%
[2026-03-28 14:57:14] [INFO] Chargement de robot_3d_0240-> 310/329 | 94%
[2026-03-28 14:57:14] [INFO] Chargement de water_4-> 315/329 | 95%
[2026-03-28 14:57:15] [INFO] Chargement de lava_4-> 323/329 | 98%
[2026-03-28 14:57:15] [INFO] Chargement de rocket_1-> 328/329 | 99%
[2026-03-28 14:57:15] [INFO] Assets chargés, redirect vers play_menu
[2026-03-28 14:57:15] [INFO] Entrez dans play_menu avec le compte test1.json
[2026-03-28 14:57:16] [INFO] Compte choisi -> True
[2026-03-28 14:57:16] [INFO] Main Menu
[2026-03-28 14:57:16] [INFO] +------ Fin du jeux -----+
[2026-03-29 15:45:57] [INFO] 



+///////////////////////////////////////////////////////////////////////////+

                Démarrage de Nexus Extraction

+///////////////////////////////////////////////////////////////////////////+

[2026-03-29 15:45:57] [INFO] 
+---------------------------- Bienvenue ! ----------------------------+

Bienvenue dans Nexus Extraction. Si vous lisez ceci, c’est que vous vous
trouvez actuellement dans les logs du jeu. Si vous êtes un joueur lambda,
cette fenêtre ne vous intéressera pas, mais ne la fermez pas, car cette
action entraînera la fermeture du jeu.

En cas de problème ou de plantage du jeu, merci de contacter le développeur
à l’adresse e-mail suivante : mouyelv@sjb-liege.org
en joignant les fichiers de logs qui se trouvent dans le dossier "logs/".

Merci de jouer à Nexus Extraction et bon jeu ;)

+-------------------------------- LOGS --------------------------------+

[2026-03-29 15:45:57] [INFO] Main Menu
[2026-03-29 15:45:58] [INFO] Entrez dans compte
[2026-03-29 15:45:58] [INFO] Entrez dans load_menu avec le compte -> test1.json
[2026-03-29 15:45:58] [INFO] Chargement de title-> 1/329 | 0%
[2026-03-29 15:45:58] [INFO] Chargement de creator-> 2/329 | 0%
[2026-03-29 15:45:58] [INFO] Chargement de creator-> 2/329 | 0%
[2026-03-29 15:45:58] [INFO] Chargement de creator-> 2/329 | 0%
[2026-03-29 15:45:58] [INFO] Chargement de creator-> 2/329 | 0%
[2026-03-29 15:45:58] [INFO] Chargement de creator-> 2/329 | 0%
[2026-03-29 15:45:58] [INFO] Chargement de creator-> 2/329 | 0%
[2026-03-29 15:45:58] [INFO] Chargement de creator-> 2/329 | 0%
[2026-03-29 15:45:58] [INFO] Chargement de music_creator-> 3/329 | 0%
[2026-03-29 15:45:58] [INFO] Chargement de the_void-> 4/329 | 1%
[2026-03-29 15:45:58] [INFO] Chargement de the_void-> 4/329 | 1%
[2026-03-29 15:45:58] [INFO] Chargement de the_void_full-> 5/329 | 1%
[2026-03-29 15:45:58] [INFO] Chargement de the_void_full-> 5/329 | 1%
[2026-03-29 15:45:58] [INFO] Chargement de underground_1-> 6/329 | 1%
[2026-03-29 15:45:58] [INFO] Chargement de underground_2-> 7/329 | 2%
[2026-03-29 15:45:58] [INFO] Chargement de underground_2-> 7/329 | 2%
[2026-03-29 15:45:58] [INFO] Chargement de underground_2-> 7/329 | 2%
[2026-03-29 15:45:58] [INFO] Chargement de underground_2-> 7/329 | 2%
[2026-03-29 15:45:58] [INFO] Chargement de underground_2-> 7/329 | 2%
[2026-03-29 15:45:58] [INFO] Chargement de underground_2-> 7/329 | 2%
[2026-03-29 15:45:58] [INFO] Chargement de underground_2-> 7/329 | 2%
[2026-03-29 15:45:58] [INFO] Chargement de underground_2-> 7/329 | 2%
[2026-03-29 15:45:58] [INFO] Chargement de underground_3-> 8/329 | 2%
[2026-03-29 15:45:58] [INFO] Chargement de btn_play_menu-> 9/329 | 2%
[2026-03-29 15:45:58] [INFO] Chargement de btn_play_menu-> 9/329 | 2%
[2026-03-29 15:45:58] [INFO] Chargement de btn_play_menu-> 9/329 | 2%
[2026-03-29 15:45:58] [INFO] Chargement de btn_boutique_menu-> 10/329 | 3%
[2026-03-29 15:45:58] [INFO] Chargement de btn_boutique_menu-> 10/329 | 3%
[2026-03-29 15:45:58] [INFO] Chargement de btn_boutique_menu-> 10/329 | 3%
[2026-03-29 15:45:58] [INFO] Chargement de btn_option_menu-> 11/329 | 3%
[2026-03-29 15:45:58] [INFO] Chargement de btn_option_menu-> 11/329 | 3%
[2026-03-29 15:45:58] [INFO] Chargement de btn_option_menu-> 11/329 | 3%
[2026-03-29 15:45:58] [INFO] Chargement de btn_play-> 12/329 | 3%
[2026-03-29 15:45:58] [INFO] Chargement de btn_play-> 12/329 | 3%
[2026-03-29 15:45:58] [INFO] Chargement de btn_quitter-> 13/329 | 3%
[2026-03-29 15:45:58] [INFO] Chargement de btn_quitter-> 13/329 | 3%
[2026-03-29 15:45:58] [INFO] Chargement de btn_quitter-> 13/329 | 3%
[2026-03-29 15:45:58] [INFO] Chargement de btn_compte-> 14/329 | 4%
[2026-03-29 15:45:58] [INFO] Chargement de refresh_btn-> 15/329 | 4%
[2026-03-29 15:45:58] [INFO] Chargement de boutique_bg-> 17/329 | 5%
[2026-03-29 15:45:58] [INFO] Chargement de boutique_frame-> 18/329 | 5%
[2026-03-29 15:45:58] [INFO] Chargement de boutique_pression-> 20/329 | 6%
[2026-03-29 15:45:58] [INFO] Chargement de boutique_pression-> 20/329 | 6%
[2026-03-29 15:45:58] [INFO] Chargement de blue_storm-> 22/329 | 6%
[2026-03-29 15:45:58] [INFO] Chargement de pression_icon-> 24/329 | 7%
[2026-03-29 15:45:58] [INFO] Chargement de grass_block-> 26/329 | 7%
[2026-03-29 15:45:58] [INFO] Chargement de stairs-> 28/329 | 8%
[2026-03-29 15:45:58] [INFO] Chargement de emerald_ore-> 31/329 | 9%
[2026-03-29 15:45:58] [INFO] Chargement de oak_log-> 33/329 | 10%
[2026-03-29 15:45:58] [INFO] Chargement de oak_strairs_R-> 35/329 | 10%
[2026-03-29 15:45:58] [INFO] Chargement de coal_ore-> 37/329 | 11%
[2026-03-29 15:45:58] [INFO] Chargement de coal_block-> 39/329 | 11%
[2026-03-29 15:45:58] [INFO] Chargement de deepslate_diamond_ore-> 42/329 | 12%
[2026-03-29 15:45:58] [INFO] Chargement de cobbled_deepslate-> 44/329 | 13%
[2026-03-29 15:45:58] [INFO] Chargement de lapis_ore-> 46/329 | 13%
[2026-03-29 15:45:58] [INFO] Chargement de deepslate-> 48/329 | 14%
[2026-03-29 15:45:58] [INFO] Chargement de robot_0-> 51/329 | 15%
[2026-03-29 15:45:58] [INFO] Chargement de robot_2-> 53/329 | 16%
[2026-03-29 15:45:58] [INFO] Chargement de robot_5-> 56/329 | 17%
[2026-03-29 15:45:58] [INFO] Chargement de robot_8-> 59/329 | 17%
[2026-03-29 15:45:58] [INFO] Chargement de robot_40-> 62/329 | 18%
[2026-03-29 15:45:58] [INFO] Chargement de robot_90-> 65/329 | 19%
[2026-03-29 15:45:58] [INFO] Chargement de bird_0-> 67/329 | 20%
[2026-03-29 15:45:58] [INFO] Chargement de bird_3-> 70/329 | 21%
[2026-03-29 15:45:58] [INFO] Chargement de robot_3d_0001-> 71/329 | 21%
[2026-03-29 15:45:58] [INFO] Chargement de robot_3d_0002-> 72/329 | 21%
[2026-03-29 15:45:58] [INFO] Chargement de robot_3d_0003-> 73/329 | 22%
[2026-03-29 15:45:58] [INFO] Chargement de robot_3d_0004-> 74/329 | 22%
[2026-03-29 15:45:59] [INFO] Chargement de robot_3d_0005-> 75/329 | 22%
[2026-03-29 15:45:59] [INFO] Chargement de robot_3d_0006-> 76/329 | 23%
[2026-03-29 15:45:59] [INFO] Chargement de robot_3d_0007-> 77/329 | 23%
[2026-03-29 15:45:59] [INFO] Chargement de robot_3d_0008-> 78/329 | 23%
[2026-03-29 15:45:59] [INFO] Chargement de robot_3d_0009-> 79/329 | 24%
[2026-03-29 15:45:59] [INFO] Chargement de robot_3d_0010-> 80/329 | 24%
[2026-03-29 15:45:59] [INFO] Chargement de robot_3d_0011-> 81/329 | 24%
[2026-03-29 15:45:59] [INFO] Chargement de robot_3d_0012-> 82/329 | 24%
[2026-03-29 15:45:59] [INFO] Chargement de robot_3d_0013-> 83/329 | 25%
[2026-03-29 15:45:59] [INFO] Chargement de robot_3d_0014-> 84/329 | 25%
[2026-03-29 15:45:59] [INFO] Chargement de robot_3d_0015-> 85/329 | 25%
[2026-03-29 15:45:59] [INFO] Chargement de robot_3d_0016-> 86/329 | 26%
[2026-03-29 15:45:59] [INFO] Chargement de robot_3d_0017-> 87/329 | 26%
[2026-03-29 15:45:59] [INFO] Chargement de robot_3d_0018-> 88/329 | 26%
[2026-03-29 15:45:59] [INFO] Chargement de robot_3d_0019-> 89/329 | 27%
[2026-03-29 15:45:59] [INFO] Chargement de robot_3d_0020-> 90/329 | 27%
[2026-03-29 15:45:59] [INFO] Chargement de robot_3d_0021-> 91/329 | 27%
[2026-03-29 15:45:59] [INFO] Chargement de robot_3d_0022-> 92/329 | 27%
[2026-03-29 15:45:59] [INFO] Chargement de robot_3d_0023-> 93/329 | 28%
[2026-03-29 15:45:59] [INFO] Chargement de robot_3d_0024-> 94/329 | 28%
[2026-03-29 15:45:59] [INFO] Chargement de robot_3d_0025-> 95/329 | 28%
[2026-03-29 15:45:59] [INFO] Chargement de robot_3d_0026-> 96/329 | 29%
[2026-03-29 15:45:59] [INFO] Chargement de robot_3d_0027-> 97/329 | 29%
[2026-03-29 15:45:59] [INFO] Chargement de robot_3d_0028-> 98/329 | 29%
[2026-03-29 15:45:59] [INFO] Chargement de robot_3d_0029-> 99/329 | 30%
[2026-03-29 15:45:59] [INFO] Chargement de robot_3d_0030-> 100/329 | 30%
[2026-03-29 15:45:59] [INFO] Chargement de robot_3d_0031-> 101/329 | 30%
[2026-03-29 15:45:59] [INFO] Chargement de robot_3d_0032-> 102/329 | 31%
[2026-03-29 15:45:59] [INFO] Chargement de robot_3d_0033-> 103/329 | 31%
[2026-03-29 15:45:59] [INFO] Chargement de robot_3d_0034-> 104/329 | 31%
[2026-03-29 15:45:59] [INFO] Chargement de robot_3d_0035-> 105/329 | 31%
[2026-03-29 15:45:59] [INFO] Chargement de robot_3d_0036-> 106/329 | 32%
[2026-03-29 15:45:59] [INFO] Chargement de robot_3d_0037-> 107/329 | 32%
[2026-03-29 15:45:59] [INFO] Chargement de robot_3d_0038-> 108/329 | 32%
[2026-03-29 15:45:59] [INFO] Chargement de robot_3d_0039-> 109/329 | 33%
[2026-03-29 15:45:59] [INFO] Chargement de robot_3d_0040-> 110/329 | 33%
[2026-03-29 15:45:59] [INFO] Chargement de robot_3d_0041-> 111/329 | 33%
[2026-03-29 15:45:59] [INFO] Chargement de robot_3d_0042-> 112/329 | 34%
[2026-03-29 15:45:59] [INFO] Chargement de robot_3d_0043-> 113/329 | 34%
[2026-03-29 15:45:59] [INFO] Chargement de robot_3d_0044-> 114/329 | 34%
[2026-03-29 15:45:59] [INFO] Chargement de robot_3d_0045-> 115/329 | 34%
[2026-03-29 15:45:59] [INFO] Chargement de robot_3d_0046-> 116/329 | 35%
[2026-03-29 15:45:59] [INFO] Chargement de robot_3d_0047-> 117/329 | 35%
[2026-03-29 15:45:59] [INFO] Chargement de robot_3d_0048-> 118/329 | 35%
[2026-03-29 15:45:59] [INFO] Chargement de robot_3d_0049-> 119/329 | 36%
[2026-03-29 15:45:59] [INFO] Chargement de robot_3d_0050-> 120/329 | 36%
[2026-03-29 15:45:59] [INFO] Chargement de robot_3d_0051-> 121/329 | 36%
[2026-03-29 15:45:59] [INFO] Chargement de robot_3d_0052-> 122/329 | 37%
[2026-03-29 15:45:59] [INFO] Chargement de robot_3d_0053-> 123/329 | 37%
[2026-03-29 15:45:59] [INFO] Chargement de robot_3d_0054-> 124/329 | 37%
[2026-03-29 15:45:59] [INFO] Chargement de robot_3d_0055-> 125/329 | 37%
[2026-03-29 15:45:59] [INFO] Chargement de robot_3d_0056-> 126/329 | 38%
[2026-03-29 15:45:59] [INFO] Chargement de robot_3d_0057-> 127/329 | 38%
[2026-03-29 15:45:59] [INFO] Chargement de robot_3d_0058-> 128/329 | 38%
[2026-03-29 15:45:59] [INFO] Chargement de robot_3d_0059-> 129/329 | 39%
[2026-03-29 15:45:59] [INFO] Chargement de robot_3d_0060-> 130/329 | 39%
[2026-03-29 15:45:59] [INFO] Chargement de robot_3d_0061-> 131/329 | 39%
[2026-03-29 15:45:59] [INFO] Chargement de robot_3d_0062-> 132/329 | 40%
[2026-03-29 15:45:59] [INFO] Chargement de robot_3d_0063-> 133/329 | 40%
[2026-03-29 15:45:59] [INFO] Chargement de robot_3d_0064-> 134/329 | 40%
[2026-03-29 15:45:59] [INFO] Chargement de robot_3d_0065-> 135/329 | 41%
[2026-03-29 15:45:59] [INFO] Chargement de robot_3d_0066-> 136/329 | 41%
[2026-03-29 15:45:59] [INFO] Chargement de robot_3d_0067-> 137/329 | 41%
[2026-03-29 15:45:59] [INFO] Chargement de robot_3d_0068-> 138/329 | 41%
[2026-03-29 15:45:59] [INFO] Chargement de robot_3d_0069-> 139/329 | 42%
[2026-03-29 15:45:59] [INFO] Chargement de robot_3d_0070-> 140/329 | 42%
[2026-03-29 15:45:59] [INFO] Chargement de robot_3d_0071-> 141/329 | 42%
[2026-03-29 15:45:59] [INFO] Chargement de robot_3d_0072-> 142/329 | 43%
[2026-03-29 15:45:59] [INFO] Chargement de robot_3d_0073-> 143/329 | 43%
[2026-03-29 15:45:59] [INFO] Chargement de robot_3d_0074-> 144/329 | 43%
[2026-03-29 15:45:59] [INFO] Chargement de robot_3d_0075-> 145/329 | 44%
[2026-03-29 15:45:59] [INFO] Chargement de robot_3d_0076-> 146/329 | 44%
[2026-03-29 15:45:59] [INFO] Chargement de robot_3d_0077-> 147/329 | 44%
[2026-03-29 15:45:59] [INFO] Chargement de robot_3d_0078-> 148/329 | 44%
[2026-03-29 15:45:59] [INFO] Chargement de robot_3d_0079-> 149/329 | 45%
[2026-03-29 15:45:59] [INFO] Chargement de robot_3d_0080-> 150/329 | 45%
[2026-03-29 15:45:59] [INFO] Chargement de robot_3d_0081-> 151/329 | 45%
[2026-03-29 15:45:59] [INFO] Chargement de robot_3d_0082-> 152/329 | 46%
[2026-03-29 15:45:59] [INFO] Chargement de robot_3d_0083-> 153/329 | 46%
[2026-03-29 15:45:59] [INFO] Chargement de robot_3d_0084-> 154/329 | 46%
[2026-03-29 15:45:59] [INFO] Chargement de robot_3d_0085-> 155/329 | 47%
[2026-03-29 15:45:59] [INFO] Chargement de robot_3d_0086-> 156/329 | 47%
[2026-03-29 15:45:59] [INFO] Chargement de robot_3d_0087-> 157/329 | 47%
[2026-03-29 15:45:59] [INFO] Chargement de robot_3d_0088-> 158/329 | 48%
[2026-03-29 15:45:59] [INFO] Chargement de robot_3d_0089-> 159/329 | 48%
[2026-03-29 15:45:59] [INFO] Chargement de robot_3d_0090-> 160/329 | 48%
[2026-03-29 15:45:59] [INFO] Chargement de robot_3d_0091-> 161/329 | 48%
[2026-03-29 15:45:59] [INFO] Chargement de robot_3d_0092-> 162/329 | 49%
[2026-03-29 15:45:59] [INFO] Chargement de robot_3d_0093-> 163/329 | 49%
[2026-03-29 15:45:59] [INFO] Chargement de robot_3d_0094-> 164/329 | 49%
[2026-03-29 15:45:59] [INFO] Chargement de robot_3d_0095-> 165/329 | 50%
[2026-03-29 15:45:59] [INFO] Chargement de robot_3d_0096-> 166/329 | 50%
[2026-03-29 15:45:59] [INFO] Chargement de robot_3d_0097-> 167/329 | 50%
[2026-03-29 15:45:59] [INFO] Chargement de robot_3d_0098-> 168/329 | 51%
[2026-03-29 15:45:59] [INFO] Chargement de robot_3d_0099-> 169/329 | 51%
[2026-03-29 15:45:59] [INFO] Chargement de robot_3d_0100-> 170/329 | 51%
[2026-03-29 15:45:59] [INFO] Chargement de robot_3d_0101-> 171/329 | 51%
[2026-03-29 15:45:59] [INFO] Chargement de robot_3d_0102-> 172/329 | 52%
[2026-03-29 15:45:59] [INFO] Chargement de robot_3d_0103-> 173/329 | 52%
[2026-03-29 15:45:59] [INFO] Chargement de robot_3d_0104-> 174/329 | 52%
[2026-03-29 15:45:59] [INFO] Chargement de robot_3d_0105-> 175/329 | 53%
[2026-03-29 15:45:59] [INFO] Chargement de robot_3d_0106-> 176/329 | 53%
[2026-03-29 15:45:59] [INFO] Chargement de robot_3d_0107-> 177/329 | 53%
[2026-03-29 15:45:59] [INFO] Chargement de robot_3d_0108-> 178/329 | 54%
[2026-03-29 15:45:59] [INFO] Chargement de robot_3d_0109-> 179/329 | 54%
[2026-03-29 15:45:59] [INFO] Chargement de robot_3d_0110-> 180/329 | 54%
[2026-03-29 15:45:59] [INFO] Chargement de robot_3d_0111-> 181/329 | 55%
[2026-03-29 15:45:59] [INFO] Chargement de robot_3d_0112-> 182/329 | 55%
[2026-03-29 15:45:59] [INFO] Chargement de robot_3d_0113-> 183/329 | 55%
[2026-03-29 15:45:59] [INFO] Chargement de robot_3d_0114-> 184/329 | 55%
[2026-03-29 15:45:59] [INFO] Chargement de robot_3d_0115-> 185/329 | 56%
[2026-03-29 15:45:59] [INFO] Chargement de robot_3d_0116-> 186/329 | 56%
[2026-03-29 15:45:59] [INFO] Chargement de robot_3d_0117-> 187/329 | 56%
[2026-03-29 15:45:59] [INFO] Chargement de robot_3d_0118-> 188/329 | 57%
[2026-03-29 15:45:59] [INFO] Chargement de robot_3d_0119-> 189/329 | 57%
[2026-03-29 15:45:59] [INFO] Chargement de robot_3d_0120-> 190/329 | 57%
[2026-03-29 15:45:59] [INFO] Chargement de robot_3d_0121-> 191/329 | 58%
[2026-03-29 15:45:59] [INFO] Chargement de robot_3d_0122-> 192/329 | 58%
[2026-03-29 15:45:59] [INFO] Chargement de robot_3d_0123-> 193/329 | 58%
[2026-03-29 15:45:59] [INFO] Chargement de robot_3d_0124-> 194/329 | 58%
[2026-03-29 15:45:59] [INFO] Chargement de robot_3d_0125-> 195/329 | 59%
[2026-03-29 15:45:59] [INFO] Chargement de robot_3d_0126-> 196/329 | 59%
[2026-03-29 15:45:59] [INFO] Chargement de robot_3d_0127-> 197/329 | 59%
[2026-03-29 15:45:59] [INFO] Chargement de robot_3d_0128-> 198/329 | 60%
[2026-03-29 15:45:59] [INFO] Chargement de robot_3d_0129-> 199/329 | 60%
[2026-03-29 15:45:59] [INFO] Chargement de robot_3d_0130-> 200/329 | 60%
[2026-03-29 15:45:59] [INFO] Chargement de robot_3d_0131-> 201/329 | 61%
[2026-03-29 15:45:59] [INFO] Chargement de robot_3d_0132-> 202/329 | 61%
[2026-03-29 15:45:59] [INFO] Chargement de robot_3d_0133-> 203/329 | 61%
[2026-03-29 15:45:59] [INFO] Chargement de robot_3d_0134-> 204/329 | 62%
[2026-03-29 15:45:59] [INFO] Chargement de robot_3d_0135-> 205/329 | 62%
[2026-03-29 15:45:59] [INFO] Chargement de robot_3d_0136-> 206/329 | 62%
[2026-03-29 15:45:59] [INFO] Chargement de robot_3d_0137-> 207/329 | 62%
[2026-03-29 15:45:59] [INFO] Chargement de robot_3d_0138-> 208/329 | 63%
[2026-03-29 15:45:59] [INFO] Chargement de robot_3d_0139-> 209/329 | 63%
[2026-03-29 15:45:59] [INFO] Chargement de robot_3d_0140-> 210/329 | 63%
[2026-03-29 15:45:59] [INFO] Chargement de robot_3d_0141-> 211/329 | 64%
[2026-03-29 15:45:59] [INFO] Chargement de robot_3d_0142-> 212/329 | 64%
[2026-03-29 15:45:59] [INFO] Chargement de robot_3d_0143-> 213/329 | 64%
[2026-03-29 15:45:59] [INFO] Chargement de robot_3d_0144-> 214/329 | 65%
[2026-03-29 15:45:59] [INFO] Chargement de robot_3d_0145-> 215/329 | 65%
[2026-03-29 15:45:59] [INFO] Chargement de robot_3d_0146-> 216/329 | 65%
[2026-03-29 15:45:59] [INFO] Chargement de robot_3d_0147-> 217/329 | 65%
[2026-03-29 15:45:59] [INFO] Chargement de robot_3d_0148-> 218/329 | 66%
[2026-03-29 15:46:00] [INFO] Chargement de robot_3d_0149-> 219/329 | 66%
[2026-03-29 15:46:00] [INFO] Chargement de robot_3d_0150-> 220/329 | 66%
[2026-03-29 15:46:00] [INFO] Chargement de robot_3d_0151-> 221/329 | 67%
[2026-03-29 15:46:00] [INFO] Chargement de robot_3d_0152-> 222/329 | 67%
[2026-03-29 15:46:00] [INFO] Chargement de robot_3d_0153-> 223/329 | 67%
[2026-03-29 15:46:00] [INFO] Chargement de robot_3d_0154-> 224/329 | 68%
[2026-03-29 15:46:00] [INFO] Chargement de robot_3d_0155-> 225/329 | 68%
[2026-03-29 15:46:00] [INFO] Chargement de robot_3d_0156-> 226/329 | 68%
[2026-03-29 15:46:00] [INFO] Chargement de robot_3d_0157-> 227/329 | 68%
[2026-03-29 15:46:00] [INFO] Chargement de robot_3d_0158-> 228/329 | 69%
[2026-03-29 15:46:00] [INFO] Chargement de robot_3d_0159-> 229/329 | 69%
[2026-03-29 15:46:00] [INFO] Chargement de robot_3d_0160-> 230/329 | 69%
[2026-03-29 15:46:00] [INFO] Chargement de robot_3d_0161-> 231/329 | 70%
[2026-03-29 15:46:00] [INFO] Chargement de robot_3d_0162-> 232/329 | 70%
[2026-03-29 15:46:00] [INFO] Chargement de robot_3d_0163-> 233/329 | 70%
[2026-03-29 15:46:00] [INFO] Chargement de robot_3d_0164-> 234/329 | 71%
[2026-03-29 15:46:00] [INFO] Chargement de robot_3d_0165-> 235/329 | 71%
[2026-03-29 15:46:00] [INFO] Chargement de robot_3d_0166-> 236/329 | 71%
[2026-03-29 15:46:00] [INFO] Chargement de robot_3d_0167-> 237/329 | 72%
[2026-03-29 15:46:00] [INFO] Chargement de robot_3d_0168-> 238/329 | 72%
[2026-03-29 15:46:00] [INFO] Chargement de robot_3d_0169-> 239/329 | 72%
[2026-03-29 15:46:00] [INFO] Chargement de robot_3d_0170-> 240/329 | 72%
[2026-03-29 15:46:00] [INFO] Chargement de robot_3d_0171-> 241/329 | 73%
[2026-03-29 15:46:00] [INFO] Chargement de robot_3d_0172-> 242/329 | 73%
[2026-03-29 15:46:00] [INFO] Chargement de robot_3d_0173-> 243/329 | 73%
[2026-03-29 15:46:00] [INFO] Chargement de robot_3d_0174-> 244/329 | 74%
[2026-03-29 15:46:00] [INFO] Chargement de robot_3d_0175-> 245/329 | 74%
[2026-03-29 15:46:00] [INFO] Chargement de robot_3d_0176-> 246/329 | 74%
[2026-03-29 15:46:00] [INFO] Chargement de robot_3d_0177-> 247/329 | 75%
[2026-03-29 15:46:00] [INFO] Chargement de robot_3d_0178-> 248/329 | 75%
[2026-03-29 15:46:00] [INFO] Chargement de robot_3d_0179-> 249/329 | 75%
[2026-03-29 15:46:00] [INFO] Chargement de robot_3d_0180-> 250/329 | 75%
[2026-03-29 15:46:00] [INFO] Chargement de robot_3d_0181-> 251/329 | 76%
[2026-03-29 15:46:00] [INFO] Chargement de robot_3d_0182-> 252/329 | 76%
[2026-03-29 15:46:00] [INFO] Chargement de robot_3d_0183-> 253/329 | 76%
[2026-03-29 15:46:00] [INFO] Chargement de robot_3d_0184-> 254/329 | 77%
[2026-03-29 15:46:00] [INFO] Chargement de robot_3d_0185-> 255/329 | 77%
[2026-03-29 15:46:00] [INFO] Chargement de robot_3d_0186-> 256/329 | 77%
[2026-03-29 15:46:00] [INFO] Chargement de robot_3d_0187-> 257/329 | 78%
[2026-03-29 15:46:00] [INFO] Chargement de robot_3d_0188-> 258/329 | 78%
[2026-03-29 15:46:00] [INFO] Chargement de robot_3d_0189-> 259/329 | 78%
[2026-03-29 15:46:00] [INFO] Chargement de robot_3d_0190-> 260/329 | 79%
[2026-03-29 15:46:00] [INFO] Chargement de water_4-> 315/329 | 95%
[2026-03-29 15:46:00] [INFO] Chargement de water_6-> 317/329 | 96%
[2026-03-29 15:46:00] [INFO] Chargement de lava_0-> 319/329 | 96%
[2026-03-29 15:46:00] [INFO] Chargement de lava_2-> 321/329 | 97%
[2026-03-29 15:46:00] [INFO] Chargement de lava_4-> 323/329 | 98%
[2026-03-29 15:46:00] [INFO] Chargement de lava_7-> 326/329 | 99%
[2026-03-29 15:46:00] [INFO] Chargement de rocket_1-> 328/329 | 99%
[2026-03-29 15:46:00] [INFO] Assets chargés, redirect vers play_menu
[2026-03-29 15:46:00] [INFO] Entrez dans play_menu avec le compte test1.json
[2026-03-29 15:46:17] [ERROR] play ->
Traceback (most recent call last):
  File "g:\informatique_tfe\tfe\src\data\object\games\play.py", line 252, in play
    maps,new_maps_check = robot.update(maps, collision_tiles)
                          ^^^^^^^^^^^^^^^^^^^^^^^^^^^^^^^^^^^
  File "g:\informatique_tfe\tfe\src\data\object\personnages\robot.py", line 203, in update
    maps = self.move_input(maps, collision_tiles)
           ^^^^^^^^^^^^^^^^^^^^^^^^^^^^^^^^^^^^^^
  File "g:\informatique_tfe\tfe\src\data\object\personnages\robot.py", line 179, in move_input
    self.remove_energy(1)
  File "g:\informatique_tfe\tfe\src\data\object\personnages\robot.py", line 71, in remove_energy
    self.end()
  File "g:\informatique_tfe\tfe\src\data\object\personnages\robot.py", line 66, in end
    finish_menu(self.collected_resources, self.compte_file, self.asset_manager)
  File "g:\informatique_tfe\tfe\src\data\object\games\finish_menu.py", line 46, in finish_menu
    reward_final+= reward[str(block_list_str[i])]*REWARD_VALEUR[str(block_list_str[i])]
                                                  ~~~~~~~~~~~~~^^^^^^^^^^^^^^^^^^^^^^^^
KeyError: 'coal_block'
[2026-03-29 15:46:19] [INFO] Compte choisi -> True
[2026-03-29 15:46:19] [INFO] Main Menu
[2026-03-29 15:46:19] [INFO] +------ Fin du jeux -----+
[2026-03-29 15:47:29] [INFO] 



+///////////////////////////////////////////////////////////////////////////+

                Démarrage de Nexus Extraction

+///////////////////////////////////////////////////////////////////////////+

[2026-03-29 15:47:29] [INFO] 
+---------------------------- Bienvenue ! ----------------------------+

Bienvenue dans Nexus Extraction. Si vous lisez ceci, c’est que vous vous
trouvez actuellement dans les logs du jeu. Si vous êtes un joueur lambda,
cette fenêtre ne vous intéressera pas, mais ne la fermez pas, car cette
action entraînera la fermeture du jeu.

En cas de problème ou de plantage du jeu, merci de contacter le développeur
à l’adresse e-mail suivante : mouyelv@sjb-liege.org
en joignant les fichiers de logs qui se trouvent dans le dossier "logs/".

Merci de jouer à Nexus Extraction et bon jeu ;)

+-------------------------------- LOGS --------------------------------+

[2026-03-29 15:47:29] [INFO] Main Menu
[2026-03-29 15:47:30] [INFO] Entrez dans compte
[2026-03-29 15:47:30] [INFO] Entrez dans load_menu avec le compte -> test1.json
[2026-03-29 15:47:30] [INFO] Chargement de title-> 1/329 | 0%
[2026-03-29 15:47:30] [INFO] Chargement de creator-> 2/329 | 0%
[2026-03-29 15:47:30] [INFO] Chargement de music_creator-> 3/329 | 0%
[2026-03-29 15:47:30] [INFO] Chargement de the_void-> 4/329 | 1%
[2026-03-29 15:47:30] [INFO] Chargement de the_void-> 4/329 | 1%
[2026-03-29 15:47:30] [INFO] Chargement de the_void_full-> 5/329 | 1%
[2026-03-29 15:47:30] [INFO] Chargement de the_void_full-> 5/329 | 1%
[2026-03-29 15:47:30] [INFO] Chargement de underground_1-> 6/329 | 1%
[2026-03-29 15:47:30] [INFO] Chargement de underground_1-> 6/329 | 1%
[2026-03-29 15:47:30] [INFO] Chargement de underground_2-> 7/329 | 2%
[2026-03-29 15:47:30] [INFO] Chargement de underground_2-> 7/329 | 2%
[2026-03-29 15:47:30] [INFO] Chargement de underground_3-> 8/329 | 2%
[2026-03-29 15:47:30] [INFO] Chargement de underground_3-> 8/329 | 2%
[2026-03-29 15:47:30] [INFO] Chargement de btn_play_menu-> 9/329 | 2%
[2026-03-29 15:47:30] [INFO] Chargement de btn_play_menu-> 9/329 | 2%
[2026-03-29 15:47:30] [INFO] Chargement de btn_boutique_menu-> 10/329 | 3%
[2026-03-29 15:47:30] [INFO] Chargement de btn_boutique_menu-> 10/329 | 3%
[2026-03-29 15:47:30] [INFO] Chargement de btn_boutique_menu-> 10/329 | 3%
[2026-03-29 15:47:30] [INFO] Chargement de btn_option_menu-> 11/329 | 3%
[2026-03-29 15:47:30] [INFO] Chargement de btn_option_menu-> 11/329 | 3%
[2026-03-29 15:47:30] [INFO] Chargement de btn_option_menu-> 11/329 | 3%
[2026-03-29 15:47:30] [INFO] Chargement de btn_play-> 12/329 | 3%
[2026-03-29 15:47:30] [INFO] Chargement de btn_play-> 12/329 | 3%
[2026-03-29 15:47:30] [INFO] Chargement de btn_play-> 12/329 | 3%
[2026-03-29 15:47:30] [INFO] Chargement de btn_quitter-> 13/329 | 3%
[2026-03-29 15:47:30] [INFO] Chargement de btn_quitter-> 13/329 | 3%
[2026-03-29 15:47:30] [INFO] Chargement de btn_quitter-> 13/329 | 3%
[2026-03-29 15:47:30] [INFO] Chargement de refresh_btn-> 15/329 | 4%
[2026-03-29 15:47:30] [INFO] Chargement de boutique_bg-> 17/329 | 5%
[2026-03-29 15:47:30] [INFO] Chargement de boutique_energy-> 19/329 | 5%
[2026-03-29 15:47:30] [INFO] Chargement de boutique_pression-> 20/329 | 6%
[2026-03-29 15:47:30] [INFO] Chargement de danger-> 23/329 | 6%
[2026-03-29 15:47:30] [INFO] Chargement de pression_icon-> 24/329 | 7%
[2026-03-29 15:47:30] [INFO] Chargement de bedrock-> 34/329 | 10%
[2026-03-29 15:47:30] [INFO] Chargement de deepslate_coal_ore-> 38/329 | 11%
[2026-03-29 15:47:31] [INFO] Chargement de cobbled_deepslate-> 44/329 | 13%
[2026-03-29 15:47:31] [INFO] Chargement de robot_1-> 52/329 | 15%
[2026-03-29 15:47:31] [INFO] Chargement de robot_30-> 61/329 | 18%
[2026-03-29 15:47:31] [INFO] Chargement de bird_1-> 68/329 | 20%
[2026-03-29 15:47:31] [INFO] Chargement de robot_3d_0001-> 71/329 | 21%
[2026-03-29 15:47:31] [INFO] Chargement de robot_3d_0002-> 72/329 | 21%
[2026-03-29 15:47:31] [INFO] Chargement de robot_3d_0003-> 73/329 | 22%
[2026-03-29 15:47:31] [INFO] Chargement de robot_3d_0004-> 74/329 | 22%
[2026-03-29 15:47:31] [INFO] Chargement de robot_3d_0005-> 75/329 | 22%
[2026-03-29 15:47:31] [INFO] Chargement de robot_3d_0006-> 76/329 | 23%
[2026-03-29 15:47:31] [INFO] Chargement de robot_3d_0007-> 77/329 | 23%
[2026-03-29 15:47:31] [INFO] Chargement de robot_3d_0008-> 78/329 | 23%
[2026-03-29 15:47:31] [INFO] Chargement de robot_3d_0009-> 79/329 | 24%
[2026-03-29 15:47:31] [INFO] Chargement de robot_3d_0010-> 80/329 | 24%
[2026-03-29 15:47:31] [INFO] Chargement de robot_3d_0011-> 81/329 | 24%
[2026-03-29 15:47:31] [INFO] Chargement de robot_3d_0012-> 82/329 | 24%
[2026-03-29 15:47:31] [INFO] Chargement de robot_3d_0013-> 83/329 | 25%
[2026-03-29 15:47:31] [INFO] Chargement de robot_3d_0014-> 84/329 | 25%
[2026-03-29 15:47:31] [INFO] Chargement de robot_3d_0015-> 85/329 | 25%
[2026-03-29 15:47:31] [INFO] Chargement de robot_3d_0016-> 86/329 | 26%
[2026-03-29 15:47:31] [INFO] Chargement de robot_3d_0017-> 87/329 | 26%
[2026-03-29 15:47:31] [INFO] Chargement de robot_3d_0018-> 88/329 | 26%
[2026-03-29 15:47:31] [INFO] Chargement de robot_3d_0019-> 89/329 | 27%
[2026-03-29 15:47:31] [INFO] Chargement de robot_3d_0020-> 90/329 | 27%
[2026-03-29 15:47:31] [INFO] Chargement de robot_3d_0021-> 91/329 | 27%
[2026-03-29 15:47:31] [INFO] Chargement de robot_3d_0023-> 93/329 | 28%
[2026-03-29 15:47:31] [INFO] Chargement de robot_3d_0025-> 95/329 | 28%
[2026-03-29 15:47:31] [INFO] Chargement de robot_3d_0026-> 96/329 | 29%
[2026-03-29 15:47:31] [INFO] Chargement de robot_3d_0027-> 97/329 | 29%
[2026-03-29 15:47:31] [INFO] Chargement de robot_3d_0028-> 98/329 | 29%
[2026-03-29 15:47:31] [INFO] Chargement de robot_3d_0029-> 99/329 | 30%
[2026-03-29 15:47:31] [INFO] Chargement de robot_3d_0030-> 100/329 | 30%
[2026-03-29 15:47:31] [INFO] Chargement de robot_3d_0031-> 101/329 | 30%
[2026-03-29 15:47:31] [INFO] Chargement de robot_3d_0032-> 102/329 | 31%
[2026-03-29 15:47:31] [INFO] Chargement de robot_3d_0033-> 103/329 | 31%
[2026-03-29 15:47:31] [INFO] Chargement de robot_3d_0034-> 104/329 | 31%
[2026-03-29 15:47:31] [INFO] Chargement de robot_3d_0035-> 105/329 | 31%
[2026-03-29 15:47:31] [INFO] Chargement de robot_3d_0036-> 106/329 | 32%
[2026-03-29 15:47:31] [INFO] Chargement de robot_3d_0037-> 107/329 | 32%
[2026-03-29 15:47:31] [INFO] Chargement de robot_3d_0038-> 108/329 | 32%
[2026-03-29 15:47:31] [INFO] Chargement de robot_3d_0039-> 109/329 | 33%
[2026-03-29 15:47:31] [INFO] Chargement de robot_3d_0040-> 110/329 | 33%
[2026-03-29 15:47:31] [INFO] Chargement de robot_3d_0041-> 111/329 | 33%
[2026-03-29 15:47:31] [INFO] Chargement de robot_3d_0042-> 112/329 | 34%
[2026-03-29 15:47:31] [INFO] Chargement de robot_3d_0043-> 113/329 | 34%
[2026-03-29 15:47:31] [INFO] Chargement de robot_3d_0044-> 114/329 | 34%
[2026-03-29 15:47:31] [INFO] Chargement de robot_3d_0045-> 115/329 | 34%
[2026-03-29 15:47:31] [INFO] Chargement de robot_3d_0046-> 116/329 | 35%
[2026-03-29 15:47:31] [INFO] Chargement de robot_3d_0047-> 117/329 | 35%
[2026-03-29 15:47:31] [INFO] Chargement de robot_3d_0048-> 118/329 | 35%
[2026-03-29 15:47:31] [INFO] Chargement de robot_3d_0049-> 119/329 | 36%
[2026-03-29 15:47:31] [INFO] Chargement de robot_3d_0050-> 120/329 | 36%
[2026-03-29 15:47:31] [INFO] Chargement de robot_3d_0051-> 121/329 | 36%
[2026-03-29 15:47:31] [INFO] Chargement de robot_3d_0052-> 122/329 | 37%
[2026-03-29 15:47:31] [INFO] Chargement de robot_3d_0053-> 123/329 | 37%
[2026-03-29 15:47:31] [INFO] Chargement de robot_3d_0054-> 124/329 | 37%
[2026-03-29 15:47:31] [INFO] Chargement de robot_3d_0055-> 125/329 | 37%
[2026-03-29 15:47:31] [INFO] Chargement de robot_3d_0056-> 126/329 | 38%
[2026-03-29 15:47:31] [INFO] Chargement de robot_3d_0057-> 127/329 | 38%
[2026-03-29 15:47:31] [INFO] Chargement de robot_3d_0058-> 128/329 | 38%
[2026-03-29 15:47:31] [INFO] Chargement de robot_3d_0059-> 129/329 | 39%
[2026-03-29 15:47:31] [INFO] Chargement de robot_3d_0060-> 130/329 | 39%
[2026-03-29 15:47:31] [INFO] Chargement de robot_3d_0061-> 131/329 | 39%
[2026-03-29 15:47:31] [INFO] Chargement de robot_3d_0062-> 132/329 | 40%
[2026-03-29 15:47:31] [INFO] Chargement de robot_3d_0063-> 133/329 | 40%
[2026-03-29 15:47:31] [INFO] Chargement de robot_3d_0064-> 134/329 | 40%
[2026-03-29 15:47:31] [INFO] Chargement de robot_3d_0065-> 135/329 | 41%
[2026-03-29 15:47:31] [INFO] Chargement de robot_3d_0066-> 136/329 | 41%
[2026-03-29 15:47:31] [INFO] Chargement de robot_3d_0067-> 137/329 | 41%
[2026-03-29 15:47:31] [INFO] Chargement de robot_3d_0068-> 138/329 | 41%
[2026-03-29 15:47:31] [INFO] Chargement de robot_3d_0069-> 139/329 | 42%
[2026-03-29 15:47:31] [INFO] Chargement de robot_3d_0070-> 140/329 | 42%
[2026-03-29 15:47:31] [INFO] Chargement de robot_3d_0071-> 141/329 | 42%
[2026-03-29 15:47:31] [INFO] Chargement de robot_3d_0072-> 142/329 | 43%
[2026-03-29 15:47:31] [INFO] Chargement de robot_3d_0073-> 143/329 | 43%
[2026-03-29 15:47:31] [INFO] Chargement de robot_3d_0074-> 144/329 | 43%
[2026-03-29 15:47:31] [INFO] Chargement de robot_3d_0075-> 145/329 | 44%
[2026-03-29 15:47:31] [INFO] Chargement de robot_3d_0076-> 146/329 | 44%
[2026-03-29 15:47:31] [INFO] Chargement de robot_3d_0077-> 147/329 | 44%
[2026-03-29 15:47:31] [INFO] Chargement de robot_3d_0078-> 148/329 | 44%
[2026-03-29 15:47:31] [INFO] Chargement de robot_3d_0079-> 149/329 | 45%
[2026-03-29 15:47:31] [INFO] Chargement de robot_3d_0080-> 150/329 | 45%
[2026-03-29 15:47:31] [INFO] Chargement de robot_3d_0081-> 151/329 | 45%
[2026-03-29 15:47:31] [INFO] Chargement de robot_3d_0082-> 152/329 | 46%
[2026-03-29 15:47:31] [INFO] Chargement de robot_3d_0083-> 153/329 | 46%
[2026-03-29 15:47:31] [INFO] Chargement de robot_3d_0084-> 154/329 | 46%
[2026-03-29 15:47:31] [INFO] Chargement de robot_3d_0085-> 155/329 | 47%
[2026-03-29 15:47:31] [INFO] Chargement de robot_3d_0086-> 156/329 | 47%
[2026-03-29 15:47:31] [INFO] Chargement de robot_3d_0087-> 157/329 | 47%
[2026-03-29 15:47:31] [INFO] Chargement de robot_3d_0088-> 158/329 | 48%
[2026-03-29 15:47:31] [INFO] Chargement de robot_3d_0089-> 159/329 | 48%
[2026-03-29 15:47:31] [INFO] Chargement de robot_3d_0090-> 160/329 | 48%
[2026-03-29 15:47:31] [INFO] Chargement de robot_3d_0091-> 161/329 | 48%
[2026-03-29 15:47:31] [INFO] Chargement de robot_3d_0092-> 162/329 | 49%
[2026-03-29 15:47:31] [INFO] Chargement de robot_3d_0093-> 163/329 | 49%
[2026-03-29 15:47:31] [INFO] Chargement de robot_3d_0094-> 164/329 | 49%
[2026-03-29 15:47:31] [INFO] Chargement de robot_3d_0095-> 165/329 | 50%
[2026-03-29 15:47:31] [INFO] Chargement de robot_3d_0096-> 166/329 | 50%
[2026-03-29 15:47:31] [INFO] Chargement de robot_3d_0097-> 167/329 | 50%
[2026-03-29 15:47:31] [INFO] Chargement de robot_3d_0098-> 168/329 | 51%
[2026-03-29 15:47:31] [INFO] Chargement de robot_3d_0099-> 169/329 | 51%
[2026-03-29 15:47:31] [INFO] Chargement de robot_3d_0100-> 170/329 | 51%
[2026-03-29 15:47:31] [INFO] Chargement de robot_3d_0101-> 171/329 | 51%
[2026-03-29 15:47:31] [INFO] Chargement de robot_3d_0102-> 172/329 | 52%
[2026-03-29 15:47:31] [INFO] Chargement de robot_3d_0103-> 173/329 | 52%
[2026-03-29 15:47:31] [INFO] Chargement de robot_3d_0104-> 174/329 | 52%
[2026-03-29 15:47:31] [INFO] Chargement de robot_3d_0105-> 175/329 | 53%
[2026-03-29 15:47:31] [INFO] Chargement de robot_3d_0106-> 176/329 | 53%
[2026-03-29 15:47:31] [INFO] Chargement de robot_3d_0107-> 177/329 | 53%
[2026-03-29 15:47:31] [INFO] Chargement de robot_3d_0108-> 178/329 | 54%
[2026-03-29 15:47:31] [INFO] Chargement de robot_3d_0109-> 179/329 | 54%
[2026-03-29 15:47:31] [INFO] Chargement de robot_3d_0110-> 180/329 | 54%
[2026-03-29 15:47:31] [INFO] Chargement de robot_3d_0111-> 181/329 | 55%
[2026-03-29 15:47:31] [INFO] Chargement de robot_3d_0112-> 182/329 | 55%
[2026-03-29 15:47:31] [INFO] Chargement de robot_3d_0113-> 183/329 | 55%
[2026-03-29 15:47:31] [INFO] Chargement de robot_3d_0114-> 184/329 | 55%
[2026-03-29 15:47:31] [INFO] Chargement de robot_3d_0115-> 185/329 | 56%
[2026-03-29 15:47:31] [INFO] Chargement de robot_3d_0116-> 186/329 | 56%
[2026-03-29 15:47:31] [INFO] Chargement de robot_3d_0117-> 187/329 | 56%
[2026-03-29 15:47:31] [INFO] Chargement de robot_3d_0118-> 188/329 | 57%
[2026-03-29 15:47:31] [INFO] Chargement de robot_3d_0119-> 189/329 | 57%
[2026-03-29 15:47:31] [INFO] Chargement de robot_3d_0120-> 190/329 | 57%
[2026-03-29 15:47:31] [INFO] Chargement de robot_3d_0121-> 191/329 | 58%
[2026-03-29 15:47:31] [INFO] Chargement de robot_3d_0122-> 192/329 | 58%
[2026-03-29 15:47:31] [INFO] Chargement de robot_3d_0123-> 193/329 | 58%
[2026-03-29 15:47:31] [INFO] Chargement de robot_3d_0124-> 194/329 | 58%
[2026-03-29 15:47:31] [INFO] Chargement de robot_3d_0125-> 195/329 | 59%
[2026-03-29 15:47:31] [INFO] Chargement de robot_3d_0126-> 196/329 | 59%
[2026-03-29 15:47:31] [INFO] Chargement de robot_3d_0127-> 197/329 | 59%
[2026-03-29 15:47:31] [INFO] Chargement de robot_3d_0128-> 198/329 | 60%
[2026-03-29 15:47:31] [INFO] Chargement de robot_3d_0129-> 199/329 | 60%
[2026-03-29 15:47:31] [INFO] Chargement de robot_3d_0130-> 200/329 | 60%
[2026-03-29 15:47:31] [INFO] Chargement de robot_3d_0131-> 201/329 | 61%
[2026-03-29 15:47:31] [INFO] Chargement de robot_3d_0132-> 202/329 | 61%
[2026-03-29 15:47:31] [INFO] Chargement de robot_3d_0133-> 203/329 | 61%
[2026-03-29 15:47:31] [INFO] Chargement de robot_3d_0134-> 204/329 | 62%
[2026-03-29 15:47:31] [INFO] Chargement de robot_3d_0135-> 205/329 | 62%
[2026-03-29 15:47:31] [INFO] Chargement de robot_3d_0136-> 206/329 | 62%
[2026-03-29 15:47:31] [INFO] Chargement de robot_3d_0137-> 207/329 | 62%
[2026-03-29 15:47:31] [INFO] Chargement de robot_3d_0138-> 208/329 | 63%
[2026-03-29 15:47:31] [INFO] Chargement de robot_3d_0139-> 209/329 | 63%
[2026-03-29 15:47:31] [INFO] Chargement de robot_3d_0140-> 210/329 | 63%
[2026-03-29 15:47:31] [INFO] Chargement de robot_3d_0141-> 211/329 | 64%
[2026-03-29 15:47:31] [INFO] Chargement de robot_3d_0142-> 212/329 | 64%
[2026-03-29 15:47:31] [INFO] Chargement de robot_3d_0143-> 213/329 | 64%
[2026-03-29 15:47:31] [INFO] Chargement de robot_3d_0144-> 214/329 | 65%
[2026-03-29 15:47:31] [INFO] Chargement de robot_3d_0145-> 215/329 | 65%
[2026-03-29 15:47:31] [INFO] Chargement de robot_3d_0146-> 216/329 | 65%
[2026-03-29 15:47:31] [INFO] Chargement de robot_3d_0147-> 217/329 | 65%
[2026-03-29 15:47:31] [INFO] Chargement de robot_3d_0148-> 218/329 | 66%
[2026-03-29 15:47:31] [INFO] Chargement de robot_3d_0149-> 219/329 | 66%
[2026-03-29 15:47:31] [INFO] Chargement de robot_3d_0150-> 220/329 | 66%
[2026-03-29 15:47:31] [INFO] Chargement de robot_3d_0151-> 221/329 | 67%
[2026-03-29 15:47:31] [INFO] Chargement de robot_3d_0152-> 222/329 | 67%
[2026-03-29 15:47:31] [INFO] Chargement de robot_3d_0153-> 223/329 | 67%
[2026-03-29 15:47:31] [INFO] Chargement de robot_3d_0154-> 224/329 | 68%
[2026-03-29 15:47:31] [INFO] Assets chargés, redirect vers play_menu
[2026-03-29 15:47:31] [INFO] Entrez dans play_menu avec le compte test1.json
[2026-03-29 15:47:44] [ERROR] play_menu ->
Traceback (most recent call last):
  File "g:\informatique_tfe\tfe\src\data\object\games\play_menu.py", line 77, in play_menu
    keys = pygame.key.get_pressed()
           ^^^^^^^^^^^^^^^^^^^^^^^^
pygame.error: video system not initialized
[2026-03-29 15:47:44] [INFO] Compte choisi -> True
[2026-03-29 15:47:44] [INFO] Main Menu
[2026-03-29 15:47:45] [INFO] +------ Fin du jeux -----+
[2026-03-29 15:57:38] [INFO] 



+///////////////////////////////////////////////////////////////////////////+

                Démarrage de Nexus Extraction

+///////////////////////////////////////////////////////////////////////////+

[2026-03-29 15:57:38] [INFO] 
+---------------------------- Bienvenue ! ----------------------------+

Bienvenue dans Nexus Extraction. Si vous lisez ceci, c’est que vous vous
trouvez actuellement dans les logs du jeu. Si vous êtes un joueur lambda,
cette fenêtre ne vous intéressera pas, mais ne la fermez pas, car cette
action entraînera la fermeture du jeu.

En cas de problème ou de plantage du jeu, merci de contacter le développeur
à l’adresse e-mail suivante : mouyelv@sjb-liege.org
en joignant les fichiers de logs qui se trouvent dans le dossier "logs/".

Merci de jouer à Nexus Extraction et bon jeu ;)

+-------------------------------- LOGS --------------------------------+

[2026-03-29 15:57:38] [INFO] Main Menu
[2026-03-29 15:57:39] [INFO] Entrez dans compte
[2026-03-29 15:57:39] [INFO] Entrez dans load_menu avec le compte -> test1.json
[2026-03-29 15:57:39] [INFO] Chargement de title-> 1/331 | 0%
[2026-03-29 15:57:39] [INFO] Chargement de creator-> 2/331 | 0%
[2026-03-29 15:57:39] [INFO] Chargement de music_creator-> 3/331 | 0%
[2026-03-29 15:57:39] [INFO] Chargement de the_void-> 4/331 | 1%
[2026-03-29 15:57:39] [INFO] Chargement de the_void_full-> 5/331 | 1%
[2026-03-29 15:57:39] [INFO] Chargement de the_void_full-> 5/331 | 1%
[2026-03-29 15:57:39] [INFO] Chargement de underground_1-> 6/331 | 1%
[2026-03-29 15:57:39] [INFO] Chargement de underground_2-> 7/331 | 2%
[2026-03-29 15:57:39] [INFO] Chargement de underground_2-> 7/331 | 2%
[2026-03-29 15:57:39] [INFO] Chargement de underground_3-> 8/331 | 2%
[2026-03-29 15:57:39] [INFO] Chargement de underground_3-> 8/331 | 2%
[2026-03-29 15:57:39] [INFO] Chargement de btn_play_menu-> 9/331 | 2%
[2026-03-29 15:57:39] [INFO] Chargement de btn_play_menu-> 9/331 | 2%
[2026-03-29 15:57:39] [INFO] Chargement de btn_boutique_menu-> 10/331 | 3%
[2026-03-29 15:57:39] [INFO] Chargement de btn_boutique_menu-> 10/331 | 3%
[2026-03-29 15:57:39] [INFO] Chargement de btn_boutique_menu-> 10/331 | 3%
[2026-03-29 15:57:39] [INFO] Chargement de btn_option_menu-> 11/331 | 3%
[2026-03-29 15:57:39] [INFO] Chargement de btn_option_menu-> 11/331 | 3%
[2026-03-29 15:57:39] [INFO] Chargement de btn_option_menu-> 11/331 | 3%
[2026-03-29 15:57:40] [INFO] Chargement de btn_play-> 12/331 | 3%
[2026-03-29 15:57:40] [INFO] Chargement de btn_play-> 12/331 | 3%
[2026-03-29 15:57:40] [INFO] Chargement de btn_play-> 12/331 | 3%
[2026-03-29 15:57:40] [INFO] Chargement de btn_quitter-> 13/331 | 3%
[2026-03-29 15:57:40] [INFO] Chargement de btn_quitter-> 13/331 | 3%
[2026-03-29 15:57:40] [INFO] Chargement de btn_quitter-> 13/331 | 3%
[2026-03-29 15:57:40] [INFO] Chargement de btn_compte-> 14/331 | 4%
[2026-03-29 15:57:40] [INFO] Chargement de refresh_btn-> 15/331 | 4%
[2026-03-29 15:57:40] [INFO] Chargement de boutique_bg-> 17/331 | 5%
[2026-03-29 15:57:40] [INFO] Chargement de boutique_bg-> 17/331 | 5%
[2026-03-29 15:57:40] [INFO] Chargement de boutique_energy-> 19/331 | 5%
[2026-03-29 15:57:40] [INFO] Chargement de boutique_pression-> 20/331 | 6%
[2026-03-29 15:57:40] [INFO] Chargement de blue_storm-> 22/331 | 6%
[2026-03-29 15:57:40] [INFO] Chargement de pression_icon-> 24/331 | 7%
[2026-03-29 15:57:40] [INFO] Chargement de stairs-> 28/331 | 8%
[2026-03-29 15:57:40] [INFO] Chargement de oak_log-> 33/331 | 9%
[2026-03-29 15:57:40] [INFO] Chargement de deepslate_coal_ore-> 38/331 | 11%
[2026-03-29 15:57:40] [INFO] Chargement de deepslate_emerald_ore-> 43/331 | 12%
[2026-03-29 15:57:40] [INFO] Chargement de crying_obsidian-> 49/331 | 14%
[2026-03-29 15:57:40] [INFO] Chargement de robot_0-> 53/331 | 16%
[2026-03-29 15:57:40] [INFO] Chargement de robot_6-> 59/331 | 17%
[2026-03-29 15:57:40] [INFO] Chargement de robot_30-> 63/331 | 19%
[2026-03-29 15:57:40] [INFO] Chargement de bird_0-> 69/331 | 20%
[2026-03-29 15:57:40] [INFO] Chargement de robot_3d_0001-> 73/331 | 22%
[2026-03-29 15:57:40] [INFO] Chargement de robot_3d_0002-> 74/331 | 22%
[2026-03-29 15:57:40] [INFO] Chargement de robot_3d_0003-> 75/331 | 22%
[2026-03-29 15:57:40] [INFO] Chargement de robot_3d_0004-> 76/331 | 22%
[2026-03-29 15:57:40] [INFO] Chargement de robot_3d_0005-> 77/331 | 23%
[2026-03-29 15:57:40] [INFO] Chargement de robot_3d_0006-> 78/331 | 23%
[2026-03-29 15:57:40] [INFO] Chargement de robot_3d_0007-> 79/331 | 23%
[2026-03-29 15:57:40] [INFO] Chargement de robot_3d_0008-> 80/331 | 24%
[2026-03-29 15:57:40] [INFO] Chargement de robot_3d_0009-> 81/331 | 24%
[2026-03-29 15:57:40] [INFO] Chargement de robot_3d_0010-> 82/331 | 24%
[2026-03-29 15:57:40] [INFO] Chargement de robot_3d_0011-> 83/331 | 25%
[2026-03-29 15:57:40] [INFO] Chargement de robot_3d_0012-> 84/331 | 25%
[2026-03-29 15:57:40] [INFO] Chargement de robot_3d_0014-> 86/331 | 25%
[2026-03-29 15:57:40] [INFO] Chargement de robot_3d_0015-> 87/331 | 26%
[2026-03-29 15:57:40] [INFO] Chargement de robot_3d_0016-> 88/331 | 26%
[2026-03-29 15:57:40] [INFO] Chargement de robot_3d_0017-> 89/331 | 26%
[2026-03-29 15:57:40] [INFO] Chargement de robot_3d_0018-> 90/331 | 27%
[2026-03-29 15:57:40] [INFO] Chargement de robot_3d_0019-> 91/331 | 27%
[2026-03-29 15:57:40] [INFO] Chargement de robot_3d_0020-> 92/331 | 27%
[2026-03-29 15:57:40] [INFO] Chargement de robot_3d_0021-> 93/331 | 28%
[2026-03-29 15:57:40] [INFO] Chargement de robot_3d_0022-> 94/331 | 28%
[2026-03-29 15:57:40] [INFO] Chargement de robot_3d_0023-> 95/331 | 28%
[2026-03-29 15:57:40] [INFO] Chargement de robot_3d_0024-> 96/331 | 29%
[2026-03-29 15:57:40] [INFO] Chargement de robot_3d_0025-> 97/331 | 29%
[2026-03-29 15:57:40] [INFO] Chargement de robot_3d_0026-> 98/331 | 29%
[2026-03-29 15:57:40] [INFO] Chargement de robot_3d_0027-> 99/331 | 29%
[2026-03-29 15:57:40] [INFO] Chargement de robot_3d_0028-> 100/331 | 30%
[2026-03-29 15:57:40] [INFO] Chargement de robot_3d_0029-> 101/331 | 30%
[2026-03-29 15:57:40] [INFO] Chargement de robot_3d_0030-> 102/331 | 30%
[2026-03-29 15:57:40] [INFO] Chargement de robot_3d_0031-> 103/331 | 31%
[2026-03-29 15:57:40] [INFO] Chargement de robot_3d_0032-> 104/331 | 31%
[2026-03-29 15:57:40] [INFO] Chargement de robot_3d_0033-> 105/331 | 31%
[2026-03-29 15:57:40] [INFO] Chargement de robot_3d_0034-> 106/331 | 32%
[2026-03-29 15:57:40] [INFO] Chargement de robot_3d_0035-> 107/331 | 32%
[2026-03-29 15:57:40] [INFO] Chargement de robot_3d_0036-> 108/331 | 32%
[2026-03-29 15:57:40] [INFO] Chargement de robot_3d_0037-> 109/331 | 32%
[2026-03-29 15:57:40] [INFO] Chargement de robot_3d_0038-> 110/331 | 33%
[2026-03-29 15:57:40] [INFO] Chargement de robot_3d_0039-> 111/331 | 33%
[2026-03-29 15:57:40] [INFO] Chargement de robot_3d_0040-> 112/331 | 33%
[2026-03-29 15:57:40] [INFO] Chargement de robot_3d_0041-> 113/331 | 34%
[2026-03-29 15:57:40] [INFO] Chargement de robot_3d_0042-> 114/331 | 34%
[2026-03-29 15:57:40] [INFO] Chargement de robot_3d_0043-> 115/331 | 34%
[2026-03-29 15:57:40] [INFO] Chargement de robot_3d_0044-> 116/331 | 35%
[2026-03-29 15:57:40] [INFO] Chargement de robot_3d_0045-> 117/331 | 35%
[2026-03-29 15:57:40] [INFO] Chargement de robot_3d_0046-> 118/331 | 35%
[2026-03-29 15:57:40] [INFO] Chargement de robot_3d_0047-> 119/331 | 35%
[2026-03-29 15:57:40] [INFO] Chargement de robot_3d_0048-> 120/331 | 36%
[2026-03-29 15:57:40] [INFO] Chargement de robot_3d_0049-> 121/331 | 36%
[2026-03-29 15:57:40] [INFO] Chargement de robot_3d_0050-> 122/331 | 36%
[2026-03-29 15:57:40] [INFO] Chargement de robot_3d_0051-> 123/331 | 37%
[2026-03-29 15:57:40] [INFO] Chargement de robot_3d_0052-> 124/331 | 37%
[2026-03-29 15:57:40] [INFO] Chargement de robot_3d_0053-> 125/331 | 37%
[2026-03-29 15:57:40] [INFO] Chargement de robot_3d_0054-> 126/331 | 38%
[2026-03-29 15:57:40] [INFO] Chargement de robot_3d_0055-> 127/331 | 38%
[2026-03-29 15:57:40] [INFO] Chargement de robot_3d_0056-> 128/331 | 38%
[2026-03-29 15:57:40] [INFO] Chargement de robot_3d_0057-> 129/331 | 38%
[2026-03-29 15:57:40] [INFO] Chargement de robot_3d_0058-> 130/331 | 39%
[2026-03-29 15:57:40] [INFO] Chargement de robot_3d_0059-> 131/331 | 39%
[2026-03-29 15:57:40] [INFO] Chargement de robot_3d_0060-> 132/331 | 39%
[2026-03-29 15:57:40] [INFO] Chargement de robot_3d_0061-> 133/331 | 40%
[2026-03-29 15:57:40] [INFO] Chargement de robot_3d_0062-> 134/331 | 40%
[2026-03-29 15:57:40] [INFO] Chargement de robot_3d_0063-> 135/331 | 40%
[2026-03-29 15:57:40] [INFO] Chargement de robot_3d_0064-> 136/331 | 41%
[2026-03-29 15:57:40] [INFO] Chargement de robot_3d_0065-> 137/331 | 41%
[2026-03-29 15:57:40] [INFO] Chargement de robot_3d_0066-> 138/331 | 41%
[2026-03-29 15:57:40] [INFO] Chargement de robot_3d_0067-> 139/331 | 41%
[2026-03-29 15:57:40] [INFO] Chargement de robot_3d_0068-> 140/331 | 42%
[2026-03-29 15:57:40] [INFO] Chargement de robot_3d_0069-> 141/331 | 42%
[2026-03-29 15:57:40] [INFO] Chargement de robot_3d_0070-> 142/331 | 42%
[2026-03-29 15:57:40] [INFO] Chargement de robot_3d_0071-> 143/331 | 43%
[2026-03-29 15:57:40] [INFO] Chargement de robot_3d_0072-> 144/331 | 43%
[2026-03-29 15:57:40] [INFO] Chargement de robot_3d_0073-> 145/331 | 43%
[2026-03-29 15:57:40] [INFO] Chargement de robot_3d_0074-> 146/331 | 44%
[2026-03-29 15:57:40] [INFO] Chargement de robot_3d_0075-> 147/331 | 44%
[2026-03-29 15:57:40] [INFO] Chargement de robot_3d_0076-> 148/331 | 44%
[2026-03-29 15:57:40] [INFO] Chargement de robot_3d_0077-> 149/331 | 45%
[2026-03-29 15:57:40] [INFO] Chargement de robot_3d_0078-> 150/331 | 45%
[2026-03-29 15:57:40] [INFO] Chargement de robot_3d_0079-> 151/331 | 45%
[2026-03-29 15:57:40] [INFO] Chargement de robot_3d_0080-> 152/331 | 45%
[2026-03-29 15:57:40] [INFO] Chargement de robot_3d_0081-> 153/331 | 46%
[2026-03-29 15:57:40] [INFO] Chargement de robot_3d_0082-> 154/331 | 46%
[2026-03-29 15:57:40] [INFO] Chargement de robot_3d_0083-> 155/331 | 46%
[2026-03-29 15:57:40] [INFO] Chargement de robot_3d_0084-> 156/331 | 47%
[2026-03-29 15:57:40] [INFO] Chargement de robot_3d_0085-> 157/331 | 47%
[2026-03-29 15:57:40] [INFO] Chargement de robot_3d_0086-> 158/331 | 47%
[2026-03-29 15:57:40] [INFO] Chargement de robot_3d_0087-> 159/331 | 48%
[2026-03-29 15:57:40] [INFO] Chargement de robot_3d_0088-> 160/331 | 48%
[2026-03-29 15:57:40] [INFO] Chargement de robot_3d_0089-> 161/331 | 48%
[2026-03-29 15:57:40] [INFO] Chargement de robot_3d_0090-> 162/331 | 48%
[2026-03-29 15:57:40] [INFO] Assets chargés, redirect vers play_menu
[2026-03-29 15:57:40] [INFO] Entrez dans play_menu avec le compte test1.json
[2026-03-29 15:59:21] [INFO] 



+///////////////////////////////////////////////////////////////////////////+

                Démarrage de Nexus Extraction

+///////////////////////////////////////////////////////////////////////////+

[2026-03-29 15:59:21] [INFO] 
+---------------------------- Bienvenue ! ----------------------------+

Bienvenue dans Nexus Extraction. Si vous lisez ceci, c’est que vous vous
trouvez actuellement dans les logs du jeu. Si vous êtes un joueur lambda,
cette fenêtre ne vous intéressera pas, mais ne la fermez pas, car cette
action entraînera la fermeture du jeu.

En cas de problème ou de plantage du jeu, merci de contacter le développeur
à l’adresse e-mail suivante : mouyelv@sjb-liege.org
en joignant les fichiers de logs qui se trouvent dans le dossier "logs/".

Merci de jouer à Nexus Extraction et bon jeu ;)

+-------------------------------- LOGS --------------------------------+

[2026-03-29 15:59:21] [INFO] Main Menu
[2026-03-29 15:59:23] [INFO] Entrez dans compte
[2026-03-29 15:59:23] [INFO] Entrez dans load_menu avec le compte -> test1.json
[2026-03-29 15:59:23] [INFO] Chargement de title-> 1/331 | 0%
[2026-03-29 15:59:23] [INFO] Chargement de creator-> 2/331 | 0%
[2026-03-29 15:59:23] [INFO] Chargement de music_creator-> 3/331 | 0%
[2026-03-29 15:59:23] [INFO] Chargement de the_void-> 4/331 | 1%
[2026-03-29 15:59:23] [INFO] Chargement de the_void-> 4/331 | 1%
[2026-03-29 15:59:23] [INFO] Chargement de the_void_full-> 5/331 | 1%
[2026-03-29 15:59:23] [INFO] Chargement de underground_1-> 6/331 | 1%
[2026-03-29 15:59:23] [INFO] Chargement de underground_1-> 6/331 | 1%
[2026-03-29 15:59:23] [INFO] Chargement de underground_2-> 7/331 | 2%
[2026-03-29 15:59:23] [INFO] Chargement de underground_2-> 7/331 | 2%
[2026-03-29 15:59:23] [INFO] Chargement de underground_3-> 8/331 | 2%
[2026-03-29 15:59:23] [INFO] Chargement de underground_3-> 8/331 | 2%
[2026-03-29 15:59:23] [INFO] Chargement de btn_play_menu-> 9/331 | 2%
[2026-03-29 15:59:24] [INFO] Chargement de btn_play_menu-> 9/331 | 2%
[2026-03-29 15:59:24] [INFO] Chargement de btn_play_menu-> 9/331 | 2%
[2026-03-29 15:59:24] [INFO] Chargement de btn_boutique_menu-> 10/331 | 3%
[2026-03-29 15:59:24] [INFO] Chargement de btn_boutique_menu-> 10/331 | 3%
[2026-03-29 15:59:24] [INFO] Chargement de btn_boutique_menu-> 10/331 | 3%
[2026-03-29 15:59:24] [INFO] Chargement de btn_option_menu-> 11/331 | 3%
[2026-03-29 15:59:24] [INFO] Chargement de btn_option_menu-> 11/331 | 3%
[2026-03-29 15:59:24] [INFO] Chargement de btn_option_menu-> 11/331 | 3%
[2026-03-29 15:59:24] [INFO] Chargement de btn_play-> 12/331 | 3%
[2026-03-29 15:59:24] [INFO] Chargement de btn_play-> 12/331 | 3%
[2026-03-29 15:59:24] [INFO] Chargement de btn_play-> 12/331 | 3%
[2026-03-29 15:59:24] [INFO] Chargement de btn_quitter-> 13/331 | 3%
[2026-03-29 15:59:24] [INFO] Chargement de btn_quitter-> 13/331 | 3%
[2026-03-29 15:59:24] [INFO] Chargement de btn_quitter-> 13/331 | 3%
[2026-03-29 15:59:24] [INFO] Chargement de refresh_btn-> 15/331 | 4%
[2026-03-29 15:59:24] [INFO] Chargement de boutique_bg-> 17/331 | 5%
[2026-03-29 15:59:24] [INFO] Chargement de boutique_energy-> 19/331 | 5%
[2026-03-29 15:59:24] [INFO] Chargement de boutique_pression-> 20/331 | 6%
[2026-03-29 15:59:24] [INFO] Chargement de blue_storm-> 22/331 | 6%
[2026-03-29 15:59:24] [INFO] Chargement de danger-> 23/331 | 6%
[2026-03-29 15:59:24] [INFO] Chargement de pression_icon-> 24/331 | 7%
[2026-03-29 15:59:24] [INFO] Chargement de oak_log-> 33/331 | 9%
[2026-03-29 15:59:24] [INFO] Chargement de cobbled_deepslate-> 44/331 | 13%
[2026-03-29 15:59:24] [INFO] Chargement de water_full-> 50/331 | 15%
[2026-03-29 15:59:24] [INFO] Chargement de robot_3-> 56/331 | 16%
[2026-03-29 15:59:24] [INFO] Chargement de robot_8-> 61/331 | 18%
[2026-03-29 15:59:24] [INFO] Chargement de robot_75-> 66/331 | 19%
[2026-03-29 15:59:24] [INFO] Chargement de bird_3-> 72/331 | 21%
[2026-03-29 15:59:24] [INFO] Chargement de robot_3d_0001-> 73/331 | 22%
[2026-03-29 15:59:24] [INFO] Chargement de robot_3d_0002-> 74/331 | 22%
[2026-03-29 15:59:24] [INFO] Chargement de robot_3d_0003-> 75/331 | 22%
[2026-03-29 15:59:24] [INFO] Chargement de robot_3d_0004-> 76/331 | 22%
[2026-03-29 15:59:24] [INFO] Chargement de robot_3d_0005-> 77/331 | 23%
[2026-03-29 15:59:24] [INFO] Chargement de robot_3d_0006-> 78/331 | 23%
[2026-03-29 15:59:24] [INFO] Chargement de robot_3d_0007-> 79/331 | 23%
[2026-03-29 15:59:24] [INFO] Chargement de robot_3d_0008-> 80/331 | 24%
[2026-03-29 15:59:24] [INFO] Chargement de robot_3d_0009-> 81/331 | 24%
[2026-03-29 15:59:24] [INFO] Chargement de robot_3d_0010-> 82/331 | 24%
[2026-03-29 15:59:24] [INFO] Chargement de robot_3d_0011-> 83/331 | 25%
[2026-03-29 15:59:24] [INFO] Chargement de robot_3d_0012-> 84/331 | 25%
[2026-03-29 15:59:24] [INFO] Chargement de robot_3d_0013-> 85/331 | 25%
[2026-03-29 15:59:24] [INFO] Chargement de robot_3d_0014-> 86/331 | 25%
[2026-03-29 15:59:24] [INFO] Chargement de robot_3d_0015-> 87/331 | 26%
[2026-03-29 15:59:24] [INFO] Chargement de robot_3d_0016-> 88/331 | 26%
[2026-03-29 15:59:24] [INFO] Chargement de robot_3d_0017-> 89/331 | 26%
[2026-03-29 15:59:24] [INFO] Chargement de robot_3d_0018-> 90/331 | 27%
[2026-03-29 15:59:24] [INFO] Chargement de robot_3d_0019-> 91/331 | 27%
[2026-03-29 15:59:24] [INFO] Chargement de robot_3d_0020-> 92/331 | 27%
[2026-03-29 15:59:24] [INFO] Chargement de robot_3d_0021-> 93/331 | 28%
[2026-03-29 15:59:24] [INFO] Chargement de robot_3d_0022-> 94/331 | 28%
[2026-03-29 15:59:24] [INFO] Chargement de robot_3d_0023-> 95/331 | 28%
[2026-03-29 15:59:24] [INFO] Chargement de robot_3d_0024-> 96/331 | 29%
[2026-03-29 15:59:24] [INFO] Chargement de robot_3d_0025-> 97/331 | 29%
[2026-03-29 15:59:24] [INFO] Chargement de robot_3d_0026-> 98/331 | 29%
[2026-03-29 15:59:24] [INFO] Chargement de robot_3d_0027-> 99/331 | 29%
[2026-03-29 15:59:24] [INFO] Chargement de robot_3d_0028-> 100/331 | 30%
[2026-03-29 15:59:24] [INFO] Chargement de robot_3d_0029-> 101/331 | 30%
[2026-03-29 15:59:24] [INFO] Chargement de robot_3d_0030-> 102/331 | 30%
[2026-03-29 15:59:24] [INFO] Chargement de robot_3d_0031-> 103/331 | 31%
[2026-03-29 15:59:24] [INFO] Chargement de robot_3d_0032-> 104/331 | 31%
[2026-03-29 15:59:24] [INFO] Chargement de robot_3d_0033-> 105/331 | 31%
[2026-03-29 15:59:24] [INFO] Chargement de robot_3d_0034-> 106/331 | 32%
[2026-03-29 15:59:24] [INFO] Chargement de robot_3d_0035-> 107/331 | 32%
[2026-03-29 15:59:24] [INFO] Chargement de robot_3d_0036-> 108/331 | 32%
[2026-03-29 15:59:24] [INFO] Chargement de robot_3d_0037-> 109/331 | 32%
[2026-03-29 15:59:24] [INFO] Chargement de robot_3d_0038-> 110/331 | 33%
[2026-03-29 15:59:24] [INFO] Chargement de robot_3d_0039-> 111/331 | 33%
[2026-03-29 15:59:24] [INFO] Chargement de robot_3d_0040-> 112/331 | 33%
[2026-03-29 15:59:24] [INFO] Chargement de robot_3d_0041-> 113/331 | 34%
[2026-03-29 15:59:24] [INFO] Chargement de robot_3d_0042-> 114/331 | 34%
[2026-03-29 15:59:24] [INFO] Chargement de robot_3d_0043-> 115/331 | 34%
[2026-03-29 15:59:24] [INFO] Chargement de robot_3d_0044-> 116/331 | 35%
[2026-03-29 15:59:24] [INFO] Chargement de robot_3d_0045-> 117/331 | 35%
[2026-03-29 15:59:24] [INFO] Chargement de robot_3d_0046-> 118/331 | 35%
[2026-03-29 15:59:24] [INFO] Chargement de robot_3d_0047-> 119/331 | 35%
[2026-03-29 15:59:24] [INFO] Chargement de robot_3d_0048-> 120/331 | 36%
[2026-03-29 15:59:24] [INFO] Chargement de robot_3d_0049-> 121/331 | 36%
[2026-03-29 15:59:24] [INFO] Chargement de robot_3d_0050-> 122/331 | 36%
[2026-03-29 15:59:24] [INFO] Chargement de robot_3d_0051-> 123/331 | 37%
[2026-03-29 15:59:24] [INFO] Chargement de robot_3d_0052-> 124/331 | 37%
[2026-03-29 15:59:24] [INFO] Chargement de robot_3d_0053-> 125/331 | 37%
[2026-03-29 15:59:24] [INFO] Chargement de robot_3d_0054-> 126/331 | 38%
[2026-03-29 15:59:24] [INFO] Chargement de robot_3d_0055-> 127/331 | 38%
[2026-03-29 15:59:24] [INFO] Chargement de robot_3d_0056-> 128/331 | 38%
[2026-03-29 15:59:24] [INFO] Chargement de robot_3d_0057-> 129/331 | 38%
[2026-03-29 15:59:24] [INFO] Chargement de robot_3d_0058-> 130/331 | 39%
[2026-03-29 15:59:24] [INFO] Chargement de robot_3d_0059-> 131/331 | 39%
[2026-03-29 15:59:24] [INFO] Chargement de robot_3d_0060-> 132/331 | 39%
[2026-03-29 15:59:24] [INFO] Chargement de robot_3d_0061-> 133/331 | 40%
[2026-03-29 15:59:24] [INFO] Chargement de robot_3d_0062-> 134/331 | 40%
[2026-03-29 15:59:24] [INFO] Chargement de robot_3d_0063-> 135/331 | 40%
[2026-03-29 15:59:24] [INFO] Chargement de robot_3d_0064-> 136/331 | 41%
[2026-03-29 15:59:24] [INFO] Chargement de robot_3d_0065-> 137/331 | 41%
[2026-03-29 15:59:24] [INFO] Chargement de robot_3d_0066-> 138/331 | 41%
[2026-03-29 15:59:24] [INFO] Chargement de robot_3d_0067-> 139/331 | 41%
[2026-03-29 15:59:24] [INFO] Chargement de robot_3d_0068-> 140/331 | 42%
[2026-03-29 15:59:24] [INFO] Chargement de robot_3d_0069-> 141/331 | 42%
[2026-03-29 15:59:24] [INFO] Chargement de robot_3d_0070-> 142/331 | 42%
[2026-03-29 15:59:24] [INFO] Chargement de robot_3d_0071-> 143/331 | 43%
[2026-03-29 15:59:24] [INFO] Chargement de robot_3d_0072-> 144/331 | 43%
[2026-03-29 15:59:24] [INFO] Chargement de robot_3d_0073-> 145/331 | 43%
[2026-03-29 15:59:24] [INFO] Chargement de robot_3d_0074-> 146/331 | 44%
[2026-03-29 15:59:24] [INFO] Chargement de robot_3d_0075-> 147/331 | 44%
[2026-03-29 15:59:24] [INFO] Chargement de robot_3d_0076-> 148/331 | 44%
[2026-03-29 15:59:24] [INFO] Chargement de robot_3d_0077-> 149/331 | 45%
[2026-03-29 15:59:24] [INFO] Chargement de robot_3d_0078-> 150/331 | 45%
[2026-03-29 15:59:24] [INFO] Chargement de robot_3d_0079-> 151/331 | 45%
[2026-03-29 15:59:24] [INFO] Chargement de robot_3d_0080-> 152/331 | 45%
[2026-03-29 15:59:24] [INFO] Chargement de robot_3d_0081-> 153/331 | 46%
[2026-03-29 15:59:24] [INFO] Chargement de robot_3d_0082-> 154/331 | 46%
[2026-03-29 15:59:24] [INFO] Chargement de robot_3d_0083-> 155/331 | 46%
[2026-03-29 15:59:24] [INFO] Chargement de robot_3d_0084-> 156/331 | 47%
[2026-03-29 15:59:24] [INFO] Chargement de robot_3d_0085-> 157/331 | 47%
[2026-03-29 15:59:24] [INFO] Chargement de robot_3d_0086-> 158/331 | 47%
[2026-03-29 15:59:24] [INFO] Chargement de robot_3d_0087-> 159/331 | 48%
[2026-03-29 15:59:24] [INFO] Chargement de robot_3d_0088-> 160/331 | 48%
[2026-03-29 15:59:24] [INFO] Chargement de robot_3d_0089-> 161/331 | 48%
[2026-03-29 15:59:24] [INFO] Chargement de robot_3d_0090-> 162/331 | 48%
[2026-03-29 15:59:24] [INFO] Chargement de robot_3d_0091-> 163/331 | 49%
[2026-03-29 15:59:24] [INFO] Chargement de robot_3d_0092-> 164/331 | 49%
[2026-03-29 15:59:24] [INFO] Chargement de robot_3d_0093-> 165/331 | 49%
[2026-03-29 15:59:24] [INFO] Chargement de robot_3d_0094-> 166/331 | 50%
[2026-03-29 15:59:24] [INFO] Chargement de robot_3d_0095-> 167/331 | 50%
[2026-03-29 15:59:24] [INFO] Chargement de robot_3d_0096-> 168/331 | 50%
[2026-03-29 15:59:24] [INFO] Chargement de robot_3d_0097-> 169/331 | 51%
[2026-03-29 15:59:24] [INFO] Chargement de robot_3d_0098-> 170/331 | 51%
[2026-03-29 15:59:24] [INFO] Chargement de robot_3d_0099-> 171/331 | 51%
[2026-03-29 15:59:24] [INFO] Chargement de robot_3d_0100-> 172/331 | 51%
[2026-03-29 15:59:24] [INFO] Chargement de robot_3d_0101-> 173/331 | 52%
[2026-03-29 15:59:24] [INFO] Chargement de robot_3d_0102-> 174/331 | 52%
[2026-03-29 15:59:24] [INFO] Chargement de robot_3d_0103-> 175/331 | 52%
[2026-03-29 15:59:24] [INFO] Chargement de robot_3d_0104-> 176/331 | 53%
[2026-03-29 15:59:24] [INFO] Chargement de robot_3d_0105-> 177/331 | 53%
[2026-03-29 15:59:24] [INFO] Chargement de robot_3d_0106-> 178/331 | 53%
[2026-03-29 15:59:24] [INFO] Chargement de robot_3d_0107-> 179/331 | 54%
[2026-03-29 15:59:24] [INFO] Chargement de robot_3d_0108-> 180/331 | 54%
[2026-03-29 15:59:24] [INFO] Chargement de robot_3d_0109-> 181/331 | 54%
[2026-03-29 15:59:24] [INFO] Chargement de robot_3d_0110-> 182/331 | 54%
[2026-03-29 15:59:24] [INFO] Chargement de robot_3d_0111-> 183/331 | 55%
[2026-03-29 15:59:24] [INFO] Chargement de robot_3d_0112-> 184/331 | 55%
[2026-03-29 15:59:24] [INFO] Chargement de robot_3d_0113-> 185/331 | 55%
[2026-03-29 15:59:24] [INFO] Chargement de robot_3d_0114-> 186/331 | 56%
[2026-03-29 15:59:24] [INFO] Chargement de robot_3d_0115-> 187/331 | 56%
[2026-03-29 15:59:24] [INFO] Chargement de robot_3d_0116-> 188/331 | 56%
[2026-03-29 15:59:24] [INFO] Chargement de robot_3d_0117-> 189/331 | 57%
[2026-03-29 15:59:24] [INFO] Chargement de robot_3d_0118-> 190/331 | 57%
[2026-03-29 15:59:24] [INFO] Chargement de robot_3d_0119-> 191/331 | 57%
[2026-03-29 15:59:24] [INFO] Chargement de robot_3d_0120-> 192/331 | 58%
[2026-03-29 15:59:24] [INFO] Chargement de robot_3d_0121-> 193/331 | 58%
[2026-03-29 15:59:24] [INFO] Chargement de robot_3d_0122-> 194/331 | 58%
[2026-03-29 15:59:24] [INFO] Chargement de robot_3d_0123-> 195/331 | 58%
[2026-03-29 15:59:24] [INFO] Chargement de robot_3d_0124-> 196/331 | 59%
[2026-03-29 15:59:24] [INFO] Chargement de robot_3d_0125-> 197/331 | 59%
[2026-03-29 15:59:24] [INFO] Chargement de robot_3d_0126-> 198/331 | 59%
[2026-03-29 15:59:24] [INFO] Chargement de robot_3d_0127-> 199/331 | 60%
[2026-03-29 15:59:24] [INFO] Chargement de robot_3d_0128-> 200/331 | 60%
[2026-03-29 15:59:24] [INFO] Chargement de robot_3d_0129-> 201/331 | 60%
[2026-03-29 15:59:24] [INFO] Chargement de robot_3d_0130-> 202/331 | 61%
[2026-03-29 15:59:24] [INFO] Chargement de robot_3d_0131-> 203/331 | 61%
[2026-03-29 15:59:24] [INFO] Chargement de robot_3d_0132-> 204/331 | 61%
[2026-03-29 15:59:24] [INFO] Chargement de robot_3d_0133-> 205/331 | 61%
[2026-03-29 15:59:24] [INFO] Chargement de robot_3d_0134-> 206/331 | 62%
[2026-03-29 15:59:24] [INFO] Chargement de robot_3d_0135-> 207/331 | 62%
[2026-03-29 15:59:24] [INFO] Chargement de robot_3d_0136-> 208/331 | 62%
[2026-03-29 15:59:24] [INFO] Chargement de robot_3d_0137-> 209/331 | 63%
[2026-03-29 15:59:24] [INFO] Chargement de robot_3d_0138-> 210/331 | 63%
[2026-03-29 15:59:24] [INFO] Chargement de robot_3d_0139-> 211/331 | 63%
[2026-03-29 15:59:24] [INFO] Chargement de robot_3d_0140-> 212/331 | 64%
[2026-03-29 15:59:24] [INFO] Chargement de robot_3d_0141-> 213/331 | 64%
[2026-03-29 15:59:24] [INFO] Chargement de robot_3d_0142-> 214/331 | 64%
[2026-03-29 15:59:24] [INFO] Chargement de robot_3d_0143-> 215/331 | 64%
[2026-03-29 15:59:24] [INFO] Chargement de robot_3d_0144-> 216/331 | 65%
[2026-03-29 15:59:24] [INFO] Chargement de robot_3d_0145-> 217/331 | 65%
[2026-03-29 15:59:24] [INFO] Chargement de robot_3d_0146-> 218/331 | 65%
[2026-03-29 15:59:24] [INFO] Chargement de robot_3d_0147-> 219/331 | 66%
[2026-03-29 15:59:24] [INFO] Chargement de robot_3d_0148-> 220/331 | 66%
[2026-03-29 15:59:24] [INFO] Chargement de robot_3d_0149-> 221/331 | 66%
[2026-03-29 15:59:24] [INFO] Chargement de robot_3d_0151-> 223/331 | 67%
[2026-03-29 15:59:24] [INFO] Chargement de robot_3d_0152-> 224/331 | 67%
[2026-03-29 15:59:24] [INFO] Chargement de robot_3d_0153-> 225/331 | 67%
[2026-03-29 15:59:24] [INFO] Chargement de robot_3d_0154-> 226/331 | 68%
[2026-03-29 15:59:24] [INFO] Chargement de robot_3d_0155-> 227/331 | 68%
[2026-03-29 15:59:24] [INFO] Chargement de robot_3d_0156-> 228/331 | 68%
[2026-03-29 15:59:24] [INFO] Chargement de robot_3d_0157-> 229/331 | 69%
[2026-03-29 15:59:24] [INFO] Chargement de robot_3d_0158-> 230/331 | 69%
[2026-03-29 15:59:24] [INFO] Chargement de robot_3d_0159-> 231/331 | 69%
[2026-03-29 15:59:24] [INFO] Chargement de robot_3d_0160-> 232/331 | 70%
[2026-03-29 15:59:24] [INFO] Chargement de robot_3d_0161-> 233/331 | 70%
[2026-03-29 15:59:24] [INFO] Chargement de robot_3d_0162-> 234/331 | 70%
[2026-03-29 15:59:24] [INFO] Chargement de robot_3d_0163-> 235/331 | 70%
[2026-03-29 15:59:24] [INFO] Chargement de robot_3d_0164-> 236/331 | 71%
[2026-03-29 15:59:24] [INFO] Chargement de robot_3d_0165-> 237/331 | 71%
[2026-03-29 15:59:24] [INFO] Chargement de robot_3d_0166-> 238/331 | 71%
[2026-03-29 15:59:24] [INFO] Chargement de robot_3d_0167-> 239/331 | 72%
[2026-03-29 15:59:24] [INFO] Chargement de robot_3d_0168-> 240/331 | 72%
[2026-03-29 15:59:24] [INFO] Chargement de robot_3d_0169-> 241/331 | 72%
[2026-03-29 15:59:24] [INFO] Chargement de robot_3d_0170-> 242/331 | 73%
[2026-03-29 15:59:24] [INFO] Chargement de robot_3d_0171-> 243/331 | 73%
[2026-03-29 15:59:24] [INFO] Chargement de robot_3d_0172-> 244/331 | 73%
[2026-03-29 15:59:24] [INFO] Chargement de robot_3d_0173-> 245/331 | 74%
[2026-03-29 15:59:24] [INFO] Chargement de robot_3d_0174-> 246/331 | 74%
[2026-03-29 15:59:24] [INFO] Chargement de robot_3d_0175-> 247/331 | 74%
[2026-03-29 15:59:24] [INFO] Chargement de robot_3d_0176-> 248/331 | 74%
[2026-03-29 15:59:24] [INFO] Chargement de robot_3d_0177-> 249/331 | 75%
[2026-03-29 15:59:24] [INFO] Chargement de robot_3d_0178-> 250/331 | 75%
[2026-03-29 15:59:24] [INFO] Chargement de robot_3d_0179-> 251/331 | 75%
[2026-03-29 15:59:24] [INFO] Chargement de robot_3d_0180-> 252/331 | 76%
[2026-03-29 15:59:24] [INFO] Chargement de robot_3d_0181-> 253/331 | 76%
[2026-03-29 15:59:24] [INFO] Chargement de robot_3d_0182-> 254/331 | 76%
[2026-03-29 15:59:24] [INFO] Chargement de robot_3d_0183-> 255/331 | 77%
[2026-03-29 15:59:24] [INFO] Chargement de robot_3d_0184-> 256/331 | 77%
[2026-03-29 15:59:24] [INFO] Chargement de robot_3d_0185-> 257/331 | 77%
[2026-03-29 15:59:24] [INFO] Chargement de robot_3d_0186-> 258/331 | 77%
[2026-03-29 15:59:24] [INFO] Chargement de robot_3d_0187-> 259/331 | 78%
[2026-03-29 15:59:24] [INFO] Chargement de robot_3d_0188-> 260/331 | 78%
[2026-03-29 15:59:24] [INFO] Chargement de robot_3d_0189-> 261/331 | 78%
[2026-03-29 15:59:24] [INFO] Chargement de robot_3d_0190-> 262/331 | 79%
[2026-03-29 15:59:24] [INFO] Chargement de robot_3d_0191-> 263/331 | 79%
[2026-03-29 15:59:24] [INFO] Chargement de robot_3d_0192-> 264/331 | 79%
[2026-03-29 15:59:24] [INFO] Chargement de robot_3d_0193-> 265/331 | 80%
[2026-03-29 15:59:24] [INFO] Chargement de robot_3d_0194-> 266/331 | 80%
[2026-03-29 15:59:24] [INFO] Chargement de robot_3d_0195-> 267/331 | 80%
[2026-03-29 15:59:24] [INFO] Chargement de robot_3d_0196-> 268/331 | 80%
[2026-03-29 15:59:24] [INFO] Chargement de robot_3d_0197-> 269/331 | 81%
[2026-03-29 15:59:24] [INFO] Chargement de robot_3d_0198-> 270/331 | 81%
[2026-03-29 15:59:24] [INFO] Chargement de robot_3d_0199-> 271/331 | 81%
[2026-03-29 15:59:24] [INFO] Chargement de robot_3d_0200-> 272/331 | 82%
[2026-03-29 15:59:24] [INFO] Chargement de robot_3d_0201-> 273/331 | 82%
[2026-03-29 15:59:24] [INFO] Chargement de robot_3d_0202-> 274/331 | 82%
[2026-03-29 15:59:24] [INFO] Chargement de robot_3d_0203-> 275/331 | 83%
[2026-03-29 15:59:24] [INFO] Chargement de robot_3d_0204-> 276/331 | 83%
[2026-03-29 15:59:24] [INFO] Chargement de robot_3d_0205-> 277/331 | 83%
[2026-03-29 15:59:24] [INFO] Chargement de robot_3d_0206-> 278/331 | 83%
[2026-03-29 15:59:24] [INFO] Chargement de robot_3d_0207-> 279/331 | 84%
[2026-03-29 15:59:24] [INFO] Chargement de robot_3d_0208-> 280/331 | 84%
[2026-03-29 15:59:24] [INFO] Chargement de robot_3d_0209-> 281/331 | 84%
[2026-03-29 15:59:24] [INFO] Chargement de robot_3d_0210-> 282/331 | 85%
[2026-03-29 15:59:24] [INFO] Chargement de robot_3d_0211-> 283/331 | 85%
[2026-03-29 15:59:24] [INFO] Chargement de robot_3d_0212-> 284/331 | 85%
[2026-03-29 15:59:24] [INFO] Chargement de robot_3d_0213-> 285/331 | 86%
[2026-03-29 15:59:24] [INFO] Chargement de robot_3d_0214-> 286/331 | 86%
[2026-03-29 15:59:24] [INFO] Chargement de robot_3d_0215-> 287/331 | 86%
[2026-03-29 15:59:24] [INFO] Chargement de robot_3d_0216-> 288/331 | 87%
[2026-03-29 15:59:24] [INFO] Chargement de robot_3d_0217-> 289/331 | 87%
[2026-03-29 15:59:24] [INFO] Chargement de robot_3d_0218-> 290/331 | 87%
[2026-03-29 15:59:24] [INFO] Chargement de robot_3d_0219-> 291/331 | 87%
[2026-03-29 15:59:24] [INFO] Chargement de robot_3d_0220-> 292/331 | 88%
[2026-03-29 15:59:24] [INFO] Chargement de robot_3d_0221-> 293/331 | 88%
[2026-03-29 15:59:24] [INFO] Chargement de robot_3d_0222-> 294/331 | 88%
[2026-03-29 15:59:24] [INFO] Chargement de robot_3d_0223-> 295/331 | 89%
[2026-03-29 15:59:24] [INFO] Chargement de robot_3d_0224-> 296/331 | 89%
[2026-03-29 15:59:24] [INFO] Chargement de robot_3d_0225-> 297/331 | 89%
[2026-03-29 15:59:24] [INFO] Chargement de robot_3d_0226-> 298/331 | 90%
[2026-03-29 15:59:24] [INFO] Chargement de robot_3d_0227-> 299/331 | 90%
[2026-03-29 15:59:24] [INFO] Chargement de robot_3d_0228-> 300/331 | 90%
[2026-03-29 15:59:24] [INFO] Chargement de robot_3d_0229-> 301/331 | 90%
[2026-03-29 15:59:24] [INFO] Chargement de robot_3d_0230-> 302/331 | 91%
[2026-03-29 15:59:24] [INFO] Chargement de robot_3d_0231-> 303/331 | 91%
[2026-03-29 15:59:24] [INFO] Chargement de robot_3d_0232-> 304/331 | 91%
[2026-03-29 15:59:24] [INFO] Chargement de robot_3d_0233-> 305/331 | 92%
[2026-03-29 15:59:24] [INFO] Chargement de robot_3d_0234-> 306/331 | 92%
[2026-03-29 15:59:24] [INFO] Chargement de robot_3d_0235-> 307/331 | 92%
[2026-03-29 15:59:24] [INFO] Chargement de robot_3d_0236-> 308/331 | 93%
[2026-03-29 15:59:24] [INFO] Chargement de robot_3d_0237-> 309/331 | 93%
[2026-03-29 15:59:24] [INFO] Chargement de robot_3d_0238-> 310/331 | 93%
[2026-03-29 15:59:24] [INFO] Chargement de robot_3d_0239-> 311/331 | 93%
[2026-03-29 15:59:24] [INFO] Chargement de robot_3d_0240-> 312/331 | 94%
[2026-03-29 15:59:24] [INFO] Chargement de water_4-> 317/331 | 95%
[2026-03-29 15:59:24] [INFO] Chargement de lava_1-> 322/331 | 97%
[2026-03-29 15:59:24] [INFO] Chargement de rocket_1-> 330/331 | 99%
[2026-03-29 15:59:24] [INFO] Assets chargés, redirect vers play_menu
[2026-03-29 15:59:24] [INFO] Entrez dans play_menu avec le compte test1.json
[2026-03-29 15:59:38] [ERROR] play ->
Traceback (most recent call last):
  File "g:\informatique_tfe\tfe\src\data\object\games\play.py", line 252, in play
    maps,new_maps_check = robot.update(maps, collision_tiles)
                          ^^^^^^^^^^^^^^^^^^^^^^^^^^^^^^^^^^^
  File "g:\informatique_tfe\tfe\src\data\object\personnages\robot.py", line 203, in update
    maps = self.move_input(maps, collision_tiles)
           ^^^^^^^^^^^^^^^^^^^^^^^^^^^^^^^^^^^^^^
  File "g:\informatique_tfe\tfe\src\data\object\personnages\robot.py", line 165, in move_input
    self.collected_resources[maps[above][block_x]] += 1
    ~~~~~~~~~~~~~~~~~~~~~~~~^^^^^^^^^^^^^^^^^^^^^^
KeyError: 'water'
[2026-03-29 15:59:40] [INFO] Compte choisi -> True
[2026-03-29 15:59:40] [INFO] Main Menu
[2026-03-29 15:59:40] [INFO] +------ Fin du jeux -----+
[2026-03-29 16:00:22] [INFO] 



+///////////////////////////////////////////////////////////////////////////+

                Démarrage de Nexus Extraction

+///////////////////////////////////////////////////////////////////////////+

[2026-03-29 16:00:22] [INFO] 
+---------------------------- Bienvenue ! ----------------------------+

Bienvenue dans Nexus Extraction. Si vous lisez ceci, c’est que vous vous
trouvez actuellement dans les logs du jeu. Si vous êtes un joueur lambda,
cette fenêtre ne vous intéressera pas, mais ne la fermez pas, car cette
action entraînera la fermeture du jeu.

En cas de problème ou de plantage du jeu, merci de contacter le développeur
à l’adresse e-mail suivante : mouyelv@sjb-liege.org
en joignant les fichiers de logs qui se trouvent dans le dossier "logs/".

Merci de jouer à Nexus Extraction et bon jeu ;)

+-------------------------------- LOGS --------------------------------+

[2026-03-29 16:00:22] [INFO] Main Menu
[2026-03-29 16:00:22] [INFO] Entrez dans compte
[2026-03-29 16:00:23] [INFO] Entrez dans load_menu avec le compte -> test1.json
[2026-03-29 16:00:23] [INFO] Chargement de title-> 1/331 | 0%
[2026-03-29 16:00:23] [INFO] Chargement de creator-> 2/331 | 0%
[2026-03-29 16:00:23] [INFO] Chargement de creator-> 2/331 | 0%
[2026-03-29 16:00:23] [INFO] Chargement de the_void-> 4/331 | 1%
[2026-03-29 16:00:23] [INFO] Chargement de the_void_full-> 5/331 | 1%
[2026-03-29 16:00:23] [INFO] Chargement de the_void_full-> 5/331 | 1%
[2026-03-29 16:00:23] [INFO] Chargement de underground_1-> 6/331 | 1%
[2026-03-29 16:00:23] [INFO] Chargement de underground_1-> 6/331 | 1%
[2026-03-29 16:00:23] [INFO] Chargement de underground_2-> 7/331 | 2%
[2026-03-29 16:00:23] [INFO] Chargement de underground_2-> 7/331 | 2%
[2026-03-29 16:00:23] [INFO] Chargement de underground_3-> 8/331 | 2%
[2026-03-29 16:00:23] [INFO] Chargement de btn_play_menu-> 9/331 | 2%
[2026-03-29 16:00:23] [INFO] Chargement de btn_play_menu-> 9/331 | 2%
[2026-03-29 16:00:23] [INFO] Chargement de btn_play_menu-> 9/331 | 2%
[2026-03-29 16:00:23] [INFO] Chargement de btn_boutique_menu-> 10/331 | 3%
[2026-03-29 16:00:23] [INFO] Chargement de btn_boutique_menu-> 10/331 | 3%
[2026-03-29 16:00:23] [INFO] Chargement de btn_boutique_menu-> 10/331 | 3%
[2026-03-29 16:00:23] [INFO] Chargement de btn_option_menu-> 11/331 | 3%
[2026-03-29 16:00:23] [INFO] Chargement de btn_option_menu-> 11/331 | 3%
[2026-03-29 16:00:23] [INFO] Chargement de btn_option_menu-> 11/331 | 3%
[2026-03-29 16:00:23] [INFO] Chargement de btn_play-> 12/331 | 3%
[2026-03-29 16:00:23] [INFO] Chargement de btn_play-> 12/331 | 3%
[2026-03-29 16:00:23] [INFO] Chargement de btn_play-> 12/331 | 3%
[2026-03-29 16:00:23] [INFO] Chargement de btn_quitter-> 13/331 | 3%
[2026-03-29 16:00:23] [INFO] Chargement de btn_quitter-> 13/331 | 3%
[2026-03-29 16:00:23] [INFO] Chargement de btn_quitter-> 13/331 | 3%
[2026-03-29 16:00:23] [INFO] Chargement de btn_compte-> 14/331 | 4%
[2026-03-29 16:00:23] [INFO] Chargement de refresh_btn-> 15/331 | 4%
[2026-03-29 16:00:23] [INFO] Chargement de boutique_bg-> 17/331 | 5%
[2026-03-29 16:00:23] [INFO] Chargement de boutique_bg-> 17/331 | 5%
[2026-03-29 16:00:23] [INFO] Chargement de boutique_energy-> 19/331 | 5%
[2026-03-29 16:00:23] [INFO] Chargement de boutique_pression-> 20/331 | 6%
[2026-03-29 16:00:23] [INFO] Chargement de blue_storm-> 22/331 | 6%
[2026-03-29 16:00:23] [INFO] Chargement de pression_icon-> 24/331 | 7%
[2026-03-29 16:00:23] [INFO] Chargement de diamond_ore-> 30/331 | 9%
[2026-03-29 16:00:23] [INFO] Chargement de oak_strairs_R-> 35/331 | 10%
[2026-03-29 16:00:23] [INFO] Chargement de raw_iron_block-> 40/331 | 12%
[2026-03-29 16:00:23] [INFO] Chargement de deepslate_lapis_ore-> 45/331 | 13%
[2026-03-29 16:00:23] [INFO] Chargement de water_full-> 50/331 | 15%
[2026-03-29 16:00:23] [INFO] Chargement de robot_5-> 58/331 | 17%
[2026-03-29 16:00:23] [INFO] Chargement de robot_30-> 63/331 | 19%
[2026-03-29 16:00:23] [INFO] Chargement de robot_90-> 67/331 | 20%
[2026-03-29 16:00:23] [INFO] Chargement de bird_3-> 72/331 | 21%
[2026-03-29 16:00:23] [INFO] Chargement de robot_3d_0001-> 73/331 | 22%
[2026-03-29 16:00:23] [INFO] Chargement de robot_3d_0002-> 74/331 | 22%
[2026-03-29 16:00:23] [INFO] Chargement de robot_3d_0003-> 75/331 | 22%
[2026-03-29 16:00:23] [INFO] Chargement de robot_3d_0004-> 76/331 | 22%
[2026-03-29 16:00:23] [INFO] Chargement de robot_3d_0005-> 77/331 | 23%
[2026-03-29 16:00:23] [INFO] Chargement de robot_3d_0006-> 78/331 | 23%
[2026-03-29 16:00:23] [INFO] Chargement de robot_3d_0007-> 79/331 | 23%
[2026-03-29 16:00:23] [INFO] Chargement de robot_3d_0008-> 80/331 | 24%
[2026-03-29 16:00:23] [INFO] Chargement de robot_3d_0009-> 81/331 | 24%
[2026-03-29 16:00:23] [INFO] Chargement de robot_3d_0010-> 82/331 | 24%
[2026-03-29 16:00:23] [INFO] Chargement de robot_3d_0011-> 83/331 | 25%
[2026-03-29 16:00:23] [INFO] Chargement de robot_3d_0012-> 84/331 | 25%
[2026-03-29 16:00:23] [INFO] Chargement de robot_3d_0013-> 85/331 | 25%
[2026-03-29 16:00:23] [INFO] Chargement de robot_3d_0014-> 86/331 | 25%
[2026-03-29 16:00:23] [INFO] Chargement de robot_3d_0015-> 87/331 | 26%
[2026-03-29 16:00:23] [INFO] Chargement de robot_3d_0016-> 88/331 | 26%
[2026-03-29 16:00:23] [INFO] Chargement de robot_3d_0017-> 89/331 | 26%
[2026-03-29 16:00:23] [INFO] Chargement de robot_3d_0018-> 90/331 | 27%
[2026-03-29 16:00:23] [INFO] Chargement de robot_3d_0019-> 91/331 | 27%
[2026-03-29 16:00:23] [INFO] Chargement de robot_3d_0020-> 92/331 | 27%
[2026-03-29 16:00:23] [INFO] Chargement de robot_3d_0021-> 93/331 | 28%
[2026-03-29 16:00:23] [INFO] Chargement de robot_3d_0022-> 94/331 | 28%
[2026-03-29 16:00:23] [INFO] Chargement de robot_3d_0023-> 95/331 | 28%
[2026-03-29 16:00:23] [INFO] Chargement de robot_3d_0024-> 96/331 | 29%
[2026-03-29 16:00:23] [INFO] Chargement de robot_3d_0025-> 97/331 | 29%
[2026-03-29 16:00:23] [INFO] Chargement de robot_3d_0026-> 98/331 | 29%
[2026-03-29 16:00:23] [INFO] Chargement de robot_3d_0027-> 99/331 | 29%
[2026-03-29 16:00:23] [INFO] Chargement de robot_3d_0028-> 100/331 | 30%
[2026-03-29 16:00:23] [INFO] Chargement de robot_3d_0029-> 101/331 | 30%
[2026-03-29 16:00:23] [INFO] Chargement de robot_3d_0030-> 102/331 | 30%
[2026-03-29 16:00:23] [INFO] Chargement de robot_3d_0031-> 103/331 | 31%
[2026-03-29 16:00:23] [INFO] Chargement de robot_3d_0032-> 104/331 | 31%
[2026-03-29 16:00:23] [INFO] Chargement de robot_3d_0033-> 105/331 | 31%
[2026-03-29 16:00:23] [INFO] Chargement de robot_3d_0034-> 106/331 | 32%
[2026-03-29 16:00:23] [INFO] Chargement de robot_3d_0035-> 107/331 | 32%
[2026-03-29 16:00:23] [INFO] Chargement de robot_3d_0036-> 108/331 | 32%
[2026-03-29 16:00:23] [INFO] Chargement de robot_3d_0037-> 109/331 | 32%
[2026-03-29 16:00:23] [INFO] Chargement de robot_3d_0038-> 110/331 | 33%
[2026-03-29 16:00:23] [INFO] Chargement de robot_3d_0039-> 111/331 | 33%
[2026-03-29 16:00:23] [INFO] Chargement de robot_3d_0040-> 112/331 | 33%
[2026-03-29 16:00:23] [INFO] Chargement de robot_3d_0041-> 113/331 | 34%
[2026-03-29 16:00:23] [INFO] Chargement de robot_3d_0042-> 114/331 | 34%
[2026-03-29 16:00:23] [INFO] Chargement de robot_3d_0043-> 115/331 | 34%
[2026-03-29 16:00:23] [INFO] Chargement de robot_3d_0044-> 116/331 | 35%
[2026-03-29 16:00:23] [INFO] Chargement de robot_3d_0045-> 117/331 | 35%
[2026-03-29 16:00:23] [INFO] Chargement de robot_3d_0046-> 118/331 | 35%
[2026-03-29 16:00:23] [INFO] Chargement de robot_3d_0047-> 119/331 | 35%
[2026-03-29 16:00:23] [INFO] Chargement de robot_3d_0048-> 120/331 | 36%
[2026-03-29 16:00:23] [INFO] Chargement de robot_3d_0049-> 121/331 | 36%
[2026-03-29 16:00:23] [INFO] Chargement de robot_3d_0050-> 122/331 | 36%
[2026-03-29 16:00:23] [INFO] Chargement de robot_3d_0051-> 123/331 | 37%
[2026-03-29 16:00:23] [INFO] Chargement de robot_3d_0052-> 124/331 | 37%
[2026-03-29 16:00:23] [INFO] Chargement de robot_3d_0053-> 125/331 | 37%
[2026-03-29 16:00:23] [INFO] Chargement de robot_3d_0054-> 126/331 | 38%
[2026-03-29 16:00:23] [INFO] Chargement de robot_3d_0055-> 127/331 | 38%
[2026-03-29 16:00:23] [INFO] Chargement de robot_3d_0056-> 128/331 | 38%
[2026-03-29 16:00:23] [INFO] Chargement de robot_3d_0057-> 129/331 | 38%
[2026-03-29 16:00:23] [INFO] Chargement de robot_3d_0058-> 130/331 | 39%
[2026-03-29 16:00:23] [INFO] Chargement de robot_3d_0059-> 131/331 | 39%
[2026-03-29 16:00:23] [INFO] Chargement de robot_3d_0060-> 132/331 | 39%
[2026-03-29 16:00:23] [INFO] Chargement de robot_3d_0061-> 133/331 | 40%
[2026-03-29 16:00:23] [INFO] Chargement de robot_3d_0062-> 134/331 | 40%
[2026-03-29 16:00:23] [INFO] Chargement de robot_3d_0063-> 135/331 | 40%
[2026-03-29 16:00:23] [INFO] Chargement de robot_3d_0064-> 136/331 | 41%
[2026-03-29 16:00:23] [INFO] Chargement de robot_3d_0065-> 137/331 | 41%
[2026-03-29 16:00:23] [INFO] Chargement de robot_3d_0066-> 138/331 | 41%
[2026-03-29 16:00:23] [INFO] Chargement de robot_3d_0067-> 139/331 | 41%
[2026-03-29 16:00:23] [INFO] Chargement de robot_3d_0068-> 140/331 | 42%
[2026-03-29 16:00:23] [INFO] Chargement de robot_3d_0069-> 141/331 | 42%
[2026-03-29 16:00:23] [INFO] Chargement de robot_3d_0070-> 142/331 | 42%
[2026-03-29 16:00:23] [INFO] Chargement de robot_3d_0071-> 143/331 | 43%
[2026-03-29 16:00:23] [INFO] Chargement de robot_3d_0072-> 144/331 | 43%
[2026-03-29 16:00:23] [INFO] Chargement de robot_3d_0073-> 145/331 | 43%
[2026-03-29 16:00:23] [INFO] Chargement de robot_3d_0074-> 146/331 | 44%
[2026-03-29 16:00:23] [INFO] Chargement de robot_3d_0075-> 147/331 | 44%
[2026-03-29 16:00:23] [INFO] Chargement de robot_3d_0076-> 148/331 | 44%
[2026-03-29 16:00:23] [INFO] Chargement de robot_3d_0077-> 149/331 | 45%
[2026-03-29 16:00:23] [INFO] Chargement de robot_3d_0078-> 150/331 | 45%
[2026-03-29 16:00:23] [INFO] Chargement de robot_3d_0079-> 151/331 | 45%
[2026-03-29 16:00:23] [INFO] Chargement de robot_3d_0080-> 152/331 | 45%
[2026-03-29 16:00:23] [INFO] Chargement de robot_3d_0081-> 153/331 | 46%
[2026-03-29 16:00:23] [INFO] Chargement de robot_3d_0082-> 154/331 | 46%
[2026-03-29 16:00:23] [INFO] Chargement de robot_3d_0083-> 155/331 | 46%
[2026-03-29 16:00:23] [INFO] Chargement de robot_3d_0084-> 156/331 | 47%
[2026-03-29 16:00:23] [INFO] Chargement de robot_3d_0085-> 157/331 | 47%
[2026-03-29 16:00:23] [INFO] Chargement de robot_3d_0086-> 158/331 | 47%
[2026-03-29 16:00:23] [INFO] Chargement de robot_3d_0087-> 159/331 | 48%
[2026-03-29 16:00:23] [INFO] Chargement de robot_3d_0088-> 160/331 | 48%
[2026-03-29 16:00:23] [INFO] Chargement de robot_3d_0089-> 161/331 | 48%
[2026-03-29 16:00:23] [INFO] Chargement de robot_3d_0090-> 162/331 | 48%
[2026-03-29 16:00:23] [INFO] Chargement de robot_3d_0091-> 163/331 | 49%
[2026-03-29 16:00:23] [INFO] Chargement de robot_3d_0092-> 164/331 | 49%
[2026-03-29 16:00:23] [INFO] Chargement de robot_3d_0093-> 165/331 | 49%
[2026-03-29 16:00:23] [INFO] Chargement de robot_3d_0094-> 166/331 | 50%
[2026-03-29 16:00:23] [INFO] Chargement de robot_3d_0095-> 167/331 | 50%
[2026-03-29 16:00:23] [INFO] Chargement de robot_3d_0096-> 168/331 | 50%
[2026-03-29 16:00:23] [INFO] Chargement de robot_3d_0097-> 169/331 | 51%
[2026-03-29 16:00:23] [INFO] Chargement de robot_3d_0098-> 170/331 | 51%
[2026-03-29 16:00:23] [INFO] Chargement de robot_3d_0099-> 171/331 | 51%
[2026-03-29 16:00:23] [INFO] Chargement de robot_3d_0100-> 172/331 | 51%
[2026-03-29 16:00:23] [INFO] Chargement de robot_3d_0101-> 173/331 | 52%
[2026-03-29 16:00:23] [INFO] Chargement de robot_3d_0102-> 174/331 | 52%
[2026-03-29 16:00:23] [INFO] Chargement de robot_3d_0103-> 175/331 | 52%
[2026-03-29 16:00:23] [INFO] Chargement de robot_3d_0104-> 176/331 | 53%
[2026-03-29 16:00:23] [INFO] Chargement de robot_3d_0105-> 177/331 | 53%
[2026-03-29 16:00:23] [INFO] Chargement de robot_3d_0106-> 178/331 | 53%
[2026-03-29 16:00:23] [INFO] Chargement de robot_3d_0107-> 179/331 | 54%
[2026-03-29 16:00:23] [INFO] Chargement de robot_3d_0108-> 180/331 | 54%
[2026-03-29 16:00:23] [INFO] Chargement de robot_3d_0109-> 181/331 | 54%
[2026-03-29 16:00:23] [INFO] Chargement de robot_3d_0110-> 182/331 | 54%
[2026-03-29 16:00:23] [INFO] Chargement de robot_3d_0111-> 183/331 | 55%
[2026-03-29 16:00:23] [INFO] Chargement de robot_3d_0112-> 184/331 | 55%
[2026-03-29 16:00:23] [INFO] Chargement de robot_3d_0113-> 185/331 | 55%
[2026-03-29 16:00:23] [INFO] Chargement de robot_3d_0114-> 186/331 | 56%
[2026-03-29 16:00:23] [INFO] Chargement de robot_3d_0115-> 187/331 | 56%
[2026-03-29 16:00:23] [INFO] Chargement de robot_3d_0116-> 188/331 | 56%
[2026-03-29 16:00:23] [INFO] Chargement de robot_3d_0117-> 189/331 | 57%
[2026-03-29 16:00:23] [INFO] Chargement de robot_3d_0118-> 190/331 | 57%
[2026-03-29 16:00:23] [INFO] Chargement de robot_3d_0119-> 191/331 | 57%
[2026-03-29 16:00:23] [INFO] Chargement de robot_3d_0120-> 192/331 | 58%
[2026-03-29 16:00:23] [INFO] Chargement de robot_3d_0121-> 193/331 | 58%
[2026-03-29 16:00:23] [INFO] Chargement de robot_3d_0122-> 194/331 | 58%
[2026-03-29 16:00:23] [INFO] Chargement de robot_3d_0123-> 195/331 | 58%
[2026-03-29 16:00:23] [INFO] Chargement de robot_3d_0124-> 196/331 | 59%
[2026-03-29 16:00:23] [INFO] Chargement de robot_3d_0125-> 197/331 | 59%
[2026-03-29 16:00:23] [INFO] Chargement de robot_3d_0126-> 198/331 | 59%
[2026-03-29 16:00:23] [INFO] Chargement de robot_3d_0127-> 199/331 | 60%
[2026-03-29 16:00:23] [INFO] Chargement de robot_3d_0128-> 200/331 | 60%
[2026-03-29 16:00:23] [INFO] Chargement de robot_3d_0129-> 201/331 | 60%
[2026-03-29 16:00:23] [INFO] Chargement de robot_3d_0130-> 202/331 | 61%
[2026-03-29 16:00:23] [INFO] Chargement de robot_3d_0131-> 203/331 | 61%
[2026-03-29 16:00:23] [INFO] Chargement de robot_3d_0132-> 204/331 | 61%
[2026-03-29 16:00:23] [INFO] Chargement de robot_3d_0133-> 205/331 | 61%
[2026-03-29 16:00:23] [INFO] Chargement de robot_3d_0134-> 206/331 | 62%
[2026-03-29 16:00:23] [INFO] Chargement de robot_3d_0135-> 207/331 | 62%
[2026-03-29 16:00:23] [INFO] Chargement de robot_3d_0136-> 208/331 | 62%
[2026-03-29 16:00:23] [INFO] Chargement de robot_3d_0137-> 209/331 | 63%
[2026-03-29 16:00:23] [INFO] Chargement de robot_3d_0138-> 210/331 | 63%
[2026-03-29 16:00:23] [INFO] Chargement de robot_3d_0139-> 211/331 | 63%
[2026-03-29 16:00:23] [INFO] Chargement de robot_3d_0140-> 212/331 | 64%
[2026-03-29 16:00:23] [INFO] Chargement de robot_3d_0141-> 213/331 | 64%
[2026-03-29 16:00:23] [INFO] Chargement de robot_3d_0142-> 214/331 | 64%
[2026-03-29 16:00:23] [INFO] Chargement de robot_3d_0143-> 215/331 | 64%
[2026-03-29 16:00:23] [INFO] Chargement de robot_3d_0144-> 216/331 | 65%
[2026-03-29 16:00:23] [INFO] Chargement de robot_3d_0145-> 217/331 | 65%
[2026-03-29 16:00:23] [INFO] Chargement de robot_3d_0146-> 218/331 | 65%
[2026-03-29 16:00:23] [INFO] Chargement de robot_3d_0147-> 219/331 | 66%
[2026-03-29 16:00:23] [INFO] Chargement de robot_3d_0148-> 220/331 | 66%
[2026-03-29 16:00:23] [INFO] Chargement de robot_3d_0149-> 221/331 | 66%
[2026-03-29 16:00:23] [INFO] Chargement de robot_3d_0150-> 222/331 | 67%
[2026-03-29 16:00:23] [INFO] Chargement de robot_3d_0151-> 223/331 | 67%
[2026-03-29 16:00:23] [INFO] Chargement de robot_3d_0152-> 224/331 | 67%
[2026-03-29 16:00:23] [INFO] Chargement de robot_3d_0153-> 225/331 | 67%
[2026-03-29 16:00:23] [INFO] Chargement de robot_3d_0154-> 226/331 | 68%
[2026-03-29 16:00:23] [INFO] Chargement de robot_3d_0155-> 227/331 | 68%
[2026-03-29 16:00:23] [INFO] Chargement de robot_3d_0156-> 228/331 | 68%
[2026-03-29 16:00:23] [INFO] Chargement de robot_3d_0157-> 229/331 | 69%
[2026-03-29 16:00:23] [INFO] Chargement de robot_3d_0158-> 230/331 | 69%
[2026-03-29 16:00:23] [INFO] Chargement de robot_3d_0159-> 231/331 | 69%
[2026-03-29 16:00:23] [INFO] Chargement de robot_3d_0160-> 232/331 | 70%
[2026-03-29 16:00:23] [INFO] Chargement de robot_3d_0161-> 233/331 | 70%
[2026-03-29 16:00:23] [INFO] Chargement de robot_3d_0162-> 234/331 | 70%
[2026-03-29 16:00:23] [INFO] Chargement de robot_3d_0163-> 235/331 | 70%
[2026-03-29 16:00:23] [INFO] Chargement de robot_3d_0164-> 236/331 | 71%
[2026-03-29 16:00:23] [INFO] Chargement de robot_3d_0165-> 237/331 | 71%
[2026-03-29 16:00:23] [INFO] Chargement de robot_3d_0166-> 238/331 | 71%
[2026-03-29 16:00:23] [INFO] Chargement de robot_3d_0167-> 239/331 | 72%
[2026-03-29 16:00:23] [INFO] Chargement de robot_3d_0168-> 240/331 | 72%
[2026-03-29 16:00:23] [INFO] Chargement de robot_3d_0169-> 241/331 | 72%
[2026-03-29 16:00:23] [INFO] Chargement de robot_3d_0170-> 242/331 | 73%
[2026-03-29 16:00:23] [INFO] Chargement de robot_3d_0171-> 243/331 | 73%
[2026-03-29 16:00:23] [INFO] Chargement de robot_3d_0172-> 244/331 | 73%
[2026-03-29 16:00:23] [INFO] Chargement de robot_3d_0173-> 245/331 | 74%
[2026-03-29 16:00:23] [INFO] Chargement de robot_3d_0174-> 246/331 | 74%
[2026-03-29 16:00:23] [INFO] Chargement de robot_3d_0175-> 247/331 | 74%
[2026-03-29 16:00:23] [INFO] Chargement de robot_3d_0176-> 248/331 | 74%
[2026-03-29 16:00:23] [INFO] Chargement de robot_3d_0177-> 249/331 | 75%
[2026-03-29 16:00:23] [INFO] Chargement de robot_3d_0178-> 250/331 | 75%
[2026-03-29 16:00:23] [INFO] Chargement de robot_3d_0179-> 251/331 | 75%
[2026-03-29 16:00:23] [INFO] Chargement de robot_3d_0180-> 252/331 | 76%
[2026-03-29 16:00:23] [INFO] Chargement de robot_3d_0181-> 253/331 | 76%
[2026-03-29 16:00:23] [INFO] Chargement de robot_3d_0182-> 254/331 | 76%
[2026-03-29 16:00:23] [INFO] Chargement de robot_3d_0183-> 255/331 | 77%
[2026-03-29 16:00:23] [INFO] Chargement de robot_3d_0184-> 256/331 | 77%
[2026-03-29 16:00:23] [INFO] Chargement de robot_3d_0185-> 257/331 | 77%
[2026-03-29 16:00:23] [INFO] Chargement de robot_3d_0186-> 258/331 | 77%
[2026-03-29 16:00:23] [INFO] Chargement de robot_3d_0187-> 259/331 | 78%
[2026-03-29 16:00:23] [INFO] Chargement de robot_3d_0188-> 260/331 | 78%
[2026-03-29 16:00:23] [INFO] Chargement de robot_3d_0189-> 261/331 | 78%
[2026-03-29 16:00:23] [INFO] Chargement de robot_3d_0190-> 262/331 | 79%
[2026-03-29 16:00:23] [INFO] Chargement de robot_3d_0191-> 263/331 | 79%
[2026-03-29 16:00:23] [INFO] Chargement de robot_3d_0192-> 264/331 | 79%
[2026-03-29 16:00:23] [INFO] Chargement de robot_3d_0193-> 265/331 | 80%
[2026-03-29 16:00:23] [INFO] Chargement de robot_3d_0194-> 266/331 | 80%
[2026-03-29 16:00:23] [INFO] Chargement de robot_3d_0195-> 267/331 | 80%
[2026-03-29 16:00:23] [INFO] Chargement de robot_3d_0196-> 268/331 | 80%
[2026-03-29 16:00:23] [INFO] Chargement de robot_3d_0197-> 269/331 | 81%
[2026-03-29 16:00:23] [INFO] Chargement de robot_3d_0198-> 270/331 | 81%
[2026-03-29 16:00:23] [INFO] Chargement de robot_3d_0199-> 271/331 | 81%
[2026-03-29 16:00:23] [INFO] Chargement de robot_3d_0200-> 272/331 | 82%
[2026-03-29 16:00:23] [INFO] Chargement de robot_3d_0201-> 273/331 | 82%
[2026-03-29 16:00:23] [INFO] Chargement de robot_3d_0202-> 274/331 | 82%
[2026-03-29 16:00:23] [INFO] Chargement de robot_3d_0203-> 275/331 | 83%
[2026-03-29 16:00:23] [INFO] Chargement de robot_3d_0204-> 276/331 | 83%
[2026-03-29 16:00:23] [INFO] Chargement de robot_3d_0205-> 277/331 | 83%
[2026-03-29 16:00:23] [INFO] Chargement de robot_3d_0206-> 278/331 | 83%
[2026-03-29 16:00:23] [INFO] Chargement de robot_3d_0207-> 279/331 | 84%
[2026-03-29 16:00:23] [INFO] Chargement de robot_3d_0208-> 280/331 | 84%
[2026-03-29 16:00:23] [INFO] Chargement de robot_3d_0209-> 281/331 | 84%
[2026-03-29 16:00:23] [INFO] Chargement de robot_3d_0210-> 282/331 | 85%
[2026-03-29 16:00:23] [INFO] Chargement de robot_3d_0211-> 283/331 | 85%
[2026-03-29 16:00:23] [INFO] Chargement de robot_3d_0212-> 284/331 | 85%
[2026-03-29 16:00:23] [INFO] Chargement de robot_3d_0213-> 285/331 | 86%
[2026-03-29 16:00:23] [INFO] Chargement de robot_3d_0214-> 286/331 | 86%
[2026-03-29 16:00:23] [INFO] Chargement de robot_3d_0215-> 287/331 | 86%
[2026-03-29 16:00:23] [INFO] Chargement de robot_3d_0216-> 288/331 | 87%
[2026-03-29 16:00:23] [INFO] Chargement de robot_3d_0217-> 289/331 | 87%
[2026-03-29 16:00:23] [INFO] Chargement de robot_3d_0218-> 290/331 | 87%
[2026-03-29 16:00:23] [INFO] Chargement de robot_3d_0219-> 291/331 | 87%
[2026-03-29 16:00:23] [INFO] Chargement de robot_3d_0220-> 292/331 | 88%
[2026-03-29 16:00:23] [INFO] Chargement de robot_3d_0221-> 293/331 | 88%
[2026-03-29 16:00:23] [INFO] Chargement de robot_3d_0222-> 294/331 | 88%
[2026-03-29 16:00:23] [INFO] Chargement de robot_3d_0223-> 295/331 | 89%
[2026-03-29 16:00:23] [INFO] Chargement de robot_3d_0224-> 296/331 | 89%
[2026-03-29 16:00:23] [INFO] Chargement de robot_3d_0225-> 297/331 | 89%
[2026-03-29 16:00:23] [INFO] Chargement de robot_3d_0226-> 298/331 | 90%
[2026-03-29 16:00:23] [INFO] Chargement de robot_3d_0227-> 299/331 | 90%
[2026-03-29 16:00:23] [INFO] Chargement de robot_3d_0228-> 300/331 | 90%
[2026-03-29 16:00:23] [INFO] Chargement de robot_3d_0229-> 301/331 | 90%
[2026-03-29 16:00:23] [INFO] Chargement de robot_3d_0230-> 302/331 | 91%
[2026-03-29 16:00:23] [INFO] Chargement de robot_3d_0231-> 303/331 | 91%
[2026-03-29 16:00:23] [INFO] Chargement de robot_3d_0232-> 304/331 | 91%
[2026-03-29 16:00:23] [INFO] Chargement de robot_3d_0233-> 305/331 | 92%
[2026-03-29 16:00:23] [INFO] Chargement de robot_3d_0234-> 306/331 | 92%
[2026-03-29 16:00:23] [INFO] Chargement de robot_3d_0235-> 307/331 | 92%
[2026-03-29 16:00:23] [INFO] Chargement de robot_3d_0236-> 308/331 | 93%
[2026-03-29 16:00:23] [INFO] Chargement de robot_3d_0237-> 309/331 | 93%
[2026-03-29 16:00:23] [INFO] Chargement de robot_3d_0238-> 310/331 | 93%
[2026-03-29 16:00:23] [INFO] Chargement de robot_3d_0239-> 311/331 | 93%
[2026-03-29 16:00:23] [INFO] Chargement de robot_3d_0240-> 312/331 | 94%
[2026-03-29 16:00:23] [INFO] Chargement de water_4-> 317/331 | 95%
[2026-03-29 16:00:23] [INFO] Chargement de lava_5-> 326/331 | 98%
[2026-03-29 16:00:23] [INFO] Chargement de rocket_1-> 330/331 | 99%
[2026-03-29 16:00:24] [INFO] Assets chargés, redirect vers play_menu
[2026-03-29 16:00:24] [INFO] Entrez dans play_menu avec le compte test1.json
[2026-03-29 16:00:42] [ERROR] play_menu ->
Traceback (most recent call last):
  File "g:\informatique_tfe\tfe\src\data\object\games\play_menu.py", line 77, in play_menu
    keys = pygame.key.get_pressed()
           ^^^^^^^^^^^^^^^^^^^^^^^^
pygame.error: video system not initialized
[2026-03-29 16:00:42] [INFO] Compte choisi -> True
[2026-03-29 16:00:42] [INFO] Main Menu
[2026-03-29 16:00:42] [INFO] +------ Fin du jeux -----+
[2026-03-29 17:25:32] [INFO] 



+///////////////////////////////////////////////////////////////////////////+

                Démarrage de Nexus Extraction

+///////////////////////////////////////////////////////////////////////////+

[2026-03-29 17:25:32] [INFO] 
+---------------------------- Bienvenue ! ----------------------------+

Bienvenue dans Nexus Extraction. Si vous lisez ceci, c’est que vous vous
trouvez actuellement dans les logs du jeu. Si vous êtes un joueur lambda,
cette fenêtre ne vous intéressera pas, mais ne la fermez pas, car cette
action entraînera la fermeture du jeu.

En cas de problème ou de plantage du jeu, merci de contacter le développeur
à l’adresse e-mail suivante : mouyelv@sjb-liege.org
en joignant les fichiers de logs qui se trouvent dans le dossier "logs/".

Merci de jouer à Nexus Extraction et bon jeu ;)

+-------------------------------- LOGS --------------------------------+

[2026-03-29 17:25:33] [INFO] Main Menu
[2026-03-29 17:25:42] [INFO] +------ Fin du jeux -----+
[2026-04-02 09:00:46] [INFO] 



+///////////////////////////////////////////////////////////////////////////+

                Démarrage de Nexus Extraction

+///////////////////////////////////////////////////////////////////////////+

[2026-04-02 09:00:46] [INFO] 
+---------------------------- Bienvenue ! ----------------------------+

Bienvenue dans Nexus Extraction. Si vous lisez ceci, c’est que vous vous
trouvez actuellement dans les logs du jeu. Si vous êtes un joueur lambda,
cette fenêtre ne vous intéressera pas, mais ne la fermez pas, car cette
action entraînera la fermeture du jeu.

En cas de problème ou de plantage du jeu, merci de contacter le développeur
à l’adresse e-mail suivante : mouyelv@sjb-liege.org
en joignant les fichiers de logs qui se trouvent dans le dossier "logs/".

Merci de jouer à Nexus Extraction et bon jeu ;)

+-------------------------------- LOGS --------------------------------+

[2026-04-02 09:00:46] [INFO] Main Menu
[2026-04-02 09:01:05] [INFO] Entrez dans compte
[2026-04-02 09:01:06] [INFO] Entrez dans load_menu avec le compte -> test1.json
[2026-04-02 09:01:06] [INFO] Chargement de creator-> 2/331 | 0%
[2026-04-02 09:01:06] [INFO] Chargement de creator-> 2/331 | 0%
[2026-04-02 09:01:07] [INFO] Chargement de creator-> 2/331 | 0%
[2026-04-02 09:01:07] [INFO] Chargement de creator-> 2/331 | 0%
[2026-04-02 09:01:07] [INFO] Chargement de creator-> 2/331 | 0%
[2026-04-02 09:01:07] [INFO] Chargement de creator-> 2/331 | 0%
[2026-04-02 09:01:07] [INFO] Chargement de creator-> 2/331 | 0%
[2026-04-02 09:01:07] [INFO] Chargement de the_void-> 4/331 | 1%
[2026-04-02 09:01:07] [INFO] Chargement de the_void_full-> 5/331 | 1%
[2026-04-02 09:01:07] [INFO] Chargement de underground_1-> 6/331 | 1%
[2026-04-02 09:01:07] [INFO] Chargement de underground_2-> 7/331 | 2%
[2026-04-02 09:01:07] [INFO] Chargement de underground_2-> 7/331 | 2%
[2026-04-02 09:01:07] [INFO] Chargement de underground_2-> 7/331 | 2%
[2026-04-02 09:01:07] [INFO] Chargement de underground_2-> 7/331 | 2%
[2026-04-02 09:01:07] [INFO] Chargement de underground_2-> 7/331 | 2%
[2026-04-02 09:01:07] [INFO] Chargement de underground_2-> 7/331 | 2%
[2026-04-02 09:01:07] [INFO] Chargement de underground_2-> 7/331 | 2%
[2026-04-02 09:01:07] [INFO] Chargement de underground_2-> 7/331 | 2%
[2026-04-02 09:01:07] [INFO] Chargement de underground_3-> 8/331 | 2%
[2026-04-02 09:01:07] [INFO] Chargement de btn_play_menu-> 9/331 | 2%
[2026-04-02 09:01:07] [INFO] Chargement de btn_play_menu-> 9/331 | 2%
[2026-04-02 09:01:07] [INFO] Chargement de btn_boutique_menu-> 10/331 | 3%
[2026-04-02 09:01:07] [INFO] Chargement de btn_boutique_menu-> 10/331 | 3%
[2026-04-02 09:01:07] [INFO] Chargement de btn_boutique_menu-> 10/331 | 3%
[2026-04-02 09:01:07] [INFO] Chargement de btn_option_menu-> 11/331 | 3%
[2026-04-02 09:01:07] [INFO] Chargement de btn_option_menu-> 11/331 | 3%
[2026-04-02 09:01:07] [INFO] Chargement de btn_option_menu-> 11/331 | 3%
[2026-04-02 09:01:07] [INFO] Chargement de btn_option_menu-> 11/331 | 3%
[2026-04-02 09:01:07] [INFO] Chargement de btn_play-> 12/331 | 3%
[2026-04-02 09:01:07] [INFO] Chargement de btn_play-> 12/331 | 3%
[2026-04-02 09:01:07] [INFO] Chargement de btn_play-> 12/331 | 3%
[2026-04-02 09:01:07] [INFO] Chargement de btn_quitter-> 13/331 | 3%
[2026-04-02 09:01:07] [INFO] Chargement de btn_quitter-> 13/331 | 3%
[2026-04-02 09:01:07] [INFO] Chargement de btn_compte-> 14/331 | 4%
[2026-04-02 09:01:07] [INFO] Chargement de barre_laterale-> 16/331 | 4%
[2026-04-02 09:01:08] [INFO] Chargement de boutique_bg-> 17/331 | 5%
[2026-04-02 09:01:08] [INFO] Chargement de boutique_pression-> 20/331 | 6%
[2026-04-02 09:01:08] [INFO] Chargement de inventory-> 21/331 | 6%
[2026-04-02 09:01:08] [INFO] Chargement de danger-> 23/331 | 6%
[2026-04-02 09:01:08] [INFO] Chargement de pression_icon-> 24/331 | 7%
[2026-04-02 09:01:08] [INFO] Chargement de stairs-> 28/331 | 8%
[2026-04-02 09:01:08] [INFO] Chargement de emerald_ore-> 31/331 | 9%
[2026-04-02 09:01:08] [INFO] Chargement de bedrock-> 34/331 | 10%
[2026-04-02 09:01:08] [INFO] Chargement de deepslate_coal_ore-> 38/331 | 11%
[2026-04-02 09:01:08] [INFO] Chargement de deepslate_diamond_ore-> 42/331 | 12%
[2026-04-02 09:01:08] [INFO] Chargement de lapis_ore-> 46/331 | 13%
[2026-04-02 09:01:08] [INFO] Chargement de crying_obsidian-> 49/331 | 14%
[2026-04-02 09:01:08] [INFO] Chargement de robot_0-> 53/331 | 16%
[2026-04-02 09:01:08] [INFO] Chargement de robot_5-> 58/331 | 17%
[2026-04-02 09:01:08] [INFO] Chargement de robot_20-> 62/331 | 18%
[2026-04-02 09:01:08] [INFO] Chargement de robot_75-> 66/331 | 19%
[2026-04-02 09:01:08] [INFO] Chargement de robot_3d_0001-> 73/331 | 22%
[2026-04-02 09:01:09] [INFO] Chargement de robot_3d_0003-> 75/331 | 22%
[2026-04-02 09:01:09] [INFO] Chargement de robot_3d_0004-> 76/331 | 22%
[2026-04-02 09:01:09] [INFO] Chargement de robot_3d_0005-> 77/331 | 23%
[2026-04-02 09:01:09] [INFO] Chargement de robot_3d_0006-> 78/331 | 23%
[2026-04-02 09:01:09] [INFO] Chargement de robot_3d_0007-> 79/331 | 23%
[2026-04-02 09:01:09] [INFO] Chargement de robot_3d_0008-> 80/331 | 24%
[2026-04-02 09:01:09] [INFO] Chargement de robot_3d_0008-> 80/331 | 24%
[2026-04-02 09:01:09] [INFO] Chargement de robot_3d_0010-> 82/331 | 24%
[2026-04-02 09:01:09] [INFO] Chargement de robot_3d_0010-> 82/331 | 24%
[2026-04-02 09:01:09] [INFO] Chargement de robot_3d_0011-> 83/331 | 25%
[2026-04-02 09:01:09] [INFO] Chargement de robot_3d_0012-> 84/331 | 25%
[2026-04-02 09:01:09] [INFO] Chargement de robot_3d_0013-> 85/331 | 25%
[2026-04-02 09:01:09] [INFO] Chargement de robot_3d_0014-> 86/331 | 25%
[2026-04-02 09:01:09] [INFO] Chargement de robot_3d_0015-> 87/331 | 26%
[2026-04-02 09:01:09] [INFO] Chargement de robot_3d_0016-> 88/331 | 26%
[2026-04-02 09:01:09] [INFO] Chargement de robot_3d_0017-> 89/331 | 26%
[2026-04-02 09:01:09] [INFO] Chargement de robot_3d_0018-> 90/331 | 27%
[2026-04-02 09:01:09] [INFO] Chargement de robot_3d_0019-> 91/331 | 27%
[2026-04-02 09:01:09] [INFO] Chargement de robot_3d_0020-> 92/331 | 27%
[2026-04-02 09:01:09] [INFO] Chargement de robot_3d_0021-> 93/331 | 28%
[2026-04-02 09:01:09] [INFO] Chargement de robot_3d_0022-> 94/331 | 28%
[2026-04-02 09:01:09] [INFO] Chargement de robot_3d_0023-> 95/331 | 28%
[2026-04-02 09:01:09] [INFO] Chargement de robot_3d_0024-> 96/331 | 29%
[2026-04-02 09:01:09] [INFO] Chargement de robot_3d_0025-> 97/331 | 29%
[2026-04-02 09:01:09] [INFO] Chargement de robot_3d_0026-> 98/331 | 29%
[2026-04-02 09:01:09] [INFO] Chargement de robot_3d_0027-> 99/331 | 29%
[2026-04-02 09:01:09] [INFO] Chargement de robot_3d_0028-> 100/331 | 30%
[2026-04-02 09:01:09] [INFO] Chargement de robot_3d_0029-> 101/331 | 30%
[2026-04-02 09:01:09] [INFO] Chargement de robot_3d_0030-> 102/331 | 30%
[2026-04-02 09:01:09] [INFO] Chargement de robot_3d_0031-> 103/331 | 31%
[2026-04-02 09:01:09] [INFO] Chargement de robot_3d_0032-> 104/331 | 31%
[2026-04-02 09:01:09] [INFO] Chargement de robot_3d_0033-> 105/331 | 31%
[2026-04-02 09:01:09] [INFO] Chargement de robot_3d_0034-> 106/331 | 32%
[2026-04-02 09:01:09] [INFO] Chargement de robot_3d_0035-> 107/331 | 32%
[2026-04-02 09:01:09] [INFO] Chargement de robot_3d_0036-> 108/331 | 32%
[2026-04-02 09:01:09] [INFO] Chargement de robot_3d_0037-> 109/331 | 32%
[2026-04-02 09:01:09] [INFO] Chargement de robot_3d_0038-> 110/331 | 33%
[2026-04-02 09:01:09] [INFO] Chargement de robot_3d_0039-> 111/331 | 33%
[2026-04-02 09:01:10] [INFO] Chargement de robot_3d_0058-> 130/331 | 39%
[2026-04-02 09:01:10] [INFO] Chargement de robot_3d_0059-> 131/331 | 39%
[2026-04-02 09:01:10] [INFO] Chargement de robot_3d_0060-> 132/331 | 39%
[2026-04-02 09:01:10] [INFO] Chargement de robot_3d_0061-> 133/331 | 40%
[2026-04-02 09:01:10] [INFO] Chargement de robot_3d_0062-> 134/331 | 40%
[2026-04-02 09:01:10] [INFO] Chargement de robot_3d_0063-> 135/331 | 40%
[2026-04-02 09:01:10] [INFO] Chargement de robot_3d_0064-> 136/331 | 41%
[2026-04-02 09:01:10] [INFO] Chargement de robot_3d_0065-> 137/331 | 41%
[2026-04-02 09:01:10] [INFO] Chargement de robot_3d_0066-> 138/331 | 41%
[2026-04-02 09:01:10] [INFO] Chargement de robot_3d_0067-> 139/331 | 41%
[2026-04-02 09:01:10] [INFO] Chargement de robot_3d_0068-> 140/331 | 42%
[2026-04-02 09:01:10] [INFO] Chargement de robot_3d_0069-> 141/331 | 42%
[2026-04-02 09:01:10] [INFO] Chargement de robot_3d_0070-> 142/331 | 42%
[2026-04-02 09:01:10] [INFO] Chargement de robot_3d_0071-> 143/331 | 43%
[2026-04-02 09:01:10] [INFO] Chargement de robot_3d_0072-> 144/331 | 43%
[2026-04-02 09:01:10] [INFO] Chargement de robot_3d_0073-> 145/331 | 43%
[2026-04-02 09:01:10] [INFO] Chargement de robot_3d_0074-> 146/331 | 44%
[2026-04-02 09:01:10] [INFO] Chargement de robot_3d_0075-> 147/331 | 44%
[2026-04-02 09:01:10] [INFO] Chargement de robot_3d_0076-> 148/331 | 44%
[2026-04-02 09:01:10] [INFO] Chargement de robot_3d_0077-> 149/331 | 45%
[2026-04-02 09:01:10] [INFO] Chargement de robot_3d_0078-> 150/331 | 45%
[2026-04-02 09:01:10] [INFO] Chargement de robot_3d_0079-> 151/331 | 45%
[2026-04-02 09:01:10] [INFO] Chargement de robot_3d_0080-> 152/331 | 45%
[2026-04-02 09:01:10] [INFO] Chargement de robot_3d_0081-> 153/331 | 46%
[2026-04-02 09:01:10] [INFO] Chargement de robot_3d_0082-> 154/331 | 46%
[2026-04-02 09:01:10] [INFO] Chargement de robot_3d_0083-> 155/331 | 46%
[2026-04-02 09:01:10] [INFO] Chargement de robot_3d_0084-> 156/331 | 47%
[2026-04-02 09:01:10] [INFO] Chargement de robot_3d_0085-> 157/331 | 47%
[2026-04-02 09:01:10] [INFO] Chargement de robot_3d_0086-> 158/331 | 47%
[2026-04-02 09:01:10] [INFO] Chargement de robot_3d_0087-> 159/331 | 48%
[2026-04-02 09:01:11] [INFO] Chargement de robot_3d_0088-> 160/331 | 48%
[2026-04-02 09:01:11] [INFO] Chargement de robot_3d_0089-> 161/331 | 48%
[2026-04-02 09:01:11] [INFO] Chargement de robot_3d_0090-> 162/331 | 48%
[2026-04-02 09:01:11] [INFO] Chargement de robot_3d_0091-> 163/331 | 49%
[2026-04-02 09:01:11] [INFO] Chargement de robot_3d_0092-> 164/331 | 49%
[2026-04-02 09:01:11] [INFO] Chargement de robot_3d_0093-> 165/331 | 49%
[2026-04-02 09:01:11] [INFO] Chargement de robot_3d_0094-> 166/331 | 50%
[2026-04-02 09:01:11] [INFO] Chargement de robot_3d_0095-> 167/331 | 50%
[2026-04-02 09:01:11] [INFO] Chargement de robot_3d_0096-> 168/331 | 50%
[2026-04-02 09:01:11] [INFO] Chargement de robot_3d_0097-> 169/331 | 51%
[2026-04-02 09:01:11] [INFO] Chargement de robot_3d_0098-> 170/331 | 51%
[2026-04-02 09:01:11] [INFO] Chargement de robot_3d_0099-> 171/331 | 51%
[2026-04-02 09:01:11] [INFO] Chargement de robot_3d_0100-> 172/331 | 51%
[2026-04-02 09:01:11] [INFO] Chargement de robot_3d_0101-> 173/331 | 52%
[2026-04-02 09:01:11] [INFO] Chargement de robot_3d_0102-> 174/331 | 52%
[2026-04-02 09:01:11] [INFO] Chargement de robot_3d_0103-> 175/331 | 52%
[2026-04-02 09:01:11] [INFO] Chargement de robot_3d_0104-> 176/331 | 53%
[2026-04-02 09:01:11] [INFO] Chargement de robot_3d_0105-> 177/331 | 53%
[2026-04-02 09:01:11] [INFO] Chargement de robot_3d_0106-> 178/331 | 53%
[2026-04-02 09:01:11] [INFO] Chargement de robot_3d_0107-> 179/331 | 54%
[2026-04-02 09:01:11] [INFO] Chargement de robot_3d_0109-> 181/331 | 54%
[2026-04-02 09:01:11] [INFO] Chargement de robot_3d_0111-> 183/331 | 55%
[2026-04-02 09:01:11] [INFO] Chargement de robot_3d_0112-> 184/331 | 55%
[2026-04-02 09:01:11] [INFO] Chargement de robot_3d_0113-> 185/331 | 55%
[2026-04-02 09:01:11] [INFO] Chargement de robot_3d_0114-> 186/331 | 56%
[2026-04-02 09:01:11] [INFO] Chargement de robot_3d_0115-> 187/331 | 56%
[2026-04-02 09:01:11] [INFO] Chargement de robot_3d_0116-> 188/331 | 56%
[2026-04-02 09:01:11] [INFO] Chargement de robot_3d_0117-> 189/331 | 57%
[2026-04-02 09:01:11] [INFO] Chargement de robot_3d_0118-> 190/331 | 57%
[2026-04-02 09:01:11] [INFO] Chargement de robot_3d_0119-> 191/331 | 57%
[2026-04-02 09:01:11] [INFO] Chargement de robot_3d_0120-> 192/331 | 58%
[2026-04-02 09:01:11] [INFO] Chargement de robot_3d_0121-> 193/331 | 58%
[2026-04-02 09:01:11] [INFO] Chargement de robot_3d_0122-> 194/331 | 58%
[2026-04-02 09:01:11] [INFO] Chargement de robot_3d_0123-> 195/331 | 58%
[2026-04-02 09:01:11] [INFO] Chargement de robot_3d_0124-> 196/331 | 59%
[2026-04-02 09:01:11] [INFO] Chargement de robot_3d_0125-> 197/331 | 59%
[2026-04-02 09:01:11] [INFO] Chargement de robot_3d_0126-> 198/331 | 59%
[2026-04-02 09:01:11] [INFO] Chargement de robot_3d_0127-> 199/331 | 60%
[2026-04-02 09:01:11] [INFO] Chargement de robot_3d_0128-> 200/331 | 60%
[2026-04-02 09:01:11] [INFO] Chargement de robot_3d_0129-> 201/331 | 60%
[2026-04-02 09:01:12] [INFO] Chargement de robot_3d_0130-> 202/331 | 61%
[2026-04-02 09:01:12] [INFO] Chargement de robot_3d_0131-> 203/331 | 61%
[2026-04-02 09:01:12] [INFO] Chargement de robot_3d_0132-> 204/331 | 61%
[2026-04-02 09:01:12] [INFO] Chargement de robot_3d_0133-> 205/331 | 61%
[2026-04-02 09:01:12] [INFO] Chargement de robot_3d_0134-> 206/331 | 62%
[2026-04-02 09:01:12] [INFO] Chargement de robot_3d_0135-> 207/331 | 62%
[2026-04-02 09:01:12] [INFO] Chargement de robot_3d_0136-> 208/331 | 62%
[2026-04-02 09:01:12] [INFO] Chargement de robot_3d_0137-> 209/331 | 63%
[2026-04-02 09:01:12] [INFO] Chargement de robot_3d_0138-> 210/331 | 63%
[2026-04-02 09:01:12] [INFO] Chargement de robot_3d_0139-> 211/331 | 63%
[2026-04-02 09:01:12] [INFO] Chargement de robot_3d_0140-> 212/331 | 64%
[2026-04-02 09:01:12] [INFO] Chargement de robot_3d_0141-> 213/331 | 64%
[2026-04-02 09:01:12] [INFO] Chargement de robot_3d_0142-> 214/331 | 64%
[2026-04-02 09:01:12] [INFO] Chargement de robot_3d_0143-> 215/331 | 64%
[2026-04-02 09:01:12] [INFO] Chargement de robot_3d_0144-> 216/331 | 65%
[2026-04-02 09:01:12] [INFO] Chargement de robot_3d_0145-> 217/331 | 65%
[2026-04-02 09:01:12] [INFO] Chargement de robot_3d_0146-> 218/331 | 65%
[2026-04-02 09:01:12] [INFO] Chargement de robot_3d_0147-> 219/331 | 66%
[2026-04-02 09:01:12] [INFO] Chargement de robot_3d_0148-> 220/331 | 66%
[2026-04-02 09:01:12] [INFO] Chargement de robot_3d_0149-> 221/331 | 66%
[2026-04-02 09:01:12] [INFO] Chargement de robot_3d_0150-> 222/331 | 67%
[2026-04-02 09:01:12] [INFO] Chargement de robot_3d_0151-> 223/331 | 67%
[2026-04-02 09:01:12] [INFO] Chargement de robot_3d_0152-> 224/331 | 67%
[2026-04-02 09:01:12] [INFO] Chargement de robot_3d_0153-> 225/331 | 67%
[2026-04-02 09:01:12] [INFO] Chargement de robot_3d_0154-> 226/331 | 68%
[2026-04-02 09:01:12] [INFO] Chargement de robot_3d_0155-> 227/331 | 68%
[2026-04-02 09:01:12] [INFO] Chargement de robot_3d_0156-> 228/331 | 68%
[2026-04-02 09:01:12] [INFO] Chargement de robot_3d_0157-> 229/331 | 69%
[2026-04-02 09:01:12] [INFO] Chargement de robot_3d_0158-> 230/331 | 69%
[2026-04-02 09:01:12] [INFO] Chargement de robot_3d_0159-> 231/331 | 69%
[2026-04-02 09:01:12] [INFO] Chargement de robot_3d_0177-> 249/331 | 75%
[2026-04-02 09:01:13] [INFO] Chargement de robot_3d_0178-> 250/331 | 75%
[2026-04-02 09:01:13] [INFO] Chargement de robot_3d_0179-> 251/331 | 75%
[2026-04-02 09:01:13] [INFO] Chargement de robot_3d_0180-> 252/331 | 76%
[2026-04-02 09:01:13] [INFO] Chargement de robot_3d_0181-> 253/331 | 76%
[2026-04-02 09:01:13] [INFO] Chargement de robot_3d_0182-> 254/331 | 76%
[2026-04-02 09:01:13] [INFO] Chargement de robot_3d_0183-> 255/331 | 77%
[2026-04-02 09:01:13] [INFO] Chargement de robot_3d_0184-> 256/331 | 77%
[2026-04-02 09:01:13] [INFO] Chargement de robot_3d_0185-> 257/331 | 77%
[2026-04-02 09:01:13] [INFO] Chargement de robot_3d_0186-> 258/331 | 77%
[2026-04-02 09:01:13] [INFO] Chargement de robot_3d_0187-> 259/331 | 78%
[2026-04-02 09:01:13] [INFO] Chargement de robot_3d_0188-> 260/331 | 78%
[2026-04-02 09:01:13] [INFO] Chargement de robot_3d_0189-> 261/331 | 78%
[2026-04-02 09:01:13] [INFO] Chargement de robot_3d_0190-> 262/331 | 79%
[2026-04-02 09:01:13] [INFO] Chargement de robot_3d_0191-> 263/331 | 79%
[2026-04-02 09:01:13] [INFO] Chargement de robot_3d_0192-> 264/331 | 79%
[2026-04-02 09:01:13] [INFO] Chargement de robot_3d_0193-> 265/331 | 80%
[2026-04-02 09:01:13] [INFO] Chargement de robot_3d_0194-> 266/331 | 80%
[2026-04-02 09:01:13] [INFO] Chargement de robot_3d_0195-> 267/331 | 80%
[2026-04-02 09:01:13] [INFO] Chargement de robot_3d_0196-> 268/331 | 80%
[2026-04-02 09:01:13] [INFO] Chargement de robot_3d_0197-> 269/331 | 81%
[2026-04-02 09:01:13] [INFO] Chargement de robot_3d_0198-> 270/331 | 81%
[2026-04-02 09:01:13] [INFO] Chargement de robot_3d_0199-> 271/331 | 81%
[2026-04-02 09:01:13] [INFO] Chargement de robot_3d_0200-> 272/331 | 82%
[2026-04-02 09:01:13] [INFO] Chargement de robot_3d_0201-> 273/331 | 82%
[2026-04-02 09:01:13] [INFO] Chargement de robot_3d_0202-> 274/331 | 82%
[2026-04-02 09:01:13] [INFO] Chargement de robot_3d_0203-> 275/331 | 83%
[2026-04-02 09:01:13] [INFO] Chargement de robot_3d_0204-> 276/331 | 83%
[2026-04-02 09:01:13] [INFO] Chargement de robot_3d_0205-> 277/331 | 83%
[2026-04-02 09:01:13] [INFO] Chargement de robot_3d_0206-> 278/331 | 83%
[2026-04-02 09:01:13] [INFO] Chargement de robot_3d_0207-> 279/331 | 84%
[2026-04-02 09:01:13] [INFO] Chargement de robot_3d_0208-> 280/331 | 84%
[2026-04-02 09:01:13] [INFO] Chargement de robot_3d_0209-> 281/331 | 84%
[2026-04-02 09:01:13] [INFO] Chargement de robot_3d_0210-> 282/331 | 85%
[2026-04-02 09:01:13] [INFO] Chargement de robot_3d_0211-> 283/331 | 85%
[2026-04-02 09:01:13] [INFO] Chargement de robot_3d_0212-> 284/331 | 85%
[2026-04-02 09:01:13] [INFO] Chargement de robot_3d_0213-> 285/331 | 86%
[2026-04-02 09:01:13] [INFO] Chargement de robot_3d_0214-> 286/331 | 86%
[2026-04-02 09:01:13] [INFO] Chargement de robot_3d_0215-> 287/331 | 86%
[2026-04-02 09:01:13] [INFO] Chargement de robot_3d_0216-> 288/331 | 87%
[2026-04-02 09:01:13] [INFO] Chargement de robot_3d_0217-> 289/331 | 87%
[2026-04-02 09:01:13] [INFO] Chargement de robot_3d_0218-> 290/331 | 87%
[2026-04-02 09:01:13] [INFO] Chargement de robot_3d_0219-> 291/331 | 87%
[2026-04-02 09:01:13] [INFO] Chargement de robot_3d_0220-> 292/331 | 88%
[2026-04-02 09:01:14] [INFO] Chargement de robot_3d_0221-> 293/331 | 88%
[2026-04-02 09:01:14] [INFO] Chargement de robot_3d_0222-> 294/331 | 88%
[2026-04-02 09:01:14] [INFO] Chargement de robot_3d_0223-> 295/331 | 89%
[2026-04-02 09:01:14] [INFO] Chargement de robot_3d_0224-> 296/331 | 89%
[2026-04-02 09:01:14] [INFO] Chargement de robot_3d_0225-> 297/331 | 89%
[2026-04-02 09:01:14] [INFO] Chargement de robot_3d_0226-> 298/331 | 90%
[2026-04-02 09:01:14] [INFO] Chargement de robot_3d_0227-> 299/331 | 90%
[2026-04-02 09:01:14] [INFO] Chargement de robot_3d_0228-> 300/331 | 90%
[2026-04-02 09:01:14] [INFO] Chargement de robot_3d_0229-> 301/331 | 90%
[2026-04-02 09:01:14] [INFO] Chargement de robot_3d_0230-> 302/331 | 91%
[2026-04-02 09:01:14] [INFO] Chargement de robot_3d_0231-> 303/331 | 91%
[2026-04-02 09:01:14] [INFO] Chargement de robot_3d_0232-> 304/331 | 91%
[2026-04-02 09:01:14] [INFO] Chargement de robot_3d_0233-> 305/331 | 92%
[2026-04-02 09:01:14] [INFO] Chargement de robot_3d_0234-> 306/331 | 92%
[2026-04-02 09:01:14] [INFO] Chargement de robot_3d_0235-> 307/331 | 92%
[2026-04-02 09:01:14] [INFO] Chargement de robot_3d_0236-> 308/331 | 93%
[2026-04-02 09:01:14] [INFO] Chargement de robot_3d_0237-> 309/331 | 93%
[2026-04-02 09:01:14] [INFO] Chargement de robot_3d_0238-> 310/331 | 93%
[2026-04-02 09:01:14] [INFO] Chargement de robot_3d_0239-> 311/331 | 93%
[2026-04-02 09:01:14] [INFO] Chargement de robot_3d_0240-> 312/331 | 94%
[2026-04-02 09:01:14] [INFO] Chargement de water_1-> 314/331 | 94%
[2026-04-02 09:01:14] [INFO] Chargement de water_4-> 317/331 | 95%
[2026-04-02 09:01:14] [INFO] Chargement de lava_0-> 321/331 | 96%
[2026-04-02 09:01:14] [INFO] Chargement de lava_3-> 324/331 | 97%
[2026-04-02 09:01:14] [INFO] Chargement de lava_5-> 326/331 | 98%
[2026-04-02 09:01:14] [INFO] Chargement de rocket_0-> 329/331 | 99%
[2026-04-02 09:01:14] [INFO] Assets chargés, redirect vers play_menu
[2026-04-02 09:01:14] [INFO] Entrez dans play_menu avec le compte test1.json
[2026-04-02 09:01:40] [ERROR] play ->
Traceback (most recent call last):
  File "d:\informatique_tfe\tfe\src\data\object\games\play.py", line 252, in play
    maps,new_maps_check = robot.update(maps, collision_tiles)
                          ^^^^^^^^^^^^^^^^^^^^^^^^^^^^^^^^^^^
  File "d:\informatique_tfe\tfe\src\data\object\personnages\robot.py", line 201, in update
    self.check_liquid(maps)
  File "d:\informatique_tfe\tfe\src\data\object\personnages\robot.py", line 220, in check_liquid
    self.remove_energy(0.1)
  File "d:\informatique_tfe\tfe\src\data\object\personnages\robot.py", line 71, in remove_energy
    self.end()
  File "d:\informatique_tfe\tfe\src\data\object\personnages\robot.py", line 66, in end
    finish_menu(self.collected_resources, self.compte_file, self.asset_manager)
  File "d:\informatique_tfe\tfe\src\data\object\games\finish_menu.py", line 46, in finish_menu
    reward_final+= reward[str(block_list_str[i])]*REWARD_VALEUR[str(block_list_str[i])]
                                                  ~~~~~~~~~~~~~^^^^^^^^^^^^^^^^^^^^^^^^
KeyError: 'coal_block'
[2026-04-02 09:01:56] [ERROR] play ->
Traceback (most recent call last):
  File "d:\informatique_tfe\tfe\src\data\object\games\play.py", line 252, in play
    maps,new_maps_check = robot.update(maps, collision_tiles)
                          ^^^^^^^^^^^^^^^^^^^^^^^^^^^^^^^^^^^
  File "d:\informatique_tfe\tfe\src\data\object\personnages\robot.py", line 201, in update
    self.check_liquid(maps)
  File "d:\informatique_tfe\tfe\src\data\object\personnages\robot.py", line 220, in check_liquid
    self.remove_energy(0.1)
  File "d:\informatique_tfe\tfe\src\data\object\personnages\robot.py", line 71, in remove_energy
    self.end()
  File "d:\informatique_tfe\tfe\src\data\object\personnages\robot.py", line 66, in end
    finish_menu(self.collected_resources, self.compte_file, self.asset_manager)
  File "d:\informatique_tfe\tfe\src\data\object\games\finish_menu.py", line 46, in finish_menu
    reward_final+= reward[str(block_list_str[i])]*REWARD_VALEUR[str(block_list_str[i])]
                                                  ~~~~~~~~~~~~~^^^^^^^^^^^^^^^^^^^^^^^^
KeyError: 'coal_block'
[2026-04-02 09:02:06] [ERROR] play ->
Traceback (most recent call last):
  File "d:\informatique_tfe\tfe\src\data\object\games\play.py", line 252, in play
    maps,new_maps_check = robot.update(maps, collision_tiles)
                          ^^^^^^^^^^^^^^^^^^^^^^^^^^^^^^^^^^^
  File "d:\informatique_tfe\tfe\src\data\object\personnages\robot.py", line 201, in update
    self.check_liquid(maps)
  File "d:\informatique_tfe\tfe\src\data\object\personnages\robot.py", line 220, in check_liquid
    self.remove_energy(0.1)
  File "d:\informatique_tfe\tfe\src\data\object\personnages\robot.py", line 71, in remove_energy
    self.end()
  File "d:\informatique_tfe\tfe\src\data\object\personnages\robot.py", line 66, in end
    finish_menu(self.collected_resources, self.compte_file, self.asset_manager)
  File "d:\informatique_tfe\tfe\src\data\object\games\finish_menu.py", line 46, in finish_menu
    reward_final+= reward[str(block_list_str[i])]*REWARD_VALEUR[str(block_list_str[i])]
                                                  ~~~~~~~~~~~~~^^^^^^^^^^^^^^^^^^^^^^^^
KeyError: 'coal_block'
[2026-04-02 09:04:59] [INFO] 



+///////////////////////////////////////////////////////////////////////////+

                Démarrage de Nexus Extraction

+///////////////////////////////////////////////////////////////////////////+

[2026-04-02 09:04:59] [INFO] 
+---------------------------- Bienvenue ! ----------------------------+

Bienvenue dans Nexus Extraction. Si vous lisez ceci, c’est que vous vous
trouvez actuellement dans les logs du jeu. Si vous êtes un joueur lambda,
cette fenêtre ne vous intéressera pas, mais ne la fermez pas, car cette
action entraînera la fermeture du jeu.

En cas de problème ou de plantage du jeu, merci de contacter le développeur
à l’adresse e-mail suivante : mouyelv@sjb-liege.org
en joignant les fichiers de logs qui se trouvent dans le dossier "logs/".

Merci de jouer à Nexus Extraction et bon jeu ;)

+-------------------------------- LOGS --------------------------------+

[2026-04-02 09:04:59] [INFO] Main Menu
[2026-04-02 09:05:00] [INFO] Entrez dans compte
[2026-04-02 09:05:00] [INFO] Entrez dans load_menu avec le compte -> test1.json
[2026-04-02 09:05:00] [INFO] Chargement de title-> 1/331 | 0%
[2026-04-02 09:05:00] [INFO] Chargement de creator-> 2/331 | 0%
[2026-04-02 09:05:00] [INFO] Chargement de creator-> 2/331 | 0%
[2026-04-02 09:05:00] [INFO] Chargement de the_void-> 4/331 | 1%
[2026-04-02 09:05:00] [INFO] Chargement de the_void-> 4/331 | 1%
[2026-04-02 09:05:00] [INFO] Chargement de the_void_full-> 5/331 | 1%
[2026-04-02 09:05:00] [INFO] Chargement de underground_1-> 6/331 | 1%
[2026-04-02 09:05:00] [INFO] Chargement de underground_2-> 7/331 | 2%
[2026-04-02 09:05:00] [INFO] Chargement de underground_2-> 7/331 | 2%
[2026-04-02 09:05:01] [INFO] Chargement de underground_3-> 8/331 | 2%
[2026-04-02 09:05:01] [INFO] Chargement de btn_play_menu-> 9/331 | 2%
[2026-04-02 09:05:01] [INFO] Chargement de btn_play_menu-> 9/331 | 2%
[2026-04-02 09:05:01] [INFO] Chargement de btn_play_menu-> 9/331 | 2%
[2026-04-02 09:05:01] [INFO] Chargement de btn_boutique_menu-> 10/331 | 3%
[2026-04-02 09:05:01] [INFO] Chargement de btn_boutique_menu-> 10/331 | 3%
[2026-04-02 09:05:01] [INFO] Chargement de btn_option_menu-> 11/331 | 3%
[2026-04-02 09:05:01] [INFO] Chargement de btn_option_menu-> 11/331 | 3%
[2026-04-02 09:05:01] [INFO] Chargement de btn_option_menu-> 11/331 | 3%
[2026-04-02 09:05:01] [INFO] Chargement de btn_play-> 12/331 | 3%
[2026-04-02 09:05:01] [INFO] Chargement de btn_play-> 12/331 | 3%
[2026-04-02 09:05:01] [INFO] Chargement de btn_quitter-> 13/331 | 3%
[2026-04-02 09:05:01] [INFO] Chargement de btn_quitter-> 13/331 | 3%
[2026-04-02 09:05:01] [INFO] Chargement de btn_quitter-> 13/331 | 3%
[2026-04-02 09:05:01] [INFO] Chargement de btn_compte-> 14/331 | 4%
[2026-04-02 09:05:01] [INFO] Chargement de barre_laterale-> 16/331 | 4%
[2026-04-02 09:05:01] [INFO] Chargement de boutique_frame-> 18/331 | 5%
[2026-04-02 09:05:01] [INFO] Chargement de boutique_pression-> 20/331 | 6%
[2026-04-02 09:05:01] [INFO] Chargement de danger-> 23/331 | 6%
[2026-04-02 09:05:01] [INFO] Chargement de pression_icon-> 24/331 | 7%
[2026-04-02 09:05:01] [INFO] Chargement de diamond_ore-> 30/331 | 9%
[2026-04-02 09:05:01] [INFO] Chargement de oak_strairs_L-> 36/331 | 10%
[2026-04-02 09:05:01] [INFO] Chargement de deepslate_diamond_ore-> 42/331 | 12%
[2026-04-02 09:05:01] [INFO] Chargement de crying_obsidian-> 49/331 | 14%
[2026-04-02 09:05:01] [INFO] Chargement de robot_20-> 62/331 | 18%
[2026-04-02 09:05:01] [INFO] Chargement de bird_3-> 72/331 | 21%
[2026-04-02 09:05:01] [INFO] Chargement de robot_3d_0002-> 74/331 | 22%
[2026-04-02 09:05:01] [INFO] Chargement de robot_3d_0003-> 75/331 | 22%
[2026-04-02 09:05:01] [INFO] Chargement de robot_3d_0004-> 76/331 | 22%
[2026-04-02 09:05:01] [INFO] Chargement de robot_3d_0005-> 77/331 | 23%
[2026-04-02 09:05:01] [INFO] Chargement de robot_3d_0006-> 78/331 | 23%
[2026-04-02 09:05:01] [INFO] Chargement de robot_3d_0006-> 78/331 | 23%
[2026-04-02 09:05:01] [INFO] Chargement de robot_3d_0008-> 80/331 | 24%
[2026-04-02 09:05:01] [INFO] Chargement de robot_3d_0009-> 81/331 | 24%
[2026-04-02 09:05:01] [INFO] Chargement de robot_3d_0010-> 82/331 | 24%
[2026-04-02 09:05:01] [INFO] Chargement de robot_3d_0012-> 84/331 | 25%
[2026-04-02 09:05:01] [INFO] Chargement de robot_3d_0013-> 85/331 | 25%
[2026-04-02 09:05:01] [INFO] Chargement de robot_3d_0014-> 86/331 | 25%
[2026-04-02 09:05:01] [INFO] Chargement de robot_3d_0014-> 86/331 | 25%
[2026-04-02 09:05:01] [INFO] Chargement de robot_3d_0016-> 88/331 | 26%
[2026-04-02 09:05:01] [INFO] Chargement de robot_3d_0017-> 89/331 | 26%
[2026-04-02 09:05:01] [INFO] Chargement de robot_3d_0018-> 90/331 | 27%
[2026-04-02 09:05:01] [INFO] Chargement de robot_3d_0018-> 90/331 | 27%
[2026-04-02 09:05:01] [INFO] Chargement de robot_3d_0020-> 92/331 | 27%
[2026-04-02 09:05:01] [INFO] Chargement de robot_3d_0021-> 93/331 | 28%
[2026-04-02 09:05:01] [INFO] Chargement de robot_3d_0021-> 93/331 | 28%
[2026-04-02 09:05:01] [INFO] Chargement de robot_3d_0022-> 94/331 | 28%
[2026-04-02 09:05:01] [INFO] Chargement de robot_3d_0024-> 96/331 | 29%
[2026-04-02 09:05:01] [INFO] Chargement de robot_3d_0024-> 96/331 | 29%
[2026-04-02 09:05:01] [INFO] Chargement de robot_3d_0026-> 98/331 | 29%
[2026-04-02 09:05:01] [INFO] Chargement de robot_3d_0028-> 100/331 | 30%
[2026-04-02 09:05:01] [INFO] Chargement de robot_3d_0029-> 101/331 | 30%
[2026-04-02 09:05:02] [INFO] Chargement de robot_3d_0030-> 102/331 | 30%
[2026-04-02 09:05:02] [INFO] Chargement de robot_3d_0031-> 103/331 | 31%
[2026-04-02 09:05:02] [INFO] Chargement de robot_3d_0032-> 104/331 | 31%
[2026-04-02 09:05:02] [INFO] Chargement de robot_3d_0032-> 104/331 | 31%
[2026-04-02 09:05:02] [INFO] Chargement de robot_3d_0033-> 105/331 | 31%
[2026-04-02 09:05:02] [INFO] Chargement de robot_3d_0035-> 107/331 | 32%
[2026-04-02 09:05:02] [INFO] Chargement de robot_3d_0036-> 108/331 | 32%
[2026-04-02 09:05:02] [INFO] Chargement de robot_3d_0037-> 109/331 | 32%
[2026-04-02 09:05:02] [INFO] Chargement de robot_3d_0038-> 110/331 | 33%
[2026-04-02 09:05:02] [INFO] Chargement de robot_3d_0040-> 112/331 | 33%
[2026-04-02 09:05:02] [INFO] Chargement de robot_3d_0041-> 113/331 | 34%
[2026-04-02 09:05:02] [INFO] Chargement de robot_3d_0042-> 114/331 | 34%
[2026-04-02 09:05:02] [INFO] Chargement de robot_3d_0043-> 115/331 | 34%
[2026-04-02 09:05:02] [INFO] Chargement de robot_3d_0044-> 116/331 | 35%
[2026-04-02 09:05:02] [INFO] Chargement de robot_3d_0045-> 117/331 | 35%
[2026-04-02 09:05:02] [INFO] Chargement de robot_3d_0046-> 118/331 | 35%
[2026-04-02 09:05:02] [INFO] Chargement de robot_3d_0047-> 119/331 | 35%
[2026-04-02 09:05:02] [INFO] Chargement de robot_3d_0048-> 120/331 | 36%
[2026-04-02 09:05:02] [INFO] Chargement de robot_3d_0161-> 233/331 | 70%
[2026-04-02 09:05:02] [INFO] Chargement de robot_3d_0162-> 234/331 | 70%
[2026-04-02 09:05:02] [INFO] Chargement de robot_3d_0163-> 235/331 | 70%
[2026-04-02 09:05:02] [INFO] Chargement de robot_3d_0164-> 236/331 | 71%
[2026-04-02 09:05:02] [INFO] Chargement de robot_3d_0165-> 237/331 | 71%
[2026-04-02 09:05:02] [INFO] Chargement de robot_3d_0166-> 238/331 | 71%
[2026-04-02 09:05:02] [INFO] Chargement de robot_3d_0167-> 239/331 | 72%
[2026-04-02 09:05:02] [INFO] Chargement de robot_3d_0168-> 240/331 | 72%
[2026-04-02 09:05:02] [INFO] Chargement de robot_3d_0169-> 241/331 | 72%
[2026-04-02 09:05:02] [INFO] Chargement de robot_3d_0170-> 242/331 | 73%
[2026-04-02 09:05:02] [INFO] Chargement de robot_3d_0172-> 244/331 | 73%
[2026-04-02 09:05:02] [INFO] Chargement de robot_3d_0173-> 245/331 | 74%
[2026-04-02 09:05:02] [INFO] Chargement de robot_3d_0175-> 247/331 | 74%
[2026-04-02 09:05:02] [INFO] Chargement de robot_3d_0176-> 248/331 | 74%
[2026-04-02 09:05:02] [INFO] Chargement de robot_3d_0177-> 249/331 | 75%
[2026-04-02 09:05:02] [INFO] Chargement de robot_3d_0178-> 250/331 | 75%
[2026-04-02 09:05:02] [INFO] Chargement de robot_3d_0179-> 251/331 | 75%
[2026-04-02 09:05:02] [INFO] Chargement de robot_3d_0180-> 252/331 | 76%
[2026-04-02 09:05:02] [INFO] Chargement de robot_3d_0181-> 253/331 | 76%
[2026-04-02 09:05:02] [INFO] Chargement de robot_3d_0182-> 254/331 | 76%
[2026-04-02 09:05:02] [INFO] Chargement de robot_3d_0183-> 255/331 | 77%
[2026-04-02 09:05:02] [INFO] Chargement de robot_3d_0184-> 256/331 | 77%
[2026-04-02 09:05:02] [INFO] Chargement de robot_3d_0185-> 257/331 | 77%
[2026-04-02 09:05:02] [INFO] Chargement de robot_3d_0186-> 258/331 | 77%
[2026-04-02 09:05:02] [INFO] Chargement de robot_3d_0187-> 259/331 | 78%
[2026-04-02 09:05:02] [INFO] Chargement de robot_3d_0188-> 260/331 | 78%
[2026-04-02 09:05:02] [INFO] Chargement de robot_3d_0189-> 261/331 | 78%
[2026-04-02 09:05:02] [INFO] Chargement de robot_3d_0190-> 262/331 | 79%
[2026-04-02 09:05:02] [INFO] Chargement de robot_3d_0191-> 263/331 | 79%
[2026-04-02 09:05:02] [INFO] Chargement de robot_3d_0192-> 264/331 | 79%
[2026-04-02 09:05:02] [INFO] Chargement de robot_3d_0194-> 266/331 | 80%
[2026-04-02 09:05:02] [INFO] Chargement de robot_3d_0195-> 267/331 | 80%
[2026-04-02 09:05:03] [INFO] Chargement de robot_3d_0196-> 268/331 | 80%
[2026-04-02 09:05:03] [INFO] Chargement de robot_3d_0197-> 269/331 | 81%
[2026-04-02 09:05:03] [INFO] Chargement de robot_3d_0198-> 270/331 | 81%
[2026-04-02 09:05:03] [INFO] Chargement de robot_3d_0199-> 271/331 | 81%
[2026-04-02 09:05:03] [INFO] Chargement de robot_3d_0200-> 272/331 | 82%
[2026-04-02 09:05:03] [INFO] Chargement de robot_3d_0201-> 273/331 | 82%
[2026-04-02 09:05:03] [INFO] Chargement de robot_3d_0202-> 274/331 | 82%
[2026-04-02 09:05:03] [INFO] Chargement de robot_3d_0203-> 275/331 | 83%
[2026-04-02 09:05:03] [INFO] Chargement de robot_3d_0204-> 276/331 | 83%
[2026-04-02 09:05:03] [INFO] Chargement de robot_3d_0205-> 277/331 | 83%
[2026-04-02 09:05:03] [INFO] Chargement de robot_3d_0206-> 278/331 | 83%
[2026-04-02 09:05:03] [INFO] Chargement de robot_3d_0207-> 279/331 | 84%
[2026-04-02 09:05:03] [INFO] Chargement de robot_3d_0208-> 280/331 | 84%
[2026-04-02 09:05:03] [INFO] Chargement de robot_3d_0209-> 281/331 | 84%
[2026-04-02 09:05:03] [INFO] Chargement de robot_3d_0210-> 282/331 | 85%
[2026-04-02 09:05:03] [INFO] Chargement de robot_3d_0211-> 283/331 | 85%
[2026-04-02 09:05:03] [INFO] Chargement de robot_3d_0212-> 284/331 | 85%
[2026-04-02 09:05:03] [INFO] Chargement de robot_3d_0213-> 285/331 | 86%
[2026-04-02 09:05:03] [INFO] Chargement de robot_3d_0214-> 286/331 | 86%
[2026-04-02 09:05:03] [INFO] Chargement de robot_3d_0215-> 287/331 | 86%
[2026-04-02 09:05:03] [INFO] Chargement de robot_3d_0216-> 288/331 | 87%
[2026-04-02 09:05:03] [INFO] Chargement de robot_3d_0217-> 289/331 | 87%
[2026-04-02 09:05:03] [INFO] Chargement de robot_3d_0218-> 290/331 | 87%
[2026-04-02 09:05:03] [INFO] Chargement de robot_3d_0219-> 291/331 | 87%
[2026-04-02 09:05:03] [INFO] Chargement de robot_3d_0220-> 292/331 | 88%
[2026-04-02 09:05:03] [INFO] Chargement de robot_3d_0221-> 293/331 | 88%
[2026-04-02 09:05:03] [INFO] Chargement de robot_3d_0222-> 294/331 | 88%
[2026-04-02 09:05:03] [INFO] Chargement de robot_3d_0223-> 295/331 | 89%
[2026-04-02 09:05:03] [INFO] Chargement de robot_3d_0224-> 296/331 | 89%
[2026-04-02 09:05:03] [INFO] Chargement de robot_3d_0225-> 297/331 | 89%
[2026-04-02 09:05:03] [INFO] Chargement de robot_3d_0226-> 298/331 | 90%
[2026-04-02 09:05:03] [INFO] Chargement de robot_3d_0227-> 299/331 | 90%
[2026-04-02 09:05:03] [INFO] Chargement de robot_3d_0228-> 300/331 | 90%
[2026-04-02 09:05:03] [INFO] Chargement de robot_3d_0229-> 301/331 | 90%
[2026-04-02 09:05:03] [INFO] Chargement de robot_3d_0230-> 302/331 | 91%
[2026-04-02 09:05:03] [INFO] Chargement de robot_3d_0231-> 303/331 | 91%
[2026-04-02 09:05:03] [INFO] Chargement de robot_3d_0232-> 304/331 | 91%
[2026-04-02 09:05:03] [INFO] Chargement de robot_3d_0233-> 305/331 | 92%
[2026-04-02 09:05:03] [INFO] Chargement de robot_3d_0235-> 307/331 | 92%
[2026-04-02 09:05:03] [INFO] Chargement de robot_3d_0235-> 307/331 | 92%
[2026-04-02 09:05:03] [INFO] Chargement de robot_3d_0236-> 308/331 | 93%
[2026-04-02 09:05:03] [INFO] Chargement de robot_3d_0237-> 309/331 | 93%
[2026-04-02 09:05:03] [INFO] Chargement de robot_3d_0238-> 310/331 | 93%
[2026-04-02 09:05:03] [INFO] Chargement de robot_3d_0239-> 311/331 | 93%
[2026-04-02 09:05:03] [INFO] Chargement de robot_3d_0240-> 312/331 | 94%
[2026-04-02 09:05:03] [INFO] Chargement de water_5-> 318/331 | 96%
[2026-04-02 09:05:03] [INFO] Chargement de lava_2-> 323/331 | 97%
[2026-04-02 09:05:03] [INFO] Assets chargés, redirect vers play_menu
[2026-04-02 09:05:03] [INFO] Entrez dans play_menu avec le compte test1.json
[2026-04-02 09:05:21] [ERROR] play ->
Traceback (most recent call last):
  File "d:\informatique_tfe\tfe\src\data\object\games\play.py", line 252, in play
    maps,new_maps_check = robot.update(maps, collision_tiles)
                          ^^^^^^^^^^^^^^^^^^^^^^^^^^^^^^^^^^^
  File "d:\informatique_tfe\tfe\src\data\object\personnages\robot.py", line 204, in update
    maps = self.move_input(maps, collision_tiles)
           ^^^^^^^^^^^^^^^^^^^^^^^^^^^^^^^^^^^^^^
  File "d:\informatique_tfe\tfe\src\data\object\personnages\robot.py", line 169, in move_input
    self.remove_energy(1)
  File "d:\informatique_tfe\tfe\src\data\object\personnages\robot.py", line 72, in remove_energy
    self.end()
  File "d:\informatique_tfe\tfe\src\data\object\personnages\robot.py", line 67, in end
    finish_menu(self.collected_resources, self.compte_file, self.asset_manager, self.maps_level)
  File "d:\informatique_tfe\tfe\src\data\object\games\finish_menu.py", line 36, in finish_menu
    reward_final+= reward[str(block_list_str[i])]*REWARD_VALEUR[str(block_list_str[i])]
                                                  ~~~~~~~~~~~~~^^^^^^^^^^^^^^^^^^^^^^^^
KeyError: 'coal_block'
[2026-04-02 09:06:40] [INFO] 



+///////////////////////////////////////////////////////////////////////////+

                Démarrage de Nexus Extraction

+///////////////////////////////////////////////////////////////////////////+

[2026-04-02 09:06:40] [INFO] 
+---------------------------- Bienvenue ! ----------------------------+

Bienvenue dans Nexus Extraction. Si vous lisez ceci, c’est que vous vous
trouvez actuellement dans les logs du jeu. Si vous êtes un joueur lambda,
cette fenêtre ne vous intéressera pas, mais ne la fermez pas, car cette
action entraînera la fermeture du jeu.

En cas de problème ou de plantage du jeu, merci de contacter le développeur
à l’adresse e-mail suivante : mouyelv@sjb-liege.org
en joignant les fichiers de logs qui se trouvent dans le dossier "logs/".

Merci de jouer à Nexus Extraction et bon jeu ;)

+-------------------------------- LOGS --------------------------------+

[2026-04-02 09:06:41] [INFO] Main Menu
[2026-04-02 09:06:41] [INFO] Entrez dans compte
[2026-04-02 09:06:42] [INFO] Entrez dans load_menu avec le compte -> test1.json
[2026-04-02 09:06:42] [INFO] Chargement de creator-> 2/331 | 0%
[2026-04-02 09:06:42] [INFO] Chargement de creator-> 2/331 | 0%
[2026-04-02 09:06:42] [INFO] Chargement de the_void-> 4/331 | 1%
[2026-04-02 09:06:42] [INFO] Chargement de the_void_full-> 5/331 | 1%
[2026-04-02 09:06:42] [INFO] Chargement de underground_1-> 6/331 | 1%
[2026-04-02 09:06:42] [INFO] Chargement de underground_2-> 7/331 | 2%
[2026-04-02 09:06:42] [INFO] Chargement de underground_3-> 8/331 | 2%
[2026-04-02 09:06:42] [INFO] Chargement de underground_3-> 8/331 | 2%
[2026-04-02 09:06:42] [INFO] Chargement de btn_play_menu-> 9/331 | 2%
[2026-04-02 09:06:42] [INFO] Chargement de btn_play_menu-> 9/331 | 2%
[2026-04-02 09:06:42] [INFO] Chargement de btn_boutique_menu-> 10/331 | 3%
[2026-04-02 09:06:42] [INFO] Chargement de btn_boutique_menu-> 10/331 | 3%
[2026-04-02 09:06:42] [INFO] Chargement de btn_boutique_menu-> 10/331 | 3%
[2026-04-02 09:06:42] [INFO] Chargement de btn_option_menu-> 11/331 | 3%
[2026-04-02 09:06:42] [INFO] Chargement de btn_option_menu-> 11/331 | 3%
[2026-04-02 09:06:42] [INFO] Chargement de btn_play-> 12/331 | 3%
[2026-04-02 09:06:42] [INFO] Chargement de btn_play-> 12/331 | 3%
[2026-04-02 09:06:42] [INFO] Chargement de btn_play-> 12/331 | 3%
[2026-04-02 09:06:42] [INFO] Chargement de btn_quitter-> 13/331 | 3%
[2026-04-02 09:06:42] [INFO] Chargement de btn_quitter-> 13/331 | 3%
[2026-04-02 09:06:42] [INFO] Chargement de btn_quitter-> 13/331 | 3%
[2026-04-02 09:06:42] [INFO] Chargement de btn_compte-> 14/331 | 4%
[2026-04-02 09:06:42] [INFO] Chargement de barre_laterale-> 16/331 | 4%
[2026-04-02 09:06:42] [INFO] Chargement de boutique_frame-> 18/331 | 5%
[2026-04-02 09:06:42] [INFO] Chargement de boutique_pression-> 20/331 | 6%
[2026-04-02 09:06:42] [INFO] Chargement de danger-> 23/331 | 6%
[2026-04-02 09:06:42] [INFO] Chargement de robot_3d_0005-> 77/331 | 23%
[2026-04-02 09:06:42] [INFO] Chargement de robot_3d_0006-> 78/331 | 23%
[2026-04-02 09:06:42] [INFO] Chargement de robot_3d_0007-> 79/331 | 23%
[2026-04-02 09:06:42] [INFO] Chargement de robot_3d_0008-> 80/331 | 24%
[2026-04-02 09:06:42] [INFO] Chargement de robot_3d_0009-> 81/331 | 24%
[2026-04-02 09:06:42] [INFO] Chargement de robot_3d_0011-> 83/331 | 25%
[2026-04-02 09:06:43] [INFO] Chargement de robot_3d_0012-> 84/331 | 25%
[2026-04-02 09:06:43] [INFO] Chargement de robot_3d_0013-> 85/331 | 25%
[2026-04-02 09:06:43] [INFO] Chargement de robot_3d_0014-> 86/331 | 25%
[2026-04-02 09:06:43] [INFO] Chargement de robot_3d_0015-> 87/331 | 26%
[2026-04-02 09:06:43] [INFO] Chargement de robot_3d_0017-> 89/331 | 26%
[2026-04-02 09:06:43] [INFO] Chargement de robot_3d_0018-> 90/331 | 27%
[2026-04-02 09:06:43] [INFO] Chargement de robot_3d_0020-> 92/331 | 27%
[2026-04-02 09:06:43] [INFO] Chargement de robot_3d_0023-> 95/331 | 28%
[2026-04-02 09:06:43] [INFO] Chargement de robot_3d_0025-> 97/331 | 29%
[2026-04-02 09:06:43] [INFO] Chargement de robot_3d_0027-> 99/331 | 29%
[2026-04-02 09:06:43] [INFO] Chargement de robot_3d_0029-> 101/331 | 30%
[2026-04-02 09:06:43] [INFO] Chargement de robot_3d_0030-> 102/331 | 30%
[2026-04-02 09:06:43] [INFO] Chargement de robot_3d_0032-> 104/331 | 31%
[2026-04-02 09:06:43] [INFO] Chargement de robot_3d_0033-> 105/331 | 31%
[2026-04-02 09:06:43] [INFO] Chargement de robot_3d_0033-> 105/331 | 31%
[2026-04-02 09:06:43] [INFO] Chargement de robot_3d_0034-> 106/331 | 32%
[2026-04-02 09:06:43] [INFO] Chargement de robot_3d_0036-> 108/331 | 32%
[2026-04-02 09:06:43] [INFO] Chargement de robot_3d_0037-> 109/331 | 32%
[2026-04-02 09:06:43] [INFO] Chargement de robot_3d_0038-> 110/331 | 33%
[2026-04-02 09:06:43] [INFO] Chargement de robot_3d_0039-> 111/331 | 33%
[2026-04-02 09:06:43] [INFO] Chargement de robot_3d_0040-> 112/331 | 33%
[2026-04-02 09:06:43] [INFO] Chargement de robot_3d_0040-> 112/331 | 33%
[2026-04-02 09:06:43] [INFO] Chargement de robot_3d_0041-> 113/331 | 34%
[2026-04-02 09:06:43] [INFO] Chargement de robot_3d_0043-> 115/331 | 34%
[2026-04-02 09:06:43] [INFO] Chargement de robot_3d_0043-> 115/331 | 34%
[2026-04-02 09:06:43] [INFO] Chargement de robot_3d_0045-> 117/331 | 35%
[2026-04-02 09:06:43] [INFO] Chargement de robot_3d_0046-> 118/331 | 35%
[2026-04-02 09:06:43] [INFO] Chargement de robot_3d_0047-> 119/331 | 35%
[2026-04-02 09:06:43] [INFO] Chargement de robot_3d_0049-> 121/331 | 36%
[2026-04-02 09:06:43] [INFO] Chargement de robot_3d_0050-> 122/331 | 36%
[2026-04-02 09:06:43] [INFO] Chargement de robot_3d_0051-> 123/331 | 37%
[2026-04-02 09:06:43] [INFO] Chargement de robot_3d_0051-> 123/331 | 37%
[2026-04-02 09:06:43] [INFO] Chargement de robot_3d_0052-> 124/331 | 37%
[2026-04-02 09:06:43] [INFO] Chargement de robot_3d_0053-> 125/331 | 37%
[2026-04-02 09:06:43] [INFO] Chargement de robot_3d_0054-> 126/331 | 38%
[2026-04-02 09:06:43] [INFO] Chargement de robot_3d_0055-> 127/331 | 38%
[2026-04-02 09:06:43] [INFO] Chargement de robot_3d_0057-> 129/331 | 38%
[2026-04-02 09:06:43] [INFO] Chargement de robot_3d_0057-> 129/331 | 38%
[2026-04-02 09:06:43] [INFO] Chargement de robot_3d_0058-> 130/331 | 39%
[2026-04-02 09:06:43] [INFO] Chargement de robot_3d_0059-> 131/331 | 39%
[2026-04-02 09:06:43] [INFO] Chargement de robot_3d_0060-> 132/331 | 39%
[2026-04-02 09:06:43] [INFO] Chargement de robot_3d_0061-> 133/331 | 40%
[2026-04-02 09:06:43] [INFO] Chargement de robot_3d_0062-> 134/331 | 40%
[2026-04-02 09:06:43] [INFO] Chargement de robot_3d_0063-> 135/331 | 40%
[2026-04-02 09:06:43] [INFO] Chargement de robot_3d_0064-> 136/331 | 41%
[2026-04-02 09:06:43] [INFO] Chargement de robot_3d_0065-> 137/331 | 41%
[2026-04-02 09:06:43] [INFO] Chargement de robot_3d_0066-> 138/331 | 41%
[2026-04-02 09:06:43] [INFO] Chargement de robot_3d_0068-> 140/331 | 42%
[2026-04-02 09:06:43] [INFO] Chargement de robot_3d_0069-> 141/331 | 42%
[2026-04-02 09:06:43] [INFO] Chargement de robot_3d_0070-> 142/331 | 42%
[2026-04-02 09:06:43] [INFO] Chargement de robot_3d_0071-> 143/331 | 43%
[2026-04-02 09:06:43] [INFO] Chargement de robot_3d_0072-> 144/331 | 43%
[2026-04-02 09:06:43] [INFO] Chargement de robot_3d_0074-> 146/331 | 44%
[2026-04-02 09:06:43] [INFO] Chargement de robot_3d_0075-> 147/331 | 44%
[2026-04-02 09:06:43] [INFO] Chargement de robot_3d_0076-> 148/331 | 44%
[2026-04-02 09:06:43] [INFO] Chargement de robot_3d_0077-> 149/331 | 45%
[2026-04-02 09:06:43] [INFO] Chargement de robot_3d_0078-> 150/331 | 45%
[2026-04-02 09:06:43] [INFO] Chargement de robot_3d_0080-> 152/331 | 45%
[2026-04-02 09:06:43] [INFO] Chargement de robot_3d_0081-> 153/331 | 46%
[2026-04-02 09:06:43] [INFO] Chargement de robot_3d_0082-> 154/331 | 46%
[2026-04-02 09:06:43] [INFO] Chargement de robot_3d_0083-> 155/331 | 46%
[2026-04-02 09:06:43] [INFO] Chargement de robot_3d_0084-> 156/331 | 47%
[2026-04-02 09:06:43] [INFO] Chargement de robot_3d_0085-> 157/331 | 47%
[2026-04-02 09:06:43] [INFO] Chargement de robot_3d_0086-> 158/331 | 47%
[2026-04-02 09:06:43] [INFO] Chargement de robot_3d_0087-> 159/331 | 48%
[2026-04-02 09:06:43] [INFO] Chargement de robot_3d_0089-> 161/331 | 48%
[2026-04-02 09:06:43] [INFO] Chargement de robot_3d_0091-> 163/331 | 49%
[2026-04-02 09:06:43] [INFO] Chargement de robot_3d_0092-> 164/331 | 49%
[2026-04-02 09:06:44] [INFO] Chargement de robot_3d_0093-> 165/331 | 49%
[2026-04-02 09:06:44] [INFO] Chargement de robot_3d_0094-> 166/331 | 50%
[2026-04-02 09:06:44] [INFO] Chargement de robot_3d_0095-> 167/331 | 50%
[2026-04-02 09:06:44] [INFO] Chargement de robot_3d_0096-> 168/331 | 50%
[2026-04-02 09:06:44] [INFO] Chargement de robot_3d_0097-> 169/331 | 51%
[2026-04-02 09:06:44] [INFO] Chargement de robot_3d_0099-> 171/331 | 51%
[2026-04-02 09:06:44] [INFO] Chargement de robot_3d_0099-> 171/331 | 51%
[2026-04-02 09:06:44] [INFO] Chargement de robot_3d_0100-> 172/331 | 51%
[2026-04-02 09:06:44] [INFO] Chargement de robot_3d_0101-> 173/331 | 52%
[2026-04-02 09:06:44] [INFO] Chargement de robot_3d_0102-> 174/331 | 52%
[2026-04-02 09:06:44] [INFO] Chargement de robot_3d_0104-> 176/331 | 53%
[2026-04-02 09:06:44] [INFO] Chargement de robot_3d_0104-> 176/331 | 53%
[2026-04-02 09:06:44] [INFO] Chargement de robot_3d_0106-> 178/331 | 53%
[2026-04-02 09:06:44] [INFO] Chargement de robot_3d_0107-> 179/331 | 54%
[2026-04-02 09:06:44] [INFO] Chargement de robot_3d_0108-> 180/331 | 54%
[2026-04-02 09:06:44] [INFO] Chargement de robot_3d_0110-> 182/331 | 54%
[2026-04-02 09:06:44] [INFO] Chargement de robot_3d_0111-> 183/331 | 55%
[2026-04-02 09:06:44] [INFO] Chargement de robot_3d_0112-> 184/331 | 55%
[2026-04-02 09:06:44] [INFO] Chargement de robot_3d_0113-> 185/331 | 55%
[2026-04-02 09:06:44] [INFO] Chargement de robot_3d_0217-> 289/331 | 87%
[2026-04-02 09:06:44] [INFO] Chargement de robot_3d_0218-> 290/331 | 87%
[2026-04-02 09:06:44] [INFO] Chargement de robot_3d_0219-> 291/331 | 87%
[2026-04-02 09:06:44] [INFO] Chargement de robot_3d_0220-> 292/331 | 88%
[2026-04-02 09:06:44] [INFO] Chargement de robot_3d_0221-> 293/331 | 88%
[2026-04-02 09:06:44] [INFO] Chargement de robot_3d_0222-> 294/331 | 88%
[2026-04-02 09:06:44] [INFO] Chargement de robot_3d_0223-> 295/331 | 89%
[2026-04-02 09:06:44] [INFO] Chargement de robot_3d_0224-> 296/331 | 89%
[2026-04-02 09:06:44] [INFO] Chargement de robot_3d_0225-> 297/331 | 89%
[2026-04-02 09:06:44] [INFO] Chargement de robot_3d_0226-> 298/331 | 90%
[2026-04-02 09:06:44] [INFO] Chargement de robot_3d_0227-> 299/331 | 90%
[2026-04-02 09:06:44] [INFO] Chargement de robot_3d_0228-> 300/331 | 90%
[2026-04-02 09:06:44] [INFO] Chargement de robot_3d_0229-> 301/331 | 90%
[2026-04-02 09:06:44] [INFO] Chargement de robot_3d_0230-> 302/331 | 91%
[2026-04-02 09:06:44] [INFO] Chargement de robot_3d_0231-> 303/331 | 91%
[2026-04-02 09:06:44] [INFO] Chargement de robot_3d_0232-> 304/331 | 91%
[2026-04-02 09:06:44] [INFO] Chargement de robot_3d_0233-> 305/331 | 92%
[2026-04-02 09:06:44] [INFO] Chargement de robot_3d_0234-> 306/331 | 92%
[2026-04-02 09:06:44] [INFO] Chargement de robot_3d_0235-> 307/331 | 92%
[2026-04-02 09:06:44] [INFO] Chargement de robot_3d_0236-> 308/331 | 93%
[2026-04-02 09:06:44] [INFO] Chargement de robot_3d_0237-> 309/331 | 93%
[2026-04-02 09:06:44] [INFO] Chargement de robot_3d_0238-> 310/331 | 93%
[2026-04-02 09:06:44] [INFO] Chargement de robot_3d_0239-> 311/331 | 93%
[2026-04-02 09:06:44] [INFO] Chargement de robot_3d_0240-> 312/331 | 94%
[2026-04-02 09:06:44] [INFO] Chargement de lava_0-> 321/331 | 96%
[2026-04-02 09:06:44] [INFO] Assets chargés, redirect vers play_menu
[2026-04-02 09:06:44] [INFO] Entrez dans play_menu avec le compte test1.json
[2026-04-02 09:06:59] [ERROR] play ->
Traceback (most recent call last):
  File "d:\informatique_tfe\tfe\src\data\object\games\play.py", line 252, in play
    maps,new_maps_check = robot.update(maps, collision_tiles)
                          ^^^^^^^^^^^^^^^^^^^^^^^^^^^^^^^^^^^
  File "d:\informatique_tfe\tfe\src\data\object\personnages\robot.py", line 204, in update
    maps = self.move_input(maps, collision_tiles)
           ^^^^^^^^^^^^^^^^^^^^^^^^^^^^^^^^^^^^^^
  File "d:\informatique_tfe\tfe\src\data\object\personnages\robot.py", line 180, in move_input
    self.remove_energy(1)
  File "d:\informatique_tfe\tfe\src\data\object\personnages\robot.py", line 72, in remove_energy
    self.end()
  File "d:\informatique_tfe\tfe\src\data\object\personnages\robot.py", line 67, in end
    finish_menu(self.collected_resources, self.compte_file, self.asset_manager, self.maps_level)
  File "d:\informatique_tfe\tfe\src\data\object\games\finish_menu.py", line 36, in finish_menu
    reward_final+= reward[str(block_list_str[i])]*REWARD_VALEUR[str(block_list_str[i])]
                                                  ~~~~~~~~~~~~~^^^^^^^^^^^^^^^^^^^^^^^^
KeyError: 'cobbled_deepslate'
[2026-04-02 09:09:06] [INFO] 



+///////////////////////////////////////////////////////////////////////////+

                Démarrage de Nexus Extraction

+///////////////////////////////////////////////////////////////////////////+

[2026-04-02 09:09:06] [INFO] 
+---------------------------- Bienvenue ! ----------------------------+

Bienvenue dans Nexus Extraction. Si vous lisez ceci, c’est que vous vous
trouvez actuellement dans les logs du jeu. Si vous êtes un joueur lambda,
cette fenêtre ne vous intéressera pas, mais ne la fermez pas, car cette
action entraînera la fermeture du jeu.

En cas de problème ou de plantage du jeu, merci de contacter le développeur
à l’adresse e-mail suivante : mouyelv@sjb-liege.org
en joignant les fichiers de logs qui se trouvent dans le dossier "logs/".

Merci de jouer à Nexus Extraction et bon jeu ;)

+-------------------------------- LOGS --------------------------------+

[2026-04-02 09:09:06] [INFO] Main Menu
[2026-04-02 09:09:07] [INFO] Entrez dans compte
[2026-04-02 09:09:08] [INFO] Entrez dans load_menu avec le compte -> test1.json
[2026-04-02 09:09:08] [INFO] Chargement de title-> 1/331 | 0%
[2026-04-02 09:09:08] [INFO] Chargement de creator-> 2/331 | 0%
[2026-04-02 09:09:08] [INFO] Chargement de music_creator-> 3/331 | 0%
[2026-04-02 09:09:08] [INFO] Chargement de the_void-> 4/331 | 1%
[2026-04-02 09:09:08] [INFO] Chargement de the_void_full-> 5/331 | 1%
[2026-04-02 09:09:08] [INFO] Chargement de underground_1-> 6/331 | 1%
[2026-04-02 09:09:08] [INFO] Chargement de underground_2-> 7/331 | 2%
[2026-04-02 09:09:08] [INFO] Chargement de underground_3-> 8/331 | 2%
[2026-04-02 09:09:08] [INFO] Chargement de btn_play_menu-> 9/331 | 2%
[2026-04-02 09:09:08] [INFO] Chargement de btn_play_menu-> 9/331 | 2%
[2026-04-02 09:09:08] [INFO] Chargement de btn_play_menu-> 9/331 | 2%
[2026-04-02 09:09:08] [INFO] Chargement de btn_boutique_menu-> 10/331 | 3%
[2026-04-02 09:09:08] [INFO] Chargement de btn_boutique_menu-> 10/331 | 3%
[2026-04-02 09:09:08] [INFO] Chargement de btn_option_menu-> 11/331 | 3%
[2026-04-02 09:09:08] [INFO] Chargement de btn_option_menu-> 11/331 | 3%
[2026-04-02 09:09:08] [INFO] Chargement de btn_option_menu-> 11/331 | 3%
[2026-04-02 09:09:08] [INFO] Chargement de btn_play-> 12/331 | 3%
[2026-04-02 09:09:08] [INFO] Chargement de btn_play-> 12/331 | 3%
[2026-04-02 09:09:08] [INFO] Chargement de btn_play-> 12/331 | 3%
[2026-04-02 09:09:08] [INFO] Chargement de btn_quitter-> 13/331 | 3%
[2026-04-02 09:09:08] [INFO] Chargement de btn_quitter-> 13/331 | 3%
[2026-04-02 09:09:08] [INFO] Chargement de btn_compte-> 14/331 | 4%
[2026-04-02 09:09:08] [INFO] Chargement de barre_laterale-> 16/331 | 4%
[2026-04-02 09:09:08] [INFO] Chargement de robot_3d_0067-> 139/331 | 41%
[2026-04-02 09:09:08] [INFO] Chargement de robot_3d_0068-> 140/331 | 42%
[2026-04-02 09:09:08] [INFO] Chargement de robot_3d_0069-> 141/331 | 42%
[2026-04-02 09:09:08] [INFO] Chargement de robot_3d_0070-> 142/331 | 42%
[2026-04-02 09:09:08] [INFO] Chargement de robot_3d_0071-> 143/331 | 43%
[2026-04-02 09:09:08] [INFO] Chargement de robot_3d_0072-> 144/331 | 43%
[2026-04-02 09:09:08] [INFO] Chargement de robot_3d_0074-> 146/331 | 44%
[2026-04-02 09:09:08] [INFO] Chargement de robot_3d_0075-> 147/331 | 44%
[2026-04-02 09:09:08] [INFO] Chargement de robot_3d_0076-> 148/331 | 44%
[2026-04-02 09:09:09] [INFO] Chargement de robot_3d_0076-> 148/331 | 44%
[2026-04-02 09:09:09] [INFO] Chargement de robot_3d_0077-> 149/331 | 45%
[2026-04-02 09:09:09] [INFO] Chargement de robot_3d_0078-> 150/331 | 45%
[2026-04-02 09:09:09] [INFO] Chargement de robot_3d_0080-> 152/331 | 45%
[2026-04-02 09:09:09] [INFO] Chargement de robot_3d_0081-> 153/331 | 46%
[2026-04-02 09:09:09] [INFO] Chargement de robot_3d_0083-> 155/331 | 46%
[2026-04-02 09:09:09] [INFO] Chargement de robot_3d_0084-> 156/331 | 47%
[2026-04-02 09:09:09] [INFO] Chargement de robot_3d_0086-> 158/331 | 47%
[2026-04-02 09:09:09] [INFO] Chargement de robot_3d_0086-> 158/331 | 47%
[2026-04-02 09:09:09] [INFO] Chargement de robot_3d_0088-> 160/331 | 48%
[2026-04-02 09:09:09] [INFO] Chargement de robot_3d_0089-> 161/331 | 48%
[2026-04-02 09:09:09] [INFO] Chargement de robot_3d_0091-> 163/331 | 49%
[2026-04-02 09:09:09] [INFO] Chargement de robot_3d_0092-> 164/331 | 49%
[2026-04-02 09:09:09] [INFO] Chargement de robot_3d_0093-> 165/331 | 49%
[2026-04-02 09:09:09] [INFO] Chargement de robot_3d_0094-> 166/331 | 50%
[2026-04-02 09:09:09] [INFO] Chargement de robot_3d_0095-> 167/331 | 50%
[2026-04-02 09:09:09] [INFO] Chargement de robot_3d_0096-> 168/331 | 50%
[2026-04-02 09:09:09] [INFO] Chargement de robot_3d_0097-> 169/331 | 51%
[2026-04-02 09:09:09] [INFO] Chargement de robot_3d_0099-> 171/331 | 51%
[2026-04-02 09:09:09] [INFO] Chargement de robot_3d_0100-> 172/331 | 51%
[2026-04-02 09:09:09] [INFO] Chargement de robot_3d_0101-> 173/331 | 52%
[2026-04-02 09:09:09] [INFO] Chargement de robot_3d_0101-> 173/331 | 52%
[2026-04-02 09:09:09] [INFO] Chargement de robot_3d_0103-> 175/331 | 52%
[2026-04-02 09:09:09] [INFO] Chargement de robot_3d_0104-> 176/331 | 53%
[2026-04-02 09:09:09] [INFO] Chargement de robot_3d_0105-> 177/331 | 53%
[2026-04-02 09:09:09] [INFO] Chargement de robot_3d_0107-> 179/331 | 54%
[2026-04-02 09:09:09] [INFO] Chargement de robot_3d_0109-> 181/331 | 54%
[2026-04-02 09:09:09] [INFO] Chargement de robot_3d_0110-> 182/331 | 54%
[2026-04-02 09:09:09] [INFO] Chargement de robot_3d_0111-> 183/331 | 55%
[2026-04-02 09:09:09] [INFO] Chargement de robot_3d_0112-> 184/331 | 55%
[2026-04-02 09:09:09] [INFO] Chargement de robot_3d_0114-> 186/331 | 56%
[2026-04-02 09:09:09] [INFO] Chargement de robot_3d_0115-> 187/331 | 56%
[2026-04-02 09:09:09] [INFO] Chargement de robot_3d_0116-> 188/331 | 56%
[2026-04-02 09:09:09] [INFO] Chargement de robot_3d_0117-> 189/331 | 57%
[2026-04-02 09:09:09] [INFO] Chargement de robot_3d_0118-> 190/331 | 57%
[2026-04-02 09:09:09] [INFO] Chargement de robot_3d_0119-> 191/331 | 57%
[2026-04-02 09:09:09] [INFO] Chargement de robot_3d_0120-> 192/331 | 58%
[2026-04-02 09:09:09] [INFO] Chargement de robot_3d_0121-> 193/331 | 58%
[2026-04-02 09:09:09] [INFO] Chargement de robot_3d_0122-> 194/331 | 58%
[2026-04-02 09:09:09] [INFO] Chargement de robot_3d_0123-> 195/331 | 58%
[2026-04-02 09:09:09] [INFO] Chargement de robot_3d_0124-> 196/331 | 59%
[2026-04-02 09:09:09] [INFO] Chargement de robot_3d_0125-> 197/331 | 59%
[2026-04-02 09:09:09] [INFO] Chargement de robot_3d_0126-> 198/331 | 59%
[2026-04-02 09:09:09] [INFO] Chargement de robot_3d_0127-> 199/331 | 60%
[2026-04-02 09:09:09] [INFO] Chargement de robot_3d_0128-> 200/331 | 60%
[2026-04-02 09:09:09] [INFO] Chargement de robot_3d_0129-> 201/331 | 60%
[2026-04-02 09:09:09] [INFO] Chargement de robot_3d_0131-> 203/331 | 61%
[2026-04-02 09:09:09] [INFO] Chargement de robot_3d_0131-> 203/331 | 61%
[2026-04-02 09:09:09] [INFO] Chargement de robot_3d_0132-> 204/331 | 61%
[2026-04-02 09:09:09] [INFO] Chargement de robot_3d_0133-> 205/331 | 61%
[2026-04-02 09:09:09] [INFO] Chargement de robot_3d_0134-> 206/331 | 62%
[2026-04-02 09:09:09] [INFO] Chargement de robot_3d_0135-> 207/331 | 62%
[2026-04-02 09:09:09] [INFO] Chargement de robot_3d_0136-> 208/331 | 62%
[2026-04-02 09:09:09] [INFO] Chargement de robot_3d_0137-> 209/331 | 63%
[2026-04-02 09:09:09] [INFO] Chargement de robot_3d_0138-> 210/331 | 63%
[2026-04-02 09:09:09] [INFO] Chargement de robot_3d_0139-> 211/331 | 63%
[2026-04-02 09:09:09] [INFO] Chargement de robot_3d_0140-> 212/331 | 64%
[2026-04-02 09:09:09] [INFO] Chargement de robot_3d_0142-> 214/331 | 64%
[2026-04-02 09:09:09] [INFO] Chargement de robot_3d_0143-> 215/331 | 64%
[2026-04-02 09:09:09] [INFO] Chargement de robot_3d_0145-> 217/331 | 65%
[2026-04-02 09:09:09] [INFO] Chargement de robot_3d_0147-> 219/331 | 66%
[2026-04-02 09:09:09] [INFO] Chargement de robot_3d_0147-> 219/331 | 66%
[2026-04-02 09:09:09] [INFO] Chargement de robot_3d_0149-> 221/331 | 66%
[2026-04-02 09:09:09] [INFO] Chargement de robot_3d_0150-> 222/331 | 67%
[2026-04-02 09:09:09] [INFO] Chargement de robot_3d_0151-> 223/331 | 67%
[2026-04-02 09:09:09] [INFO] Chargement de robot_3d_0152-> 224/331 | 67%
[2026-04-02 09:09:09] [INFO] Chargement de robot_3d_0153-> 225/331 | 67%
[2026-04-02 09:09:09] [INFO] Chargement de robot_3d_0154-> 226/331 | 68%
[2026-04-02 09:09:09] [INFO] Chargement de robot_3d_0156-> 228/331 | 68%
[2026-04-02 09:09:09] [INFO] Chargement de robot_3d_0156-> 228/331 | 68%
[2026-04-02 09:09:10] [INFO] Chargement de robot_3d_0157-> 229/331 | 69%
[2026-04-02 09:09:10] [INFO] Chargement de robot_3d_0158-> 230/331 | 69%
[2026-04-02 09:09:10] [INFO] Chargement de robot_3d_0159-> 231/331 | 69%
[2026-04-02 09:09:10] [INFO] Chargement de robot_3d_0160-> 232/331 | 70%
[2026-04-02 09:09:10] [INFO] Chargement de robot_3d_0161-> 233/331 | 70%
[2026-04-02 09:09:10] [INFO] Chargement de robot_3d_0162-> 234/331 | 70%
[2026-04-02 09:09:10] [INFO] Chargement de robot_3d_0163-> 235/331 | 70%
[2026-04-02 09:09:10] [INFO] Chargement de robot_3d_0164-> 236/331 | 71%
[2026-04-02 09:09:10] [INFO] Chargement de robot_3d_0165-> 237/331 | 71%
[2026-04-02 09:09:10] [INFO] Chargement de robot_3d_0166-> 238/331 | 71%
[2026-04-02 09:09:10] [INFO] Chargement de robot_3d_0167-> 239/331 | 72%
[2026-04-02 09:09:10] [INFO] Chargement de robot_3d_0168-> 240/331 | 72%
[2026-04-02 09:09:10] [INFO] Chargement de robot_3d_0169-> 241/331 | 72%
[2026-04-02 09:09:10] [INFO] Chargement de robot_3d_0171-> 243/331 | 73%
[2026-04-02 09:09:10] [INFO] Chargement de robot_3d_0172-> 244/331 | 73%
[2026-04-02 09:09:10] [INFO] Chargement de robot_3d_0173-> 245/331 | 74%
[2026-04-02 09:09:10] [INFO] Chargement de robot_3d_0175-> 247/331 | 74%
[2026-04-02 09:09:10] [INFO] Chargement de robot_3d_0176-> 248/331 | 74%
[2026-04-02 09:09:10] [INFO] Chargement de robot_3d_0177-> 249/331 | 75%
[2026-04-02 09:09:10] [INFO] Chargement de robot_3d_0178-> 250/331 | 75%
[2026-04-02 09:09:10] [INFO] Chargement de robot_3d_0179-> 251/331 | 75%
[2026-04-02 09:09:10] [INFO] Chargement de robot_3d_0180-> 252/331 | 76%
[2026-04-02 09:09:10] [INFO] Chargement de robot_3d_0181-> 253/331 | 76%
[2026-04-02 09:09:10] [INFO] Chargement de robot_3d_0182-> 254/331 | 76%
[2026-04-02 09:09:10] [INFO] Chargement de robot_3d_0183-> 255/331 | 77%
[2026-04-02 09:09:10] [INFO] Chargement de robot_3d_0184-> 256/331 | 77%
[2026-04-02 09:09:10] [INFO] Chargement de robot_3d_0185-> 257/331 | 77%
[2026-04-02 09:09:10] [INFO] Chargement de robot_3d_0186-> 258/331 | 77%
[2026-04-02 09:09:10] [INFO] Chargement de robot_3d_0187-> 259/331 | 78%
[2026-04-02 09:09:10] [INFO] Chargement de robot_3d_0188-> 260/331 | 78%
[2026-04-02 09:09:10] [INFO] Chargement de robot_3d_0189-> 261/331 | 78%
[2026-04-02 09:09:10] [INFO] Chargement de robot_3d_0191-> 263/331 | 79%
[2026-04-02 09:09:10] [INFO] Chargement de robot_3d_0192-> 264/331 | 79%
[2026-04-02 09:09:10] [INFO] Chargement de robot_3d_0193-> 265/331 | 80%
[2026-04-02 09:09:10] [INFO] Chargement de robot_3d_0194-> 266/331 | 80%
[2026-04-02 09:09:10] [INFO] Chargement de robot_3d_0195-> 267/331 | 80%
[2026-04-02 09:09:10] [INFO] Chargement de robot_3d_0197-> 269/331 | 81%
[2026-04-02 09:09:10] [INFO] Chargement de robot_3d_0198-> 270/331 | 81%
[2026-04-02 09:09:10] [INFO] Chargement de robot_3d_0198-> 270/331 | 81%
[2026-04-02 09:09:10] [INFO] Chargement de robot_3d_0199-> 271/331 | 81%
[2026-04-02 09:09:10] [INFO] Chargement de robot_3d_0201-> 273/331 | 82%
[2026-04-02 09:09:10] [INFO] Chargement de robot_3d_0202-> 274/331 | 82%
[2026-04-02 09:09:10] [INFO] Chargement de robot_3d_0203-> 275/331 | 83%
[2026-04-02 09:09:10] [INFO] Chargement de robot_3d_0204-> 276/331 | 83%
[2026-04-02 09:09:10] [INFO] Chargement de robot_3d_0205-> 277/331 | 83%
[2026-04-02 09:09:10] [INFO] Chargement de robot_3d_0206-> 278/331 | 83%
[2026-04-02 09:09:10] [INFO] Chargement de robot_3d_0207-> 279/331 | 84%
[2026-04-02 09:09:10] [INFO] Chargement de robot_3d_0208-> 280/331 | 84%
[2026-04-02 09:09:10] [INFO] Chargement de robot_3d_0209-> 281/331 | 84%
[2026-04-02 09:09:10] [INFO] Chargement de robot_3d_0210-> 282/331 | 85%
[2026-04-02 09:09:10] [INFO] Chargement de robot_3d_0211-> 283/331 | 85%
[2026-04-02 09:09:10] [INFO] Chargement de robot_3d_0212-> 284/331 | 85%
[2026-04-02 09:09:10] [INFO] Chargement de robot_3d_0213-> 285/331 | 86%
[2026-04-02 09:09:10] [INFO] Chargement de robot_3d_0214-> 286/331 | 86%
[2026-04-02 09:09:10] [INFO] Chargement de robot_3d_0216-> 288/331 | 87%
[2026-04-02 09:09:10] [INFO] Chargement de robot_3d_0217-> 289/331 | 87%
[2026-04-02 09:09:10] [INFO] Chargement de robot_3d_0218-> 290/331 | 87%
[2026-04-02 09:09:10] [INFO] Chargement de robot_3d_0219-> 291/331 | 87%
[2026-04-02 09:09:10] [INFO] Chargement de robot_3d_0220-> 292/331 | 88%
[2026-04-02 09:09:10] [INFO] Chargement de robot_3d_0221-> 293/331 | 88%
[2026-04-02 09:09:10] [INFO] Chargement de robot_3d_0222-> 294/331 | 88%
[2026-04-02 09:09:10] [INFO] Chargement de robot_3d_0223-> 295/331 | 89%
[2026-04-02 09:09:10] [INFO] Chargement de robot_3d_0224-> 296/331 | 89%
[2026-04-02 09:09:10] [INFO] Chargement de robot_3d_0225-> 297/331 | 89%
[2026-04-02 09:09:10] [INFO] Chargement de robot_3d_0226-> 298/331 | 90%
[2026-04-02 09:09:10] [INFO] Chargement de robot_3d_0227-> 299/331 | 90%
[2026-04-02 09:09:10] [INFO] Chargement de robot_3d_0228-> 300/331 | 90%
[2026-04-02 09:09:10] [INFO] Chargement de robot_3d_0229-> 301/331 | 90%
[2026-04-02 09:09:10] [INFO] Chargement de robot_3d_0230-> 302/331 | 91%
[2026-04-02 09:09:10] [INFO] Chargement de robot_3d_0231-> 303/331 | 91%
[2026-04-02 09:09:10] [INFO] Chargement de robot_3d_0232-> 304/331 | 91%
[2026-04-02 09:09:10] [INFO] Chargement de robot_3d_0233-> 305/331 | 92%
[2026-04-02 09:09:10] [INFO] Chargement de robot_3d_0234-> 306/331 | 92%
[2026-04-02 09:09:10] [INFO] Chargement de robot_3d_0235-> 307/331 | 92%
[2026-04-02 09:09:10] [INFO] Chargement de robot_3d_0236-> 308/331 | 93%
[2026-04-02 09:09:10] [INFO] Chargement de robot_3d_0237-> 309/331 | 93%
[2026-04-02 09:09:10] [INFO] Chargement de robot_3d_0238-> 310/331 | 93%
[2026-04-02 09:09:10] [INFO] Chargement de robot_3d_0239-> 311/331 | 93%
[2026-04-02 09:09:10] [INFO] Chargement de robot_3d_0240-> 312/331 | 94%
[2026-04-02 09:09:10] [INFO] Chargement de water_3-> 316/331 | 95%
[2026-04-02 09:09:10] [INFO] Chargement de lava_3-> 324/331 | 97%
[2026-04-02 09:09:10] [INFO] Chargement de rocket_1-> 330/331 | 99%
[2026-04-02 09:09:10] [INFO] Assets chargés, redirect vers play_menu
[2026-04-02 09:09:10] [INFO] Entrez dans play_menu avec le compte test1.json
[2026-04-02 09:09:28] [ERROR] play ->
Traceback (most recent call last):
  File "d:\informatique_tfe\tfe\src\data\object\games\play.py", line 252, in play
    maps,new_maps_check = robot.update(maps, collision_tiles)
                          ^^^^^^^^^^^^^^^^^^^^^^^^^^^^^^^^^^^
  File "d:\informatique_tfe\tfe\src\data\object\personnages\robot.py", line 204, in update
    maps = self.move_input(maps, collision_tiles)
           ^^^^^^^^^^^^^^^^^^^^^^^^^^^^^^^^^^^^^^
  File "d:\informatique_tfe\tfe\src\data\object\personnages\robot.py", line 140, in move_input
    self.remove_energy(1)
  File "d:\informatique_tfe\tfe\src\data\object\personnages\robot.py", line 72, in remove_energy
    self.end()
  File "d:\informatique_tfe\tfe\src\data\object\personnages\robot.py", line 67, in end
    finish_menu(self.collected_resources, self.compte_file, self.asset_manager, self.maps_level)
  File "d:\informatique_tfe\tfe\src\data\object\games\finish_menu.py", line 36, in finish_menu
    reward_final+= reward[str(block_list_str[i])]*REWARD_VALEUR[str(block_list_str[i])]
                              ~~~~~~~~~~~~~~^^^
IndexError: list index out of range
[2026-04-02 09:13:52] [INFO] 



+///////////////////////////////////////////////////////////////////////////+

                Démarrage de Nexus Extraction

+///////////////////////////////////////////////////////////////////////////+

[2026-04-02 09:13:52] [INFO] 
+---------------------------- Bienvenue ! ----------------------------+

Bienvenue dans Nexus Extraction. Si vous lisez ceci, c’est que vous vous
trouvez actuellement dans les logs du jeu. Si vous êtes un joueur lambda,
cette fenêtre ne vous intéressera pas, mais ne la fermez pas, car cette
action entraînera la fermeture du jeu.

En cas de problème ou de plantage du jeu, merci de contacter le développeur
à l’adresse e-mail suivante : mouyelv@sjb-liege.org
en joignant les fichiers de logs qui se trouvent dans le dossier "logs/".

Merci de jouer à Nexus Extraction et bon jeu ;)

+-------------------------------- LOGS --------------------------------+

[2026-04-02 09:13:52] [INFO] Main Menu
[2026-04-02 09:13:53] [INFO] Entrez dans compte
[2026-04-02 09:13:53] [INFO] Entrez dans load_menu avec le compte -> test1.json
[2026-04-02 09:13:53] [INFO] Chargement de title-> 1/331 | 0%
[2026-04-02 09:13:53] [INFO] Chargement de creator-> 2/331 | 0%
[2026-04-02 09:13:53] [INFO] Chargement de creator-> 2/331 | 0%
[2026-04-02 09:13:53] [INFO] Chargement de the_void-> 4/331 | 1%
[2026-04-02 09:13:53] [INFO] Chargement de the_void_full-> 5/331 | 1%
[2026-04-02 09:13:53] [INFO] Chargement de underground_2-> 7/331 | 2%
[2026-04-02 09:13:53] [INFO] Chargement de underground_2-> 7/331 | 2%
[2026-04-02 09:13:53] [INFO] Chargement de underground_3-> 8/331 | 2%
[2026-04-02 09:13:53] [INFO] Chargement de btn_play_menu-> 9/331 | 2%
[2026-04-02 09:13:53] [INFO] Chargement de btn_play_menu-> 9/331 | 2%
[2026-04-02 09:13:53] [INFO] Chargement de btn_play_menu-> 9/331 | 2%
[2026-04-02 09:13:53] [INFO] Chargement de btn_boutique_menu-> 10/331 | 3%
[2026-04-02 09:13:53] [INFO] Chargement de btn_boutique_menu-> 10/331 | 3%
[2026-04-02 09:13:53] [INFO] Chargement de btn_option_menu-> 11/331 | 3%
[2026-04-02 09:13:53] [INFO] Chargement de btn_option_menu-> 11/331 | 3%
[2026-04-02 09:13:53] [INFO] Chargement de btn_play-> 12/331 | 3%
[2026-04-02 09:13:53] [INFO] Chargement de btn_play-> 12/331 | 3%
[2026-04-02 09:13:53] [INFO] Chargement de btn_quitter-> 13/331 | 3%
[2026-04-02 09:13:53] [INFO] Chargement de btn_quitter-> 13/331 | 3%
[2026-04-02 09:13:53] [INFO] Chargement de btn_quitter-> 13/331 | 3%
[2026-04-02 09:13:54] [INFO] Chargement de btn_quitter-> 13/331 | 3%
[2026-04-02 09:13:54] [INFO] Chargement de barre_laterale-> 16/331 | 4%
[2026-04-02 09:13:54] [INFO] Chargement de inventory-> 21/331 | 6%
[2026-04-02 09:13:54] [INFO] Chargement de pression_icon-> 24/331 | 7%
[2026-04-02 09:13:54] [INFO] Chargement de oak_strairs_R-> 35/331 | 10%
[2026-04-02 09:13:54] [INFO] Chargement de cobbled_deepslate-> 44/331 | 13%
[2026-04-02 09:13:54] [INFO] Chargement de robot_bug-> 52/331 | 15%
[2026-04-02 09:13:54] [INFO] Chargement de robot_8-> 61/331 | 18%
[2026-04-02 09:13:54] [INFO] Chargement de robot_100-> 68/331 | 20%
[2026-04-02 09:13:54] [INFO] Chargement de robot_3d_0001-> 73/331 | 22%
[2026-04-02 09:13:54] [INFO] Chargement de robot_3d_0003-> 75/331 | 22%
[2026-04-02 09:13:54] [INFO] Chargement de robot_3d_0004-> 76/331 | 22%
[2026-04-02 09:13:54] [INFO] Chargement de robot_3d_0004-> 76/331 | 22%
[2026-04-02 09:13:54] [INFO] Chargement de robot_3d_0006-> 78/331 | 23%
[2026-04-02 09:13:54] [INFO] Chargement de robot_3d_0007-> 79/331 | 23%
[2026-04-02 09:13:54] [INFO] Chargement de robot_3d_0008-> 80/331 | 24%
[2026-04-02 09:13:54] [INFO] Chargement de robot_3d_0009-> 81/331 | 24%
[2026-04-02 09:13:54] [INFO] Chargement de robot_3d_0010-> 82/331 | 24%
[2026-04-02 09:13:54] [INFO] Chargement de robot_3d_0011-> 83/331 | 25%
[2026-04-02 09:13:54] [INFO] Chargement de robot_3d_0012-> 84/331 | 25%
[2026-04-02 09:13:54] [INFO] Chargement de robot_3d_0013-> 85/331 | 25%
[2026-04-02 09:13:54] [INFO] Chargement de robot_3d_0014-> 86/331 | 25%
[2026-04-02 09:13:54] [INFO] Chargement de robot_3d_0016-> 88/331 | 26%
[2026-04-02 09:13:54] [INFO] Chargement de robot_3d_0016-> 88/331 | 26%
[2026-04-02 09:13:54] [INFO] Chargement de robot_3d_0018-> 90/331 | 27%
[2026-04-02 09:13:54] [INFO] Chargement de robot_3d_0019-> 91/331 | 27%
[2026-04-02 09:13:54] [INFO] Chargement de robot_3d_0020-> 92/331 | 27%
[2026-04-02 09:13:54] [INFO] Chargement de robot_3d_0021-> 93/331 | 28%
[2026-04-02 09:13:54] [INFO] Chargement de robot_3d_0022-> 94/331 | 28%
[2026-04-02 09:13:54] [INFO] Chargement de robot_3d_0023-> 95/331 | 28%
[2026-04-02 09:13:54] [INFO] Chargement de robot_3d_0024-> 96/331 | 29%
[2026-04-02 09:13:54] [INFO] Chargement de robot_3d_0025-> 97/331 | 29%
[2026-04-02 09:13:54] [INFO] Chargement de robot_3d_0026-> 98/331 | 29%
[2026-04-02 09:13:54] [INFO] Chargement de robot_3d_0027-> 99/331 | 29%
[2026-04-02 09:13:54] [INFO] Chargement de robot_3d_0028-> 100/331 | 30%
[2026-04-02 09:13:54] [INFO] Chargement de robot_3d_0029-> 101/331 | 30%
[2026-04-02 09:13:54] [INFO] Chargement de robot_3d_0030-> 102/331 | 30%
[2026-04-02 09:13:54] [INFO] Chargement de robot_3d_0031-> 103/331 | 31%
[2026-04-02 09:13:54] [INFO] Chargement de robot_3d_0033-> 105/331 | 31%
[2026-04-02 09:13:54] [INFO] Chargement de robot_3d_0034-> 106/331 | 32%
[2026-04-02 09:13:54] [INFO] Chargement de robot_3d_0036-> 108/331 | 32%
[2026-04-02 09:13:54] [INFO] Chargement de robot_3d_0037-> 109/331 | 32%
[2026-04-02 09:13:54] [INFO] Chargement de robot_3d_0038-> 110/331 | 33%
[2026-04-02 09:13:54] [INFO] Chargement de robot_3d_0039-> 111/331 | 33%
[2026-04-02 09:13:54] [INFO] Chargement de robot_3d_0039-> 111/331 | 33%
[2026-04-02 09:13:54] [INFO] Chargement de robot_3d_0040-> 112/331 | 33%
[2026-04-02 09:13:54] [INFO] Chargement de robot_3d_0041-> 113/331 | 34%
[2026-04-02 09:13:54] [INFO] Chargement de robot_3d_0042-> 114/331 | 34%
[2026-04-02 09:13:54] [INFO] Chargement de robot_3d_0043-> 115/331 | 34%
[2026-04-02 09:13:54] [INFO] Chargement de robot_3d_0044-> 116/331 | 35%
[2026-04-02 09:13:54] [INFO] Chargement de robot_3d_0045-> 117/331 | 35%
[2026-04-02 09:13:54] [INFO] Chargement de robot_3d_0046-> 118/331 | 35%
[2026-04-02 09:13:55] [INFO] Chargement de robot_3d_0047-> 119/331 | 35%
[2026-04-02 09:13:55] [INFO] Chargement de robot_3d_0048-> 120/331 | 36%
[2026-04-02 09:13:55] [INFO] Chargement de robot_3d_0049-> 121/331 | 36%
[2026-04-02 09:13:55] [INFO] Chargement de robot_3d_0050-> 122/331 | 36%
[2026-04-02 09:13:55] [INFO] Chargement de robot_3d_0051-> 123/331 | 37%
[2026-04-02 09:13:55] [INFO] Chargement de robot_3d_0052-> 124/331 | 37%
[2026-04-02 09:13:55] [INFO] Chargement de robot_3d_0053-> 125/331 | 37%
[2026-04-02 09:13:55] [INFO] Chargement de robot_3d_0054-> 126/331 | 38%
[2026-04-02 09:13:55] [INFO] Chargement de robot_3d_0055-> 127/331 | 38%
[2026-04-02 09:13:55] [INFO] Chargement de robot_3d_0056-> 128/331 | 38%
[2026-04-02 09:13:55] [INFO] Chargement de robot_3d_0057-> 129/331 | 38%
[2026-04-02 09:13:55] [INFO] Chargement de robot_3d_0058-> 130/331 | 39%
[2026-04-02 09:13:55] [INFO] Chargement de robot_3d_0060-> 132/331 | 39%
[2026-04-02 09:13:55] [INFO] Chargement de robot_3d_0060-> 132/331 | 39%
[2026-04-02 09:13:55] [INFO] Chargement de robot_3d_0061-> 133/331 | 40%
[2026-04-02 09:13:55] [INFO] Chargement de robot_3d_0062-> 134/331 | 40%
[2026-04-02 09:13:55] [INFO] Chargement de robot_3d_0063-> 135/331 | 40%
[2026-04-02 09:13:55] [INFO] Chargement de robot_3d_0065-> 137/331 | 41%
[2026-04-02 09:13:55] [INFO] Chargement de robot_3d_0145-> 217/331 | 65%
[2026-04-02 09:13:55] [INFO] Chargement de robot_3d_0146-> 218/331 | 65%
[2026-04-02 09:13:55] [INFO] Chargement de robot_3d_0147-> 219/331 | 66%
[2026-04-02 09:13:55] [INFO] Chargement de robot_3d_0148-> 220/331 | 66%
[2026-04-02 09:13:55] [INFO] Chargement de robot_3d_0149-> 221/331 | 66%
[2026-04-02 09:13:55] [INFO] Chargement de robot_3d_0151-> 223/331 | 67%
[2026-04-02 09:13:55] [INFO] Chargement de robot_3d_0152-> 224/331 | 67%
[2026-04-02 09:13:55] [INFO] Chargement de robot_3d_0154-> 226/331 | 68%
[2026-04-02 09:13:55] [INFO] Chargement de robot_3d_0154-> 226/331 | 68%
[2026-04-02 09:13:55] [INFO] Chargement de robot_3d_0155-> 227/331 | 68%
[2026-04-02 09:13:55] [INFO] Chargement de robot_3d_0156-> 228/331 | 68%
[2026-04-02 09:13:55] [INFO] Chargement de robot_3d_0157-> 229/331 | 69%
[2026-04-02 09:13:55] [INFO] Chargement de robot_3d_0159-> 231/331 | 69%
[2026-04-02 09:13:55] [INFO] Chargement de robot_3d_0160-> 232/331 | 70%
[2026-04-02 09:13:55] [INFO] Chargement de robot_3d_0161-> 233/331 | 70%
[2026-04-02 09:13:55] [INFO] Chargement de robot_3d_0162-> 234/331 | 70%
[2026-04-02 09:13:55] [INFO] Chargement de robot_3d_0163-> 235/331 | 70%
[2026-04-02 09:13:55] [INFO] Chargement de robot_3d_0164-> 236/331 | 71%
[2026-04-02 09:13:55] [INFO] Chargement de robot_3d_0165-> 237/331 | 71%
[2026-04-02 09:13:55] [INFO] Chargement de robot_3d_0166-> 238/331 | 71%
[2026-04-02 09:13:55] [INFO] Chargement de robot_3d_0167-> 239/331 | 72%
[2026-04-02 09:13:55] [INFO] Chargement de robot_3d_0168-> 240/331 | 72%
[2026-04-02 09:13:55] [INFO] Chargement de robot_3d_0169-> 241/331 | 72%
[2026-04-02 09:13:55] [INFO] Chargement de robot_3d_0170-> 242/331 | 73%
[2026-04-02 09:13:55] [INFO] Chargement de robot_3d_0171-> 243/331 | 73%
[2026-04-02 09:13:55] [INFO] Chargement de robot_3d_0173-> 245/331 | 74%
[2026-04-02 09:13:55] [INFO] Chargement de robot_3d_0173-> 245/331 | 74%
[2026-04-02 09:13:55] [INFO] Chargement de robot_3d_0175-> 247/331 | 74%
[2026-04-02 09:13:55] [INFO] Chargement de robot_3d_0176-> 248/331 | 74%
[2026-04-02 09:13:55] [INFO] Chargement de robot_3d_0177-> 249/331 | 75%
[2026-04-02 09:13:55] [INFO] Chargement de robot_3d_0178-> 250/331 | 75%
[2026-04-02 09:13:55] [INFO] Chargement de robot_3d_0179-> 251/331 | 75%
[2026-04-02 09:13:55] [INFO] Chargement de robot_3d_0181-> 253/331 | 76%
[2026-04-02 09:13:55] [INFO] Chargement de robot_3d_0182-> 254/331 | 76%
[2026-04-02 09:13:55] [INFO] Chargement de robot_3d_0183-> 255/331 | 77%
[2026-04-02 09:13:55] [INFO] Chargement de robot_3d_0184-> 256/331 | 77%
[2026-04-02 09:13:55] [INFO] Chargement de robot_3d_0185-> 257/331 | 77%
[2026-04-02 09:13:55] [INFO] Chargement de robot_3d_0186-> 258/331 | 77%
[2026-04-02 09:13:55] [INFO] Chargement de robot_3d_0187-> 259/331 | 78%
[2026-04-02 09:13:55] [INFO] Chargement de robot_3d_0188-> 260/331 | 78%
[2026-04-02 09:13:55] [INFO] Chargement de robot_3d_0189-> 261/331 | 78%
[2026-04-02 09:13:55] [INFO] Chargement de robot_3d_0190-> 262/331 | 79%
[2026-04-02 09:13:55] [INFO] Chargement de robot_3d_0191-> 263/331 | 79%
[2026-04-02 09:13:55] [INFO] Chargement de robot_3d_0192-> 264/331 | 79%
[2026-04-02 09:13:55] [INFO] Chargement de robot_3d_0193-> 265/331 | 80%
[2026-04-02 09:13:55] [INFO] Chargement de robot_3d_0195-> 267/331 | 80%
[2026-04-02 09:13:55] [INFO] Chargement de robot_3d_0196-> 268/331 | 80%
[2026-04-02 09:13:55] [INFO] Chargement de robot_3d_0197-> 269/331 | 81%
[2026-04-02 09:13:56] [INFO] Chargement de robot_3d_0199-> 271/331 | 81%
[2026-04-02 09:13:56] [INFO] Chargement de robot_3d_0199-> 271/331 | 81%
[2026-04-02 09:13:56] [INFO] Chargement de robot_3d_0200-> 272/331 | 82%
[2026-04-02 09:13:56] [INFO] Chargement de robot_3d_0202-> 274/331 | 82%
[2026-04-02 09:13:56] [INFO] Chargement de robot_3d_0203-> 275/331 | 83%
[2026-04-02 09:13:56] [INFO] Chargement de robot_3d_0204-> 276/331 | 83%
[2026-04-02 09:13:56] [INFO] Chargement de robot_3d_0205-> 277/331 | 83%
[2026-04-02 09:13:56] [INFO] Chargement de robot_3d_0206-> 278/331 | 83%
[2026-04-02 09:13:56] [INFO] Chargement de robot_3d_0207-> 279/331 | 84%
[2026-04-02 09:13:56] [INFO] Chargement de robot_3d_0208-> 280/331 | 84%
[2026-04-02 09:13:56] [INFO] Chargement de robot_3d_0209-> 281/331 | 84%
[2026-04-02 09:13:56] [INFO] Chargement de robot_3d_0210-> 282/331 | 85%
[2026-04-02 09:13:56] [INFO] Chargement de robot_3d_0211-> 283/331 | 85%
[2026-04-02 09:13:56] [INFO] Chargement de robot_3d_0212-> 284/331 | 85%
[2026-04-02 09:13:56] [INFO] Chargement de robot_3d_0213-> 285/331 | 86%
[2026-04-02 09:13:56] [INFO] Chargement de robot_3d_0214-> 286/331 | 86%
[2026-04-02 09:13:56] [INFO] Chargement de robot_3d_0215-> 287/331 | 86%
[2026-04-02 09:13:56] [INFO] Chargement de robot_3d_0216-> 288/331 | 87%
[2026-04-02 09:13:56] [INFO] Chargement de robot_3d_0217-> 289/331 | 87%
[2026-04-02 09:13:56] [INFO] Chargement de robot_3d_0218-> 290/331 | 87%
[2026-04-02 09:13:56] [INFO] Chargement de robot_3d_0219-> 291/331 | 87%
[2026-04-02 09:13:56] [INFO] Chargement de robot_3d_0220-> 292/331 | 88%
[2026-04-02 09:13:56] [INFO] Chargement de robot_3d_0221-> 293/331 | 88%
[2026-04-02 09:13:56] [INFO] Chargement de robot_3d_0222-> 294/331 | 88%
[2026-04-02 09:13:56] [INFO] Chargement de robot_3d_0223-> 295/331 | 89%
[2026-04-02 09:13:56] [INFO] Chargement de robot_3d_0224-> 296/331 | 89%
[2026-04-02 09:13:56] [INFO] Chargement de robot_3d_0225-> 297/331 | 89%
[2026-04-02 09:13:56] [INFO] Chargement de robot_3d_0226-> 298/331 | 90%
[2026-04-02 09:13:56] [INFO] Chargement de robot_3d_0227-> 299/331 | 90%
[2026-04-02 09:13:56] [INFO] Chargement de robot_3d_0228-> 300/331 | 90%
[2026-04-02 09:13:56] [INFO] Chargement de robot_3d_0229-> 301/331 | 90%
[2026-04-02 09:13:56] [INFO] Chargement de robot_3d_0230-> 302/331 | 91%
[2026-04-02 09:13:56] [INFO] Chargement de robot_3d_0231-> 303/331 | 91%
[2026-04-02 09:13:56] [INFO] Chargement de robot_3d_0232-> 304/331 | 91%
[2026-04-02 09:13:56] [INFO] Chargement de robot_3d_0233-> 305/331 | 92%
[2026-04-02 09:13:56] [INFO] Chargement de robot_3d_0234-> 306/331 | 92%
[2026-04-02 09:13:56] [INFO] Chargement de robot_3d_0235-> 307/331 | 92%
[2026-04-02 09:13:56] [INFO] Chargement de robot_3d_0236-> 308/331 | 93%
[2026-04-02 09:13:56] [INFO] Chargement de robot_3d_0237-> 309/331 | 93%
[2026-04-02 09:13:56] [INFO] Chargement de robot_3d_0238-> 310/331 | 93%
[2026-04-02 09:13:56] [INFO] Chargement de robot_3d_0239-> 311/331 | 93%
[2026-04-02 09:13:56] [INFO] Chargement de robot_3d_0240-> 312/331 | 94%
[2026-04-02 09:13:56] [INFO] Chargement de water_5-> 318/331 | 96%
[2026-04-02 09:13:56] [INFO] Chargement de lava_3-> 324/331 | 97%
[2026-04-02 09:13:56] [INFO] Assets chargés, redirect vers play_menu
[2026-04-02 09:13:56] [INFO] Entrez dans play_menu avec le compte test1.json
[2026-04-02 09:14:05] [ERROR] play ->
Traceback (most recent call last):
  File "d:\informatique_tfe\tfe\src\data\object\games\play.py", line 252, in play
    maps,new_maps_check = robot.update(maps, collision_tiles)
                          ^^^^^^^^^^^^^^^^^^^^^^^^^^^^^^^^^^^
  File "d:\informatique_tfe\tfe\src\data\object\personnages\robot.py", line 205, in update
    maps = self.move_input(maps, collision_tiles)
           ^^^^^^^^^^^^^^^^^^^^^^^^^^^^^^^^^^^^^^
  File "d:\informatique_tfe\tfe\src\data\object\personnages\robot.py", line 178, in move_input
    self.collected_resources[maps[below][block_x]] += 1
    ~~~~~~~~~~~~~~~~~~~~~~~~^^^^^^^^^^^^^^^^^^^^^^
KeyError: 'oak_planks'
[2026-04-02 09:17:08] [INFO] 



+///////////////////////////////////////////////////////////////////////////+

                Démarrage de Nexus Extraction

+///////////////////////////////////////////////////////////////////////////+

[2026-04-02 09:17:08] [INFO] 
+---------------------------- Bienvenue ! ----------------------------+

Bienvenue dans Nexus Extraction. Si vous lisez ceci, c’est que vous vous
trouvez actuellement dans les logs du jeu. Si vous êtes un joueur lambda,
cette fenêtre ne vous intéressera pas, mais ne la fermez pas, car cette
action entraînera la fermeture du jeu.

En cas de problème ou de plantage du jeu, merci de contacter le développeur
à l’adresse e-mail suivante : mouyelv@sjb-liege.org
en joignant les fichiers de logs qui se trouvent dans le dossier "logs/".

Merci de jouer à Nexus Extraction et bon jeu ;)

+-------------------------------- LOGS --------------------------------+

[2026-04-02 09:17:08] [INFO] Main Menu
[2026-04-02 09:17:09] [INFO] Entrez dans compte
[2026-04-02 09:17:09] [INFO] Entrez dans load_menu avec le compte -> test1.json
[2026-04-02 09:17:09] [INFO] Chargement de creator-> 2/331 | 0%
[2026-04-02 09:17:09] [INFO] Chargement de creator-> 2/331 | 0%
[2026-04-02 09:17:09] [INFO] Chargement de the_void-> 4/331 | 1%
[2026-04-02 09:17:09] [INFO] Chargement de the_void_full-> 5/331 | 1%
[2026-04-02 09:17:09] [INFO] Chargement de underground_1-> 6/331 | 1%
[2026-04-02 09:17:09] [INFO] Chargement de underground_1-> 6/331 | 1%
[2026-04-02 09:17:09] [INFO] Chargement de underground_2-> 7/331 | 2%
[2026-04-02 09:17:09] [INFO] Chargement de underground_3-> 8/331 | 2%
[2026-04-02 09:17:10] [INFO] Chargement de btn_play_menu-> 9/331 | 2%
[2026-04-02 09:17:10] [INFO] Chargement de btn_play_menu-> 9/331 | 2%
[2026-04-02 09:17:10] [INFO] Chargement de btn_boutique_menu-> 10/331 | 3%
[2026-04-02 09:17:10] [INFO] Chargement de btn_boutique_menu-> 10/331 | 3%
[2026-04-02 09:17:10] [INFO] Chargement de btn_boutique_menu-> 10/331 | 3%
[2026-04-02 09:17:10] [INFO] Chargement de btn_option_menu-> 11/331 | 3%
[2026-04-02 09:17:10] [INFO] Chargement de btn_option_menu-> 11/331 | 3%
[2026-04-02 09:17:10] [INFO] Chargement de btn_play-> 12/331 | 3%
[2026-04-02 09:17:10] [INFO] Chargement de btn_play-> 12/331 | 3%
[2026-04-02 09:17:10] [INFO] Chargement de btn_quitter-> 13/331 | 3%
[2026-04-02 09:17:10] [INFO] Chargement de btn_quitter-> 13/331 | 3%
[2026-04-02 09:17:10] [INFO] Chargement de btn_quitter-> 13/331 | 3%
[2026-04-02 09:17:10] [INFO] Chargement de barre_laterale-> 16/331 | 4%
[2026-04-02 09:17:10] [INFO] Chargement de boutique_energy-> 19/331 | 5%
[2026-04-02 09:17:10] [INFO] Chargement de inventory-> 21/331 | 6%
[2026-04-02 09:17:10] [INFO] Chargement de danger-> 23/331 | 6%
[2026-04-02 09:17:10] [INFO] Chargement de pression_icon-> 24/331 | 7%
[2026-04-02 09:17:10] [INFO] Chargement de diamond_ore-> 30/331 | 9%
[2026-04-02 09:17:10] [INFO] Chargement de deepslate_coal_ore-> 38/331 | 11%
[2026-04-02 09:17:10] [INFO] Chargement de lapis_ore-> 46/331 | 13%
[2026-04-02 09:17:10] [INFO] Chargement de robot_3-> 56/331 | 16%
[2026-04-02 09:17:10] [INFO] Chargement de robot_40-> 64/331 | 19%
[2026-04-02 09:17:10] [INFO] Chargement de bird_2-> 71/331 | 21%
[2026-04-02 09:17:10] [INFO] Chargement de robot_3d_0002-> 74/331 | 22%
[2026-04-02 09:17:10] [INFO] Chargement de robot_3d_0003-> 75/331 | 22%
[2026-04-02 09:17:10] [INFO] Chargement de robot_3d_0004-> 76/331 | 22%
[2026-04-02 09:17:10] [INFO] Chargement de robot_3d_0006-> 78/331 | 23%
[2026-04-02 09:17:10] [INFO] Chargement de robot_3d_0007-> 79/331 | 23%
[2026-04-02 09:17:10] [INFO] Chargement de robot_3d_0008-> 80/331 | 24%
[2026-04-02 09:17:10] [INFO] Chargement de robot_3d_0009-> 81/331 | 24%
[2026-04-02 09:17:10] [INFO] Chargement de robot_3d_0011-> 83/331 | 25%
[2026-04-02 09:17:10] [INFO] Chargement de robot_3d_0012-> 84/331 | 25%
[2026-04-02 09:17:11] [INFO] Chargement de robot_3d_0091-> 163/331 | 49%
[2026-04-02 09:17:11] [INFO] Chargement de robot_3d_0093-> 165/331 | 49%
[2026-04-02 09:17:11] [INFO] Chargement de robot_3d_0094-> 166/331 | 50%
[2026-04-02 09:17:11] [INFO] Chargement de robot_3d_0095-> 167/331 | 50%
[2026-04-02 09:17:11] [INFO] Chargement de robot_3d_0097-> 169/331 | 51%
[2026-04-02 09:17:11] [INFO] Chargement de robot_3d_0098-> 170/331 | 51%
[2026-04-02 09:17:11] [INFO] Chargement de robot_3d_0099-> 171/331 | 51%
[2026-04-02 09:17:11] [INFO] Chargement de robot_3d_0100-> 172/331 | 51%
[2026-04-02 09:17:11] [INFO] Chargement de robot_3d_0101-> 173/331 | 52%
[2026-04-02 09:17:11] [INFO] Chargement de robot_3d_0102-> 174/331 | 52%
[2026-04-02 09:17:11] [INFO] Chargement de robot_3d_0103-> 175/331 | 52%
[2026-04-02 09:17:11] [INFO] Chargement de robot_3d_0104-> 176/331 | 53%
[2026-04-02 09:17:11] [INFO] Chargement de robot_3d_0105-> 177/331 | 53%
[2026-04-02 09:17:11] [INFO] Chargement de robot_3d_0106-> 178/331 | 53%
[2026-04-02 09:17:11] [INFO] Chargement de robot_3d_0107-> 179/331 | 54%
[2026-04-02 09:17:11] [INFO] Chargement de robot_3d_0109-> 181/331 | 54%
[2026-04-02 09:17:11] [INFO] Chargement de robot_3d_0111-> 183/331 | 55%
[2026-04-02 09:17:11] [INFO] Chargement de robot_3d_0113-> 185/331 | 55%
[2026-04-02 09:17:11] [INFO] Chargement de robot_3d_0114-> 186/331 | 56%
[2026-04-02 09:17:11] [INFO] Chargement de robot_3d_0115-> 187/331 | 56%
[2026-04-02 09:17:11] [INFO] Chargement de robot_3d_0116-> 188/331 | 56%
[2026-04-02 09:17:11] [INFO] Chargement de robot_3d_0117-> 189/331 | 57%
[2026-04-02 09:17:11] [INFO] Chargement de robot_3d_0118-> 190/331 | 57%
[2026-04-02 09:17:11] [INFO] Chargement de robot_3d_0118-> 190/331 | 57%
[2026-04-02 09:17:11] [INFO] Chargement de robot_3d_0119-> 191/331 | 57%
[2026-04-02 09:17:11] [INFO] Chargement de robot_3d_0120-> 192/331 | 58%
[2026-04-02 09:17:11] [INFO] Chargement de robot_3d_0121-> 193/331 | 58%
[2026-04-02 09:17:11] [INFO] Chargement de robot_3d_0122-> 194/331 | 58%
[2026-04-02 09:17:11] [INFO] Chargement de robot_3d_0123-> 195/331 | 58%
[2026-04-02 09:17:11] [INFO] Chargement de robot_3d_0124-> 196/331 | 59%
[2026-04-02 09:17:11] [INFO] Chargement de robot_3d_0125-> 197/331 | 59%
[2026-04-02 09:17:11] [INFO] Chargement de robot_3d_0126-> 198/331 | 59%
[2026-04-02 09:17:11] [INFO] Chargement de robot_3d_0127-> 199/331 | 60%
[2026-04-02 09:17:11] [INFO] Chargement de robot_3d_0128-> 200/331 | 60%
[2026-04-02 09:17:11] [INFO] Chargement de robot_3d_0129-> 201/331 | 60%
[2026-04-02 09:17:11] [INFO] Chargement de robot_3d_0130-> 202/331 | 61%
[2026-04-02 09:17:11] [INFO] Chargement de robot_3d_0131-> 203/331 | 61%
[2026-04-02 09:17:11] [INFO] Chargement de robot_3d_0132-> 204/331 | 61%
[2026-04-02 09:17:11] [INFO] Chargement de robot_3d_0133-> 205/331 | 61%
[2026-04-02 09:17:11] [INFO] Chargement de robot_3d_0134-> 206/331 | 62%
[2026-04-02 09:17:11] [INFO] Chargement de robot_3d_0135-> 207/331 | 62%
[2026-04-02 09:17:11] [INFO] Chargement de robot_3d_0136-> 208/331 | 62%
[2026-04-02 09:17:11] [INFO] Chargement de robot_3d_0137-> 209/331 | 63%
[2026-04-02 09:17:11] [INFO] Chargement de robot_3d_0138-> 210/331 | 63%
[2026-04-02 09:17:11] [INFO] Chargement de robot_3d_0139-> 211/331 | 63%
[2026-04-02 09:17:11] [INFO] Chargement de robot_3d_0140-> 212/331 | 64%
[2026-04-02 09:17:11] [INFO] Chargement de robot_3d_0141-> 213/331 | 64%
[2026-04-02 09:17:11] [INFO] Chargement de robot_3d_0142-> 214/331 | 64%
[2026-04-02 09:17:11] [INFO] Chargement de robot_3d_0143-> 215/331 | 64%
[2026-04-02 09:17:11] [INFO] Chargement de robot_3d_0144-> 216/331 | 65%
[2026-04-02 09:17:11] [INFO] Chargement de robot_3d_0145-> 217/331 | 65%
[2026-04-02 09:17:11] [INFO] Chargement de robot_3d_0146-> 218/331 | 65%
[2026-04-02 09:17:11] [INFO] Chargement de robot_3d_0147-> 219/331 | 66%
[2026-04-02 09:17:11] [INFO] Chargement de robot_3d_0148-> 220/331 | 66%
[2026-04-02 09:17:11] [INFO] Chargement de robot_3d_0149-> 221/331 | 66%
[2026-04-02 09:17:11] [INFO] Chargement de robot_3d_0151-> 223/331 | 67%
[2026-04-02 09:17:11] [INFO] Chargement de robot_3d_0152-> 224/331 | 67%
[2026-04-02 09:17:11] [INFO] Chargement de robot_3d_0153-> 225/331 | 67%
[2026-04-02 09:17:11] [INFO] Chargement de robot_3d_0154-> 226/331 | 68%
[2026-04-02 09:17:11] [INFO] Chargement de robot_3d_0155-> 227/331 | 68%
[2026-04-02 09:17:11] [INFO] Chargement de robot_3d_0156-> 228/331 | 68%
[2026-04-02 09:17:11] [INFO] Chargement de robot_3d_0157-> 229/331 | 69%
[2026-04-02 09:17:11] [INFO] Chargement de robot_3d_0158-> 230/331 | 69%
[2026-04-02 09:17:11] [INFO] Chargement de robot_3d_0159-> 231/331 | 69%
[2026-04-02 09:17:11] [INFO] Chargement de robot_3d_0160-> 232/331 | 70%
[2026-04-02 09:17:11] [INFO] Chargement de robot_3d_0161-> 233/331 | 70%
[2026-04-02 09:17:11] [INFO] Chargement de robot_3d_0162-> 234/331 | 70%
[2026-04-02 09:17:11] [INFO] Chargement de robot_3d_0163-> 235/331 | 70%
[2026-04-02 09:17:11] [INFO] Chargement de robot_3d_0164-> 236/331 | 71%
[2026-04-02 09:17:11] [INFO] Chargement de robot_3d_0165-> 237/331 | 71%
[2026-04-02 09:17:11] [INFO] Chargement de robot_3d_0166-> 238/331 | 71%
[2026-04-02 09:17:11] [INFO] Chargement de robot_3d_0167-> 239/331 | 72%
[2026-04-02 09:17:11] [INFO] Chargement de robot_3d_0168-> 240/331 | 72%
[2026-04-02 09:17:11] [INFO] Chargement de robot_3d_0169-> 241/331 | 72%
[2026-04-02 09:17:11] [INFO] Chargement de robot_3d_0170-> 242/331 | 73%
[2026-04-02 09:17:11] [INFO] Chargement de robot_3d_0171-> 243/331 | 73%
[2026-04-02 09:17:12] [INFO] Chargement de robot_3d_0173-> 245/331 | 74%
[2026-04-02 09:17:12] [INFO] Chargement de robot_3d_0174-> 246/331 | 74%
[2026-04-02 09:17:12] [INFO] Chargement de robot_3d_0175-> 247/331 | 74%
[2026-04-02 09:17:12] [INFO] Chargement de robot_3d_0177-> 249/331 | 75%
[2026-04-02 09:17:12] [INFO] Chargement de robot_3d_0177-> 249/331 | 75%
[2026-04-02 09:17:12] [INFO] Chargement de robot_3d_0179-> 251/331 | 75%
[2026-04-02 09:17:12] [INFO] Chargement de robot_3d_0180-> 252/331 | 76%
[2026-04-02 09:17:12] [INFO] Chargement de robot_3d_0181-> 253/331 | 76%
[2026-04-02 09:17:12] [INFO] Chargement de robot_3d_0182-> 254/331 | 76%
[2026-04-02 09:17:12] [INFO] Chargement de robot_3d_0183-> 255/331 | 77%
[2026-04-02 09:17:12] [INFO] Chargement de robot_3d_0184-> 256/331 | 77%
[2026-04-02 09:17:12] [INFO] Chargement de robot_3d_0185-> 257/331 | 77%
[2026-04-02 09:17:12] [INFO] Chargement de robot_3d_0186-> 258/331 | 77%
[2026-04-02 09:17:12] [INFO] Chargement de robot_3d_0187-> 259/331 | 78%
[2026-04-02 09:17:12] [INFO] Chargement de robot_3d_0189-> 261/331 | 78%
[2026-04-02 09:17:12] [INFO] Chargement de robot_3d_0190-> 262/331 | 79%
[2026-04-02 09:17:12] [INFO] Chargement de robot_3d_0190-> 262/331 | 79%
[2026-04-02 09:17:12] [INFO] Chargement de robot_3d_0191-> 263/331 | 79%
[2026-04-02 09:17:12] [INFO] Chargement de robot_3d_0192-> 264/331 | 79%
[2026-04-02 09:17:12] [INFO] Chargement de robot_3d_0193-> 265/331 | 80%
[2026-04-02 09:17:12] [INFO] Chargement de robot_3d_0194-> 266/331 | 80%
[2026-04-02 09:17:12] [INFO] Chargement de robot_3d_0195-> 267/331 | 80%
[2026-04-02 09:17:12] [INFO] Chargement de robot_3d_0196-> 268/331 | 80%
[2026-04-02 09:17:12] [INFO] Chargement de robot_3d_0198-> 270/331 | 81%
[2026-04-02 09:17:12] [INFO] Chargement de robot_3d_0198-> 270/331 | 81%
[2026-04-02 09:17:12] [INFO] Chargement de robot_3d_0200-> 272/331 | 82%
[2026-04-02 09:17:12] [INFO] Chargement de robot_3d_0201-> 273/331 | 82%
[2026-04-02 09:17:12] [INFO] Chargement de robot_3d_0202-> 274/331 | 82%
[2026-04-02 09:17:12] [INFO] Chargement de robot_3d_0203-> 275/331 | 83%
[2026-04-02 09:17:12] [INFO] Chargement de robot_3d_0204-> 276/331 | 83%
[2026-04-02 09:17:12] [INFO] Chargement de robot_3d_0205-> 277/331 | 83%
[2026-04-02 09:17:12] [INFO] Chargement de robot_3d_0207-> 279/331 | 84%
[2026-04-02 09:17:12] [INFO] Chargement de robot_3d_0207-> 279/331 | 84%
[2026-04-02 09:17:12] [INFO] Chargement de robot_3d_0209-> 281/331 | 84%
[2026-04-02 09:17:12] [INFO] Chargement de robot_3d_0210-> 282/331 | 85%
[2026-04-02 09:17:12] [INFO] Chargement de robot_3d_0211-> 283/331 | 85%
[2026-04-02 09:17:12] [INFO] Chargement de robot_3d_0212-> 284/331 | 85%
[2026-04-02 09:17:12] [INFO] Chargement de robot_3d_0213-> 285/331 | 86%
[2026-04-02 09:17:12] [INFO] Chargement de robot_3d_0214-> 286/331 | 86%
[2026-04-02 09:17:12] [INFO] Chargement de robot_3d_0215-> 287/331 | 86%
[2026-04-02 09:17:12] [INFO] Chargement de robot_3d_0216-> 288/331 | 87%
[2026-04-02 09:17:12] [INFO] Chargement de robot_3d_0217-> 289/331 | 87%
[2026-04-02 09:17:12] [INFO] Chargement de robot_3d_0218-> 290/331 | 87%
[2026-04-02 09:17:12] [INFO] Chargement de robot_3d_0219-> 291/331 | 87%
[2026-04-02 09:17:12] [INFO] Chargement de robot_3d_0220-> 292/331 | 88%
[2026-04-02 09:17:12] [INFO] Chargement de robot_3d_0221-> 293/331 | 88%
[2026-04-02 09:17:12] [INFO] Chargement de robot_3d_0222-> 294/331 | 88%
[2026-04-02 09:17:12] [INFO] Chargement de robot_3d_0223-> 295/331 | 89%
[2026-04-02 09:17:12] [INFO] Chargement de robot_3d_0224-> 296/331 | 89%
[2026-04-02 09:17:12] [INFO] Chargement de robot_3d_0225-> 297/331 | 89%
[2026-04-02 09:17:12] [INFO] Chargement de robot_3d_0226-> 298/331 | 90%
[2026-04-02 09:17:12] [INFO] Chargement de robot_3d_0227-> 299/331 | 90%
[2026-04-02 09:17:12] [INFO] Chargement de robot_3d_0228-> 300/331 | 90%
[2026-04-02 09:17:12] [INFO] Chargement de robot_3d_0229-> 301/331 | 90%
[2026-04-02 09:17:12] [INFO] Chargement de robot_3d_0230-> 302/331 | 91%
[2026-04-02 09:17:12] [INFO] Chargement de robot_3d_0231-> 303/331 | 91%
[2026-04-02 09:17:12] [INFO] Chargement de robot_3d_0232-> 304/331 | 91%
[2026-04-02 09:17:12] [INFO] Chargement de robot_3d_0233-> 305/331 | 92%
[2026-04-02 09:17:12] [INFO] Chargement de robot_3d_0234-> 306/331 | 92%
[2026-04-02 09:17:12] [INFO] Chargement de robot_3d_0235-> 307/331 | 92%
[2026-04-02 09:17:12] [INFO] Chargement de robot_3d_0236-> 308/331 | 93%
[2026-04-02 09:17:12] [INFO] Chargement de robot_3d_0237-> 309/331 | 93%
[2026-04-02 09:17:12] [INFO] Chargement de robot_3d_0238-> 310/331 | 93%
[2026-04-02 09:17:12] [INFO] Chargement de robot_3d_0239-> 311/331 | 93%
[2026-04-02 09:17:12] [INFO] Chargement de robot_3d_0240-> 312/331 | 94%
[2026-04-02 09:17:12] [INFO] Chargement de water_6-> 319/331 | 96%
[2026-04-02 09:17:12] [INFO] Chargement de lava_5-> 326/331 | 98%
[2026-04-02 09:17:12] [INFO] Assets chargés, redirect vers play_menu
[2026-04-02 09:17:12] [INFO] Entrez dans play_menu avec le compte test1.json
[2026-04-02 09:17:31] [ERROR] play ->
Traceback (most recent call last):
  File "d:\informatique_tfe\tfe\src\data\object\games\play.py", line 252, in play
    maps,new_maps_check = robot.update(maps, collision_tiles)
                          ^^^^^^^^^^^^^^^^^^^^^^^^^^^^^^^^^^^
  File "d:\informatique_tfe\tfe\src\data\object\personnages\robot.py", line 206, in update
    maps = self.move_input(maps, collision_tiles)
           ^^^^^^^^^^^^^^^^^^^^^^^^^^^^^^^^^^^^^^
  File "d:\informatique_tfe\tfe\src\data\object\personnages\robot.py", line 179, in move_input
    self.block[maps[below][block_x]] += 1
    ~~~~~~~~~~^^^^^^^^^^^^^^^^^^^^^^
TypeError: list indices must be integers or slices, not str
[2026-04-02 09:18:39] [INFO] 



+///////////////////////////////////////////////////////////////////////////+

                Démarrage de Nexus Extraction

+///////////////////////////////////////////////////////////////////////////+

[2026-04-02 09:18:39] [INFO] 
+---------------------------- Bienvenue ! ----------------------------+

Bienvenue dans Nexus Extraction. Si vous lisez ceci, c’est que vous vous
trouvez actuellement dans les logs du jeu. Si vous êtes un joueur lambda,
cette fenêtre ne vous intéressera pas, mais ne la fermez pas, car cette
action entraînera la fermeture du jeu.

En cas de problème ou de plantage du jeu, merci de contacter le développeur
à l’adresse e-mail suivante : mouyelv@sjb-liege.org
en joignant les fichiers de logs qui se trouvent dans le dossier "logs/".

Merci de jouer à Nexus Extraction et bon jeu ;)

+-------------------------------- LOGS --------------------------------+

[2026-04-02 09:18:39] [INFO] Main Menu
[2026-04-02 09:18:40] [INFO] Entrez dans compte
[2026-04-02 09:18:40] [INFO] Entrez dans load_menu avec le compte -> test1.json
[2026-04-02 09:18:40] [INFO] Chargement de creator-> 2/331 | 0%
[2026-04-02 09:18:40] [INFO] Chargement de creator-> 2/331 | 0%
[2026-04-02 09:18:40] [INFO] Chargement de the_void-> 4/331 | 1%
[2026-04-02 09:18:40] [INFO] Chargement de the_void_full-> 5/331 | 1%
[2026-04-02 09:18:40] [INFO] Chargement de underground_1-> 6/331 | 1%
[2026-04-02 09:18:40] [INFO] Chargement de underground_2-> 7/331 | 2%
[2026-04-02 09:18:40] [INFO] Chargement de underground_3-> 8/331 | 2%
[2026-04-02 09:18:40] [INFO] Chargement de btn_play_menu-> 9/331 | 2%
[2026-04-02 09:18:40] [INFO] Chargement de btn_play_menu-> 9/331 | 2%
[2026-04-02 09:18:41] [INFO] Chargement de btn_play_menu-> 9/331 | 2%
[2026-04-02 09:18:41] [INFO] Chargement de btn_boutique_menu-> 10/331 | 3%
[2026-04-02 09:18:41] [INFO] Chargement de btn_boutique_menu-> 10/331 | 3%
[2026-04-02 09:18:41] [INFO] Chargement de btn_boutique_menu-> 10/331 | 3%
[2026-04-02 09:18:41] [INFO] Chargement de btn_option_menu-> 11/331 | 3%
[2026-04-02 09:18:41] [INFO] Chargement de btn_option_menu-> 11/331 | 3%
[2026-04-02 09:18:41] [INFO] Chargement de btn_play-> 12/331 | 3%
[2026-04-02 09:18:41] [INFO] Chargement de btn_play-> 12/331 | 3%
[2026-04-02 09:18:41] [INFO] Chargement de btn_play-> 12/331 | 3%
[2026-04-02 09:18:41] [INFO] Chargement de btn_quitter-> 13/331 | 3%
[2026-04-02 09:18:41] [INFO] Chargement de btn_quitter-> 13/331 | 3%
[2026-04-02 09:18:41] [INFO] Chargement de btn_quitter-> 13/331 | 3%
[2026-04-02 09:18:41] [INFO] Chargement de btn_compte-> 14/331 | 4%
[2026-04-02 09:18:41] [INFO] Chargement de barre_laterale-> 16/331 | 4%
[2026-04-02 09:18:41] [INFO] Chargement de boutique_frame-> 18/331 | 5%
[2026-04-02 09:18:41] [INFO] Chargement de boutique_pression-> 20/331 | 6%
[2026-04-02 09:18:41] [INFO] Chargement de danger-> 23/331 | 6%
[2026-04-02 09:18:41] [INFO] Chargement de robot_3d_0074-> 146/331 | 44%
[2026-04-02 09:18:41] [INFO] Chargement de robot_3d_0075-> 147/331 | 44%
[2026-04-02 09:18:41] [INFO] Chargement de robot_3d_0076-> 148/331 | 44%
[2026-04-02 09:18:41] [INFO] Chargement de robot_3d_0077-> 149/331 | 45%
[2026-04-02 09:18:41] [INFO] Chargement de robot_3d_0078-> 150/331 | 45%
[2026-04-02 09:18:41] [INFO] Chargement de robot_3d_0079-> 151/331 | 45%
[2026-04-02 09:18:41] [INFO] Chargement de robot_3d_0080-> 152/331 | 45%
[2026-04-02 09:18:41] [INFO] Chargement de robot_3d_0081-> 153/331 | 46%
[2026-04-02 09:18:41] [INFO] Chargement de robot_3d_0081-> 153/331 | 46%
[2026-04-02 09:18:41] [INFO] Chargement de robot_3d_0083-> 155/331 | 46%
[2026-04-02 09:18:41] [INFO] Chargement de robot_3d_0084-> 156/331 | 47%
[2026-04-02 09:18:41] [INFO] Chargement de robot_3d_0086-> 158/331 | 47%
[2026-04-02 09:18:41] [INFO] Chargement de robot_3d_0087-> 159/331 | 48%
[2026-04-02 09:18:41] [INFO] Chargement de robot_3d_0088-> 160/331 | 48%
[2026-04-02 09:18:41] [INFO] Chargement de robot_3d_0089-> 161/331 | 48%
[2026-04-02 09:18:41] [INFO] Chargement de robot_3d_0090-> 162/331 | 48%
[2026-04-02 09:18:41] [INFO] Chargement de robot_3d_0092-> 164/331 | 49%
[2026-04-02 09:18:41] [INFO] Chargement de robot_3d_0093-> 165/331 | 49%
[2026-04-02 09:18:42] [INFO] Chargement de robot_3d_0094-> 166/331 | 50%
[2026-04-02 09:18:42] [INFO] Chargement de robot_3d_0096-> 168/331 | 50%
[2026-04-02 09:18:42] [INFO] Chargement de robot_3d_0097-> 169/331 | 51%
[2026-04-02 09:18:42] [INFO] Chargement de robot_3d_0098-> 170/331 | 51%
[2026-04-02 09:18:42] [INFO] Chargement de robot_3d_0099-> 171/331 | 51%
[2026-04-02 09:18:42] [INFO] Chargement de robot_3d_0100-> 172/331 | 51%
[2026-04-02 09:18:42] [INFO] Chargement de robot_3d_0101-> 173/331 | 52%
[2026-04-02 09:18:42] [INFO] Chargement de robot_3d_0102-> 174/331 | 52%
[2026-04-02 09:18:42] [INFO] Chargement de robot_3d_0103-> 175/331 | 52%
[2026-04-02 09:18:42] [INFO] Chargement de robot_3d_0105-> 177/331 | 53%
[2026-04-02 09:18:42] [INFO] Chargement de robot_3d_0106-> 178/331 | 53%
[2026-04-02 09:18:42] [INFO] Chargement de robot_3d_0107-> 179/331 | 54%
[2026-04-02 09:18:42] [INFO] Chargement de robot_3d_0108-> 180/331 | 54%
[2026-04-02 09:18:42] [INFO] Chargement de robot_3d_0109-> 181/331 | 54%
[2026-04-02 09:18:42] [INFO] Chargement de robot_3d_0111-> 183/331 | 55%
[2026-04-02 09:18:42] [INFO] Chargement de robot_3d_0112-> 184/331 | 55%
[2026-04-02 09:18:42] [INFO] Chargement de robot_3d_0114-> 186/331 | 56%
[2026-04-02 09:18:42] [INFO] Chargement de robot_3d_0115-> 187/331 | 56%
[2026-04-02 09:18:42] [INFO] Chargement de robot_3d_0116-> 188/331 | 56%
[2026-04-02 09:18:42] [INFO] Chargement de robot_3d_0117-> 189/331 | 57%
[2026-04-02 09:18:42] [INFO] Chargement de robot_3d_0118-> 190/331 | 57%
[2026-04-02 09:18:42] [INFO] Chargement de robot_3d_0119-> 191/331 | 57%
[2026-04-02 09:18:42] [INFO] Chargement de robot_3d_0121-> 193/331 | 58%
[2026-04-02 09:18:42] [INFO] Chargement de robot_3d_0121-> 193/331 | 58%
[2026-04-02 09:18:42] [INFO] Chargement de robot_3d_0122-> 194/331 | 58%
[2026-04-02 09:18:42] [INFO] Chargement de robot_3d_0123-> 195/331 | 58%
[2026-04-02 09:18:42] [INFO] Chargement de robot_3d_0124-> 196/331 | 59%
[2026-04-02 09:18:42] [INFO] Chargement de robot_3d_0125-> 197/331 | 59%
[2026-04-02 09:18:42] [INFO] Chargement de robot_3d_0126-> 198/331 | 59%
[2026-04-02 09:18:42] [INFO] Chargement de robot_3d_0127-> 199/331 | 60%
[2026-04-02 09:18:42] [INFO] Chargement de robot_3d_0128-> 200/331 | 60%
[2026-04-02 09:18:42] [INFO] Chargement de robot_3d_0130-> 202/331 | 61%
[2026-04-02 09:18:42] [INFO] Chargement de robot_3d_0131-> 203/331 | 61%
[2026-04-02 09:18:42] [INFO] Chargement de robot_3d_0132-> 204/331 | 61%
[2026-04-02 09:18:42] [INFO] Chargement de robot_3d_0133-> 205/331 | 61%
[2026-04-02 09:18:42] [INFO] Chargement de robot_3d_0134-> 206/331 | 62%
[2026-04-02 09:18:42] [INFO] Chargement de robot_3d_0135-> 207/331 | 62%
[2026-04-02 09:18:42] [INFO] Chargement de robot_3d_0136-> 208/331 | 62%
[2026-04-02 09:18:42] [INFO] Chargement de robot_3d_0137-> 209/331 | 63%
[2026-04-02 09:18:42] [INFO] Chargement de robot_3d_0138-> 210/331 | 63%
[2026-04-02 09:18:42] [INFO] Chargement de robot_3d_0139-> 211/331 | 63%
[2026-04-02 09:18:42] [INFO] Chargement de robot_3d_0140-> 212/331 | 64%
[2026-04-02 09:18:42] [INFO] Chargement de robot_3d_0142-> 214/331 | 64%
[2026-04-02 09:18:42] [INFO] Chargement de robot_3d_0142-> 214/331 | 64%
[2026-04-02 09:18:42] [INFO] Chargement de robot_3d_0143-> 215/331 | 64%
[2026-04-02 09:18:42] [INFO] Chargement de robot_3d_0145-> 217/331 | 65%
[2026-04-02 09:18:42] [INFO] Chargement de robot_3d_0146-> 218/331 | 65%
[2026-04-02 09:18:42] [INFO] Chargement de robot_3d_0147-> 219/331 | 66%
[2026-04-02 09:18:42] [INFO] Chargement de robot_3d_0152-> 224/331 | 67%
[2026-04-02 09:18:42] [INFO] Chargement de robot_3d_0154-> 226/331 | 68%
[2026-04-02 09:18:42] [INFO] Chargement de robot_3d_0155-> 227/331 | 68%
[2026-04-02 09:18:42] [INFO] Chargement de robot_3d_0156-> 228/331 | 68%
[2026-04-02 09:18:42] [INFO] Chargement de robot_3d_0158-> 230/331 | 69%
[2026-04-02 09:18:42] [INFO] Chargement de robot_3d_0158-> 230/331 | 69%
[2026-04-02 09:18:42] [INFO] Chargement de robot_3d_0159-> 231/331 | 69%
[2026-04-02 09:18:42] [INFO] Chargement de robot_3d_0160-> 232/331 | 70%
[2026-04-02 09:18:42] [INFO] Chargement de robot_3d_0161-> 233/331 | 70%
[2026-04-02 09:18:42] [INFO] Chargement de robot_3d_0162-> 234/331 | 70%
[2026-04-02 09:18:42] [INFO] Chargement de robot_3d_0163-> 235/331 | 70%
[2026-04-02 09:18:42] [INFO] Chargement de robot_3d_0164-> 236/331 | 71%
[2026-04-02 09:18:42] [INFO] Chargement de robot_3d_0165-> 237/331 | 71%
[2026-04-02 09:18:42] [INFO] Chargement de robot_3d_0166-> 238/331 | 71%
[2026-04-02 09:18:42] [INFO] Chargement de robot_3d_0167-> 239/331 | 72%
[2026-04-02 09:18:42] [INFO] Chargement de robot_3d_0168-> 240/331 | 72%
[2026-04-02 09:18:42] [INFO] Chargement de robot_3d_0169-> 241/331 | 72%
[2026-04-02 09:18:42] [INFO] Chargement de robot_3d_0170-> 242/331 | 73%
[2026-04-02 09:18:42] [INFO] Chargement de robot_3d_0172-> 244/331 | 73%
[2026-04-02 09:18:42] [INFO] Chargement de robot_3d_0172-> 244/331 | 73%
[2026-04-02 09:18:42] [INFO] Chargement de robot_3d_0174-> 246/331 | 74%
[2026-04-02 09:18:42] [INFO] Chargement de robot_3d_0176-> 248/331 | 74%
[2026-04-02 09:18:42] [INFO] Chargement de robot_3d_0177-> 249/331 | 75%
[2026-04-02 09:18:42] [INFO] Chargement de robot_3d_0179-> 251/331 | 75%
[2026-04-02 09:18:42] [INFO] Chargement de robot_3d_0181-> 253/331 | 76%
[2026-04-02 09:18:42] [INFO] Chargement de robot_3d_0182-> 254/331 | 76%
[2026-04-02 09:18:42] [INFO] Chargement de robot_3d_0183-> 255/331 | 77%
[2026-04-02 09:18:43] [INFO] Chargement de robot_3d_0184-> 256/331 | 77%
[2026-04-02 09:18:43] [INFO] Chargement de robot_3d_0185-> 257/331 | 77%
[2026-04-02 09:18:43] [INFO] Chargement de robot_3d_0186-> 258/331 | 77%
[2026-04-02 09:18:43] [INFO] Chargement de robot_3d_0187-> 259/331 | 78%
[2026-04-02 09:18:43] [INFO] Chargement de robot_3d_0188-> 260/331 | 78%
[2026-04-02 09:18:43] [INFO] Chargement de robot_3d_0189-> 261/331 | 78%
[2026-04-02 09:18:43] [INFO] Chargement de robot_3d_0191-> 263/331 | 79%
[2026-04-02 09:18:43] [INFO] Chargement de robot_3d_0191-> 263/331 | 79%
[2026-04-02 09:18:43] [INFO] Chargement de robot_3d_0193-> 265/331 | 80%
[2026-04-02 09:18:43] [INFO] Chargement de robot_3d_0194-> 266/331 | 80%
[2026-04-02 09:18:43] [INFO] Chargement de robot_3d_0194-> 266/331 | 80%
[2026-04-02 09:18:43] [INFO] Chargement de robot_3d_0195-> 267/331 | 80%
[2026-04-02 09:18:43] [INFO] Chargement de robot_3d_0196-> 268/331 | 80%
[2026-04-02 09:18:43] [INFO] Chargement de robot_3d_0197-> 269/331 | 81%
[2026-04-02 09:18:43] [INFO] Chargement de robot_3d_0198-> 270/331 | 81%
[2026-04-02 09:18:43] [INFO] Chargement de robot_3d_0199-> 271/331 | 81%
[2026-04-02 09:18:43] [INFO] Chargement de robot_3d_0200-> 272/331 | 82%
[2026-04-02 09:18:43] [INFO] Chargement de robot_3d_0202-> 274/331 | 82%
[2026-04-02 09:18:43] [INFO] Chargement de robot_3d_0202-> 274/331 | 82%
[2026-04-02 09:18:43] [INFO] Chargement de robot_3d_0203-> 275/331 | 83%
[2026-04-02 09:18:43] [INFO] Chargement de robot_3d_0204-> 276/331 | 83%
[2026-04-02 09:18:43] [INFO] Chargement de robot_3d_0205-> 277/331 | 83%
[2026-04-02 09:18:43] [INFO] Chargement de robot_3d_0206-> 278/331 | 83%
[2026-04-02 09:18:43] [INFO] Chargement de robot_3d_0207-> 279/331 | 84%
[2026-04-02 09:18:43] [INFO] Chargement de robot_3d_0208-> 280/331 | 84%
[2026-04-02 09:18:43] [INFO] Chargement de robot_3d_0210-> 282/331 | 85%
[2026-04-02 09:18:43] [INFO] Chargement de robot_3d_0211-> 283/331 | 85%
[2026-04-02 09:18:43] [INFO] Chargement de robot_3d_0212-> 284/331 | 85%
[2026-04-02 09:18:43] [INFO] Chargement de robot_3d_0213-> 285/331 | 86%
[2026-04-02 09:18:43] [INFO] Chargement de robot_3d_0214-> 286/331 | 86%
[2026-04-02 09:18:43] [INFO] Chargement de robot_3d_0215-> 287/331 | 86%
[2026-04-02 09:18:43] [INFO] Chargement de robot_3d_0216-> 288/331 | 87%
[2026-04-02 09:18:43] [INFO] Chargement de robot_3d_0217-> 289/331 | 87%
[2026-04-02 09:18:43] [INFO] Chargement de robot_3d_0218-> 290/331 | 87%
[2026-04-02 09:18:43] [INFO] Chargement de robot_3d_0219-> 291/331 | 87%
[2026-04-02 09:18:43] [INFO] Chargement de robot_3d_0220-> 292/331 | 88%
[2026-04-02 09:18:43] [INFO] Chargement de robot_3d_0221-> 293/331 | 88%
[2026-04-02 09:18:43] [INFO] Chargement de robot_3d_0222-> 294/331 | 88%
[2026-04-02 09:18:43] [INFO] Chargement de robot_3d_0223-> 295/331 | 89%
[2026-04-02 09:18:43] [INFO] Chargement de robot_3d_0224-> 296/331 | 89%
[2026-04-02 09:18:43] [INFO] Chargement de robot_3d_0225-> 297/331 | 89%
[2026-04-02 09:18:43] [INFO] Chargement de robot_3d_0226-> 298/331 | 90%
[2026-04-02 09:18:43] [INFO] Chargement de robot_3d_0227-> 299/331 | 90%
[2026-04-02 09:18:43] [INFO] Chargement de robot_3d_0228-> 300/331 | 90%
[2026-04-02 09:18:43] [INFO] Chargement de robot_3d_0229-> 301/331 | 90%
[2026-04-02 09:18:43] [INFO] Chargement de robot_3d_0230-> 302/331 | 91%
[2026-04-02 09:18:43] [INFO] Chargement de robot_3d_0231-> 303/331 | 91%
[2026-04-02 09:18:43] [INFO] Chargement de robot_3d_0232-> 304/331 | 91%
[2026-04-02 09:18:43] [INFO] Chargement de robot_3d_0233-> 305/331 | 92%
[2026-04-02 09:18:43] [INFO] Chargement de robot_3d_0234-> 306/331 | 92%
[2026-04-02 09:18:43] [INFO] Chargement de robot_3d_0235-> 307/331 | 92%
[2026-04-02 09:18:43] [INFO] Chargement de robot_3d_0236-> 308/331 | 93%
[2026-04-02 09:18:43] [INFO] Chargement de robot_3d_0237-> 309/331 | 93%
[2026-04-02 09:18:43] [INFO] Chargement de robot_3d_0238-> 310/331 | 93%
[2026-04-02 09:18:43] [INFO] Chargement de robot_3d_0239-> 311/331 | 93%
[2026-04-02 09:18:43] [INFO] Chargement de robot_3d_0240-> 312/331 | 94%
[2026-04-02 09:18:43] [INFO] Chargement de lava_0-> 321/331 | 96%
[2026-04-02 09:18:43] [INFO] Chargement de lava_7-> 328/331 | 99%
[2026-04-02 09:18:43] [INFO] Assets chargés, redirect vers play_menu
[2026-04-02 09:18:43] [INFO] Entrez dans play_menu avec le compte test1.json
[2026-04-02 09:18:52] [ERROR] play ->
Traceback (most recent call last):
  File "d:\informatique_tfe\tfe\src\data\object\games\play.py", line 252, in play
    maps,new_maps_check = robot.update(maps, collision_tiles)
                          ^^^^^^^^^^^^^^^^^^^^^^^^^^^^^^^^^^^
  File "d:\informatique_tfe\tfe\src\data\object\personnages\robot.py", line 208, in update
    maps = self.move_input(maps, collision_tiles)
           ^^^^^^^^^^^^^^^^^^^^^^^^^^^^^^^^^^^^^^
  File "d:\informatique_tfe\tfe\src\data\object\personnages\robot.py", line 170, in move_input
    self.block[maps[above][block_x]] += 1
    ~~~~~~~~~~^^^^^^^^^^^^^^^^^^^^^^
KeyError: 'water'
[2026-04-02 09:19:14] [ERROR] play ->
Traceback (most recent call last):
  File "d:\informatique_tfe\tfe\src\data\object\games\play.py", line 252, in play
    maps,new_maps_check = robot.update(maps, collision_tiles)
                          ^^^^^^^^^^^^^^^^^^^^^^^^^^^^^^^^^^^
  File "d:\informatique_tfe\tfe\src\data\object\personnages\robot.py", line 208, in update
    maps = self.move_input(maps, collision_tiles)
           ^^^^^^^^^^^^^^^^^^^^^^^^^^^^^^^^^^^^^^
  File "d:\informatique_tfe\tfe\src\data\object\personnages\robot.py", line 144, in move_input
    self.remove_energy(1)
  File "d:\informatique_tfe\tfe\src\data\object\personnages\robot.py", line 76, in remove_energy
    self.end()
  File "d:\informatique_tfe\tfe\src\data\object\personnages\robot.py", line 71, in end
    finish_menu(self.collected_resources, self.compte_file, self.asset_manager, self.maps_level)
  File "d:\informatique_tfe\tfe\src\data\object\games\finish_menu.py", line 36, in finish_menu
    reward_final+= reward[str(block_list_str[i])]*REWARD_VALEUR[str(block_list_str[i])]
                   ~~~~~~^^^^^^^^^^^^^^^^^^^^^^^^
KeyError: 'oak_planks'
[2026-04-02 09:19:32] [INFO] 



+///////////////////////////////////////////////////////////////////////////+

                Démarrage de Nexus Extraction

+///////////////////////////////////////////////////////////////////////////+

[2026-04-02 09:19:32] [INFO] 
+---------------------------- Bienvenue ! ----------------------------+

Bienvenue dans Nexus Extraction. Si vous lisez ceci, c’est que vous vous
trouvez actuellement dans les logs du jeu. Si vous êtes un joueur lambda,
cette fenêtre ne vous intéressera pas, mais ne la fermez pas, car cette
action entraînera la fermeture du jeu.

En cas de problème ou de plantage du jeu, merci de contacter le développeur
à l’adresse e-mail suivante : mouyelv@sjb-liege.org
en joignant les fichiers de logs qui se trouvent dans le dossier "logs/".

Merci de jouer à Nexus Extraction et bon jeu ;)

+-------------------------------- LOGS --------------------------------+

[2026-04-02 09:19:32] [INFO] Main Menu
[2026-04-02 09:19:33] [INFO] Entrez dans compte
[2026-04-02 09:19:34] [INFO] Entrez dans load_menu avec le compte -> test1.json
[2026-04-02 09:19:34] [INFO] Chargement de creator-> 2/331 | 0%
[2026-04-02 09:19:34] [INFO] Chargement de creator-> 2/331 | 0%
[2026-04-02 09:19:34] [INFO] Chargement de the_void-> 4/331 | 1%
[2026-04-02 09:19:34] [INFO] Chargement de the_void_full-> 5/331 | 1%
[2026-04-02 09:19:34] [INFO] Chargement de underground_1-> 6/331 | 1%
[2026-04-02 09:19:34] [INFO] Chargement de underground_2-> 7/331 | 2%
[2026-04-02 09:19:34] [INFO] Chargement de underground_3-> 8/331 | 2%
[2026-04-02 09:19:34] [INFO] Chargement de btn_play_menu-> 9/331 | 2%
[2026-04-02 09:19:34] [INFO] Chargement de btn_play_menu-> 9/331 | 2%
[2026-04-02 09:19:34] [INFO] Chargement de btn_play_menu-> 9/331 | 2%
[2026-04-02 09:19:34] [INFO] Chargement de btn_boutique_menu-> 10/331 | 3%
[2026-04-02 09:19:34] [INFO] Chargement de btn_boutique_menu-> 10/331 | 3%
[2026-04-02 09:19:34] [INFO] Chargement de btn_option_menu-> 11/331 | 3%
[2026-04-02 09:19:34] [INFO] Chargement de btn_option_menu-> 11/331 | 3%
[2026-04-02 09:19:34] [INFO] Chargement de btn_option_menu-> 11/331 | 3%
[2026-04-02 09:19:34] [INFO] Chargement de robot_3d_0047-> 119/331 | 35%
[2026-04-02 09:19:34] [INFO] Chargement de robot_3d_0048-> 120/331 | 36%
[2026-04-02 09:19:34] [INFO] Chargement de robot_3d_0048-> 120/331 | 36%
[2026-04-02 09:19:34] [INFO] Chargement de robot_3d_0050-> 122/331 | 36%
[2026-04-02 09:19:34] [INFO] Chargement de robot_3d_0051-> 123/331 | 37%
[2026-04-02 09:19:34] [INFO] Chargement de robot_3d_0052-> 124/331 | 37%
[2026-04-02 09:19:34] [INFO] Chargement de robot_3d_0052-> 124/331 | 37%
[2026-04-02 09:19:34] [INFO] Chargement de robot_3d_0053-> 125/331 | 37%
[2026-04-02 09:19:34] [INFO] Chargement de robot_3d_0055-> 127/331 | 38%
[2026-04-02 09:19:34] [INFO] Chargement de robot_3d_0056-> 128/331 | 38%
[2026-04-02 09:19:34] [INFO] Chargement de robot_3d_0057-> 129/331 | 38%
[2026-04-02 09:19:34] [INFO] Chargement de robot_3d_0058-> 130/331 | 39%
[2026-04-02 09:19:34] [INFO] Chargement de robot_3d_0059-> 131/331 | 39%
[2026-04-02 09:19:34] [INFO] Chargement de robot_3d_0059-> 131/331 | 39%
[2026-04-02 09:19:35] [INFO] Chargement de robot_3d_0061-> 133/331 | 40%
[2026-04-02 09:19:35] [INFO] Chargement de robot_3d_0063-> 135/331 | 40%
[2026-04-02 09:19:35] [INFO] Chargement de robot_3d_0064-> 136/331 | 41%
[2026-04-02 09:19:35] [INFO] Chargement de robot_3d_0064-> 136/331 | 41%
[2026-04-02 09:19:35] [INFO] Chargement de robot_3d_0066-> 138/331 | 41%
[2026-04-02 09:19:35] [INFO] Chargement de robot_3d_0067-> 139/331 | 41%
[2026-04-02 09:19:35] [INFO] Chargement de robot_3d_0068-> 140/331 | 42%
[2026-04-02 09:19:35] [INFO] Chargement de robot_3d_0069-> 141/331 | 42%
[2026-04-02 09:19:35] [INFO] Chargement de robot_3d_0070-> 142/331 | 42%
[2026-04-02 09:19:35] [INFO] Chargement de robot_3d_0071-> 143/331 | 43%
[2026-04-02 09:19:35] [INFO] Chargement de robot_3d_0072-> 144/331 | 43%
[2026-04-02 09:19:35] [INFO] Chargement de robot_3d_0073-> 145/331 | 43%
[2026-04-02 09:19:35] [INFO] Chargement de robot_3d_0074-> 146/331 | 44%
[2026-04-02 09:19:35] [INFO] Chargement de robot_3d_0075-> 147/331 | 44%
[2026-04-02 09:19:35] [INFO] Chargement de robot_3d_0077-> 149/331 | 45%
[2026-04-02 09:19:35] [INFO] Chargement de robot_3d_0078-> 150/331 | 45%
[2026-04-02 09:19:35] [INFO] Chargement de robot_3d_0078-> 150/331 | 45%
[2026-04-02 09:19:35] [INFO] Chargement de robot_3d_0080-> 152/331 | 45%
[2026-04-02 09:19:35] [INFO] Chargement de robot_3d_0080-> 152/331 | 45%
[2026-04-02 09:19:35] [INFO] Chargement de robot_3d_0082-> 154/331 | 46%
[2026-04-02 09:19:35] [INFO] Chargement de robot_3d_0083-> 155/331 | 46%
[2026-04-02 09:19:35] [INFO] Chargement de robot_3d_0084-> 156/331 | 47%
[2026-04-02 09:19:35] [INFO] Chargement de robot_3d_0086-> 158/331 | 47%
[2026-04-02 09:19:35] [INFO] Chargement de robot_3d_0086-> 158/331 | 47%
[2026-04-02 09:19:35] [INFO] Chargement de robot_3d_0088-> 160/331 | 48%
[2026-04-02 09:19:35] [INFO] Chargement de robot_3d_0089-> 161/331 | 48%
[2026-04-02 09:19:35] [INFO] Chargement de robot_3d_0091-> 163/331 | 49%
[2026-04-02 09:19:35] [INFO] Chargement de robot_3d_0092-> 164/331 | 49%
[2026-04-02 09:19:35] [INFO] Chargement de robot_3d_0093-> 165/331 | 49%
[2026-04-02 09:19:35] [INFO] Chargement de robot_3d_0094-> 166/331 | 50%
[2026-04-02 09:19:35] [INFO] Chargement de robot_3d_0095-> 167/331 | 50%
[2026-04-02 09:19:35] [INFO] Chargement de robot_3d_0096-> 168/331 | 50%
[2026-04-02 09:19:35] [INFO] Chargement de robot_3d_0096-> 168/331 | 50%
[2026-04-02 09:19:35] [INFO] Chargement de robot_3d_0098-> 170/331 | 51%
[2026-04-02 09:19:35] [INFO] Chargement de robot_3d_0098-> 170/331 | 51%
[2026-04-02 09:19:35] [INFO] Chargement de robot_3d_0099-> 171/331 | 51%
[2026-04-02 09:19:35] [INFO] Chargement de robot_3d_0100-> 172/331 | 51%
[2026-04-02 09:19:35] [INFO] Chargement de robot_3d_0101-> 173/331 | 52%
[2026-04-02 09:19:35] [INFO] Chargement de robot_3d_0102-> 174/331 | 52%
[2026-04-02 09:19:35] [INFO] Chargement de robot_3d_0103-> 175/331 | 52%
[2026-04-02 09:19:35] [INFO] Chargement de robot_3d_0104-> 176/331 | 53%
[2026-04-02 09:19:35] [INFO] Chargement de robot_3d_0106-> 178/331 | 53%
[2026-04-02 09:19:35] [INFO] Chargement de robot_3d_0107-> 179/331 | 54%
[2026-04-02 09:19:35] [INFO] Chargement de robot_3d_0107-> 179/331 | 54%
[2026-04-02 09:19:35] [INFO] Chargement de robot_3d_0108-> 180/331 | 54%
[2026-04-02 09:19:35] [INFO] Chargement de robot_3d_0111-> 183/331 | 55%
[2026-04-02 09:19:35] [INFO] Chargement de robot_3d_0112-> 184/331 | 55%
[2026-04-02 09:19:35] [INFO] Chargement de robot_3d_0113-> 185/331 | 55%
[2026-04-02 09:19:35] [INFO] Chargement de robot_3d_0115-> 187/331 | 56%
[2026-04-02 09:19:35] [INFO] Chargement de robot_3d_0115-> 187/331 | 56%
[2026-04-02 09:19:35] [INFO] Chargement de robot_3d_0117-> 189/331 | 57%
[2026-04-02 09:19:35] [INFO] Chargement de robot_3d_0118-> 190/331 | 57%
[2026-04-02 09:19:35] [INFO] Chargement de robot_3d_0120-> 192/331 | 58%
[2026-04-02 09:19:35] [INFO] Chargement de robot_3d_0121-> 193/331 | 58%
[2026-04-02 09:19:35] [INFO] Chargement de robot_3d_0122-> 194/331 | 58%
[2026-04-02 09:19:35] [INFO] Chargement de robot_3d_0123-> 195/331 | 58%
[2026-04-02 09:19:35] [INFO] Chargement de robot_3d_0124-> 196/331 | 59%
[2026-04-02 09:19:35] [INFO] Chargement de robot_3d_0125-> 197/331 | 59%
[2026-04-02 09:19:35] [INFO] Chargement de robot_3d_0126-> 198/331 | 59%
[2026-04-02 09:19:35] [INFO] Chargement de robot_3d_0127-> 199/331 | 60%
[2026-04-02 09:19:35] [INFO] Chargement de robot_3d_0128-> 200/331 | 60%
[2026-04-02 09:19:35] [INFO] Chargement de robot_3d_0130-> 202/331 | 61%
[2026-04-02 09:19:35] [INFO] Chargement de robot_3d_0131-> 203/331 | 61%
[2026-04-02 09:19:35] [INFO] Chargement de robot_3d_0132-> 204/331 | 61%
[2026-04-02 09:19:35] [INFO] Chargement de robot_3d_0133-> 205/331 | 61%
[2026-04-02 09:19:36] [INFO] Chargement de robot_3d_0134-> 206/331 | 62%
[2026-04-02 09:19:36] [INFO] Chargement de robot_3d_0135-> 207/331 | 62%
[2026-04-02 09:19:36] [INFO] Chargement de robot_3d_0136-> 208/331 | 62%
[2026-04-02 09:19:36] [INFO] Chargement de robot_3d_0137-> 209/331 | 63%
[2026-04-02 09:19:36] [INFO] Chargement de robot_3d_0138-> 210/331 | 63%
[2026-04-02 09:19:36] [INFO] Chargement de robot_3d_0139-> 211/331 | 63%
[2026-04-02 09:19:36] [INFO] Chargement de robot_3d_0140-> 212/331 | 64%
[2026-04-02 09:19:36] [INFO] Chargement de robot_3d_0141-> 213/331 | 64%
[2026-04-02 09:19:36] [INFO] Chargement de robot_3d_0143-> 215/331 | 64%
[2026-04-02 09:19:36] [INFO] Chargement de robot_3d_0144-> 216/331 | 65%
[2026-04-02 09:19:36] [INFO] Chargement de robot_3d_0145-> 217/331 | 65%
[2026-04-02 09:19:36] [INFO] Chargement de robot_3d_0146-> 218/331 | 65%
[2026-04-02 09:19:36] [INFO] Chargement de robot_3d_0148-> 220/331 | 66%
[2026-04-02 09:19:36] [INFO] Chargement de robot_3d_0149-> 221/331 | 66%
[2026-04-02 09:19:36] [INFO] Chargement de robot_3d_0151-> 223/331 | 67%
[2026-04-02 09:19:36] [INFO] Chargement de robot_3d_0151-> 223/331 | 67%
[2026-04-02 09:19:36] [INFO] Chargement de robot_3d_0152-> 224/331 | 67%
[2026-04-02 09:19:36] [INFO] Chargement de robot_3d_0153-> 225/331 | 67%
[2026-04-02 09:19:36] [INFO] Chargement de robot_3d_0154-> 226/331 | 68%
[2026-04-02 09:19:36] [INFO] Chargement de robot_3d_0155-> 227/331 | 68%
[2026-04-02 09:19:36] [INFO] Chargement de robot_3d_0156-> 228/331 | 68%
[2026-04-02 09:19:36] [INFO] Chargement de robot_3d_0157-> 229/331 | 69%
[2026-04-02 09:19:36] [INFO] Chargement de robot_3d_0158-> 230/331 | 69%
[2026-04-02 09:19:36] [INFO] Chargement de robot_3d_0159-> 231/331 | 69%
[2026-04-02 09:19:36] [INFO] Chargement de robot_3d_0160-> 232/331 | 70%
[2026-04-02 09:19:36] [INFO] Chargement de robot_3d_0161-> 233/331 | 70%
[2026-04-02 09:19:36] [INFO] Chargement de robot_3d_0162-> 234/331 | 70%
[2026-04-02 09:19:36] [INFO] Chargement de robot_3d_0163-> 235/331 | 70%
[2026-04-02 09:19:36] [INFO] Chargement de robot_3d_0164-> 236/331 | 71%
[2026-04-02 09:19:36] [INFO] Chargement de robot_3d_0165-> 237/331 | 71%
[2026-04-02 09:19:36] [INFO] Chargement de robot_3d_0166-> 238/331 | 71%
[2026-04-02 09:19:36] [INFO] Chargement de robot_3d_0167-> 239/331 | 72%
[2026-04-02 09:19:36] [INFO] Chargement de robot_3d_0168-> 240/331 | 72%
[2026-04-02 09:19:36] [INFO] Chargement de robot_3d_0169-> 241/331 | 72%
[2026-04-02 09:19:36] [INFO] Chargement de robot_3d_0171-> 243/331 | 73%
[2026-04-02 09:19:36] [INFO] Chargement de robot_3d_0171-> 243/331 | 73%
[2026-04-02 09:19:36] [INFO] Chargement de robot_3d_0172-> 244/331 | 73%
[2026-04-02 09:19:36] [INFO] Chargement de robot_3d_0174-> 246/331 | 74%
[2026-04-02 09:19:36] [INFO] Chargement de robot_3d_0175-> 247/331 | 74%
[2026-04-02 09:19:36] [INFO] Chargement de robot_3d_0177-> 249/331 | 75%
[2026-04-02 09:19:36] [INFO] Chargement de robot_3d_0177-> 249/331 | 75%
[2026-04-02 09:19:36] [INFO] Chargement de robot_3d_0178-> 250/331 | 75%
[2026-04-02 09:19:36] [INFO] Chargement de robot_3d_0179-> 251/331 | 75%
[2026-04-02 09:19:36] [INFO] Chargement de robot_3d_0180-> 252/331 | 76%
[2026-04-02 09:19:36] [INFO] Chargement de robot_3d_0181-> 253/331 | 76%
[2026-04-02 09:19:36] [INFO] Chargement de robot_3d_0182-> 254/331 | 76%
[2026-04-02 09:19:36] [INFO] Chargement de robot_3d_0183-> 255/331 | 77%
[2026-04-02 09:19:36] [INFO] Chargement de robot_3d_0184-> 256/331 | 77%
[2026-04-02 09:19:36] [INFO] Chargement de robot_3d_0185-> 257/331 | 77%
[2026-04-02 09:19:36] [INFO] Chargement de robot_3d_0186-> 258/331 | 77%
[2026-04-02 09:19:36] [INFO] Chargement de robot_3d_0187-> 259/331 | 78%
[2026-04-02 09:19:36] [INFO] Chargement de robot_3d_0188-> 260/331 | 78%
[2026-04-02 09:19:36] [INFO] Chargement de robot_3d_0190-> 262/331 | 79%
[2026-04-02 09:19:36] [INFO] Chargement de robot_3d_0191-> 263/331 | 79%
[2026-04-02 09:19:36] [INFO] Chargement de robot_3d_0192-> 264/331 | 79%
[2026-04-02 09:19:36] [INFO] Chargement de robot_3d_0193-> 265/331 | 80%
[2026-04-02 09:19:36] [INFO] Chargement de robot_3d_0194-> 266/331 | 80%
[2026-04-02 09:19:36] [INFO] Chargement de robot_3d_0195-> 267/331 | 80%
[2026-04-02 09:19:36] [INFO] Chargement de robot_3d_0197-> 269/331 | 81%
[2026-04-02 09:19:36] [INFO] Chargement de robot_3d_0198-> 270/331 | 81%
[2026-04-02 09:19:36] [INFO] Chargement de robot_3d_0199-> 271/331 | 81%
[2026-04-02 09:19:36] [INFO] Chargement de robot_3d_0200-> 272/331 | 82%
[2026-04-02 09:19:36] [INFO] Chargement de robot_3d_0201-> 273/331 | 82%
[2026-04-02 09:19:36] [INFO] Chargement de robot_3d_0203-> 275/331 | 83%
[2026-04-02 09:19:36] [INFO] Chargement de robot_3d_0203-> 275/331 | 83%
[2026-04-02 09:19:36] [INFO] Chargement de robot_3d_0204-> 276/331 | 83%
[2026-04-02 09:19:36] [INFO] Chargement de robot_3d_0205-> 277/331 | 83%
[2026-04-02 09:19:36] [INFO] Chargement de robot_3d_0206-> 278/331 | 83%
[2026-04-02 09:19:36] [INFO] Chargement de robot_3d_0207-> 279/331 | 84%
[2026-04-02 09:19:36] [INFO] Chargement de robot_3d_0208-> 280/331 | 84%
[2026-04-02 09:19:36] [INFO] Chargement de robot_3d_0209-> 281/331 | 84%
[2026-04-02 09:19:36] [INFO] Chargement de robot_3d_0210-> 282/331 | 85%
[2026-04-02 09:19:36] [INFO] Chargement de robot_3d_0211-> 283/331 | 85%
[2026-04-02 09:19:36] [INFO] Chargement de robot_3d_0212-> 284/331 | 85%
[2026-04-02 09:19:36] [INFO] Chargement de robot_3d_0213-> 285/331 | 86%
[2026-04-02 09:19:36] [INFO] Chargement de robot_3d_0214-> 286/331 | 86%
[2026-04-02 09:19:36] [INFO] Chargement de robot_3d_0215-> 287/331 | 86%
[2026-04-02 09:19:36] [INFO] Chargement de robot_3d_0216-> 288/331 | 87%
[2026-04-02 09:19:36] [INFO] Chargement de robot_3d_0217-> 289/331 | 87%
[2026-04-02 09:19:36] [INFO] Chargement de robot_3d_0218-> 290/331 | 87%
[2026-04-02 09:19:36] [INFO] Chargement de robot_3d_0219-> 291/331 | 87%
[2026-04-02 09:19:36] [INFO] Chargement de robot_3d_0220-> 292/331 | 88%
[2026-04-02 09:19:36] [INFO] Chargement de robot_3d_0221-> 293/331 | 88%
[2026-04-02 09:19:36] [INFO] Chargement de robot_3d_0222-> 294/331 | 88%
[2026-04-02 09:19:36] [INFO] Chargement de robot_3d_0223-> 295/331 | 89%
[2026-04-02 09:19:36] [INFO] Chargement de robot_3d_0224-> 296/331 | 89%
[2026-04-02 09:19:36] [INFO] Chargement de robot_3d_0225-> 297/331 | 89%
[2026-04-02 09:19:36] [INFO] Chargement de robot_3d_0226-> 298/331 | 90%
[2026-04-02 09:19:36] [INFO] Chargement de robot_3d_0227-> 299/331 | 90%
[2026-04-02 09:19:36] [INFO] Chargement de robot_3d_0228-> 300/331 | 90%
[2026-04-02 09:19:36] [INFO] Chargement de robot_3d_0230-> 302/331 | 91%
[2026-04-02 09:19:36] [INFO] Chargement de robot_3d_0231-> 303/331 | 91%
[2026-04-02 09:19:36] [INFO] Chargement de robot_3d_0232-> 304/331 | 91%
[2026-04-02 09:19:36] [INFO] Chargement de robot_3d_0233-> 305/331 | 92%
[2026-04-02 09:19:36] [INFO] Chargement de robot_3d_0234-> 306/331 | 92%
[2026-04-02 09:19:36] [INFO] Chargement de robot_3d_0235-> 307/331 | 92%
[2026-04-02 09:19:36] [INFO] Chargement de robot_3d_0236-> 308/331 | 93%
[2026-04-02 09:19:36] [INFO] Chargement de robot_3d_0237-> 309/331 | 93%
[2026-04-02 09:19:36] [INFO] Chargement de robot_3d_0238-> 310/331 | 93%
[2026-04-02 09:19:37] [INFO] Chargement de robot_3d_0239-> 311/331 | 93%
[2026-04-02 09:19:37] [INFO] Chargement de robot_3d_0240-> 312/331 | 94%
[2026-04-02 09:19:37] [INFO] Chargement de water_7-> 320/331 | 96%
[2026-04-02 09:19:37] [INFO] Chargement de lava_6-> 327/331 | 98%
[2026-04-02 09:19:37] [INFO] Assets chargés, redirect vers play_menu
[2026-04-02 09:19:37] [INFO] Entrez dans play_menu avec le compte test1.json
[2026-04-02 09:19:53] [ERROR] play ->
Traceback (most recent call last):
  File "d:\informatique_tfe\tfe\src\data\object\games\play.py", line 252, in play
    maps,new_maps_check = robot.update(maps, collision_tiles)
                          ^^^^^^^^^^^^^^^^^^^^^^^^^^^^^^^^^^^
  File "d:\informatique_tfe\tfe\src\data\object\personnages\robot.py", line 208, in update
    maps = self.move_input(maps, collision_tiles)
           ^^^^^^^^^^^^^^^^^^^^^^^^^^^^^^^^^^^^^^
  File "d:\informatique_tfe\tfe\src\data\object\personnages\robot.py", line 144, in move_input
    self.remove_energy(1)
  File "d:\informatique_tfe\tfe\src\data\object\personnages\robot.py", line 76, in remove_energy
    self.end()
  File "d:\informatique_tfe\tfe\src\data\object\personnages\robot.py", line 71, in end
    finish_menu(self.block, self.compte_file, self.asset_manager, self.maps_level)
  File "d:\informatique_tfe\tfe\src\data\object\games\finish_menu.py", line 36, in finish_menu
    reward_final+= reward[str(block_list_str[i])]*REWARD_VALEUR[str(block_list_str[i])]
                              ~~~~~~~~~~~~~~^^^
IndexError: list index out of range
[2026-04-02 09:25:29] [INFO] Compte choisi -> True
[2026-04-02 09:25:29] [INFO] Main Menu
[2026-04-02 09:25:30] [INFO] +------ Fin du jeux -----+
[2026-04-02 09:53:34] [INFO] 



+///////////////////////////////////////////////////////////////////////////+

                Démarrage de Nexus Extraction

+///////////////////////////////////////////////////////////////////////////+

[2026-04-02 09:53:34] [INFO] 
+---------------------------- Bienvenue ! ----------------------------+

Bienvenue dans Nexus Extraction. Si vous lisez ceci, c’est que vous vous
trouvez actuellement dans les logs du jeu. Si vous êtes un joueur lambda,
cette fenêtre ne vous intéressera pas, mais ne la fermez pas, car cette
action entraînera la fermeture du jeu.

En cas de problème ou de plantage du jeu, merci de contacter le développeur
à l’adresse e-mail suivante : mouyelv@sjb-liege.org
en joignant les fichiers de logs qui se trouvent dans le dossier "logs/".

Merci de jouer à Nexus Extraction et bon jeu ;)

+-------------------------------- LOGS --------------------------------+

[2026-04-02 09:53:35] [INFO] Main Menu
[2026-04-02 09:53:39] [INFO] Entrez dans compte
[2026-04-02 09:53:40] [INFO] Entrez dans load_menu avec le compte -> test1.json
[2026-04-02 09:53:40] [INFO] Chargement de creator-> 2/331 | 0%
[2026-04-02 09:53:40] [INFO] Chargement de creator-> 2/331 | 0%
[2026-04-02 09:53:40] [INFO] Chargement de creator-> 2/331 | 0%
[2026-04-02 09:53:40] [INFO] Chargement de creator-> 2/331 | 0%
[2026-04-02 09:53:40] [INFO] Chargement de creator-> 2/331 | 0%
[2026-04-02 09:53:40] [INFO] Chargement de creator-> 2/331 | 0%
[2026-04-02 09:53:40] [INFO] Chargement de creator-> 2/331 | 0%
[2026-04-02 09:53:40] [INFO] Chargement de the_void-> 4/331 | 1%
[2026-04-02 09:53:41] [INFO] Chargement de the_void_full-> 5/331 | 1%
[2026-04-02 09:53:41] [INFO] Chargement de underground_1-> 6/331 | 1%
[2026-04-02 09:53:41] [INFO] Chargement de underground_2-> 7/331 | 2%
[2026-04-02 09:53:41] [INFO] Chargement de underground_2-> 7/331 | 2%
[2026-04-02 09:53:41] [INFO] Chargement de underground_2-> 7/331 | 2%
[2026-04-02 09:53:41] [INFO] Chargement de underground_2-> 7/331 | 2%
[2026-04-02 09:53:41] [INFO] Chargement de underground_2-> 7/331 | 2%
[2026-04-02 09:53:41] [INFO] Chargement de underground_2-> 7/331 | 2%
[2026-04-02 09:53:41] [INFO] Chargement de underground_2-> 7/331 | 2%
[2026-04-02 09:53:41] [INFO] Chargement de underground_3-> 8/331 | 2%
[2026-04-02 09:53:41] [INFO] Chargement de btn_play_menu-> 9/331 | 2%
[2026-04-02 09:53:41] [INFO] Chargement de btn_play_menu-> 9/331 | 2%
[2026-04-02 09:53:41] [INFO] Chargement de btn_play_menu-> 9/331 | 2%
[2026-04-02 09:53:41] [INFO] Chargement de btn_boutique_menu-> 10/331 | 3%
[2026-04-02 09:53:41] [INFO] Chargement de btn_boutique_menu-> 10/331 | 3%
[2026-04-02 09:53:41] [INFO] Chargement de btn_boutique_menu-> 10/331 | 3%
[2026-04-02 09:53:41] [INFO] Chargement de btn_option_menu-> 11/331 | 3%
[2026-04-02 09:53:41] [INFO] Chargement de btn_option_menu-> 11/331 | 3%
[2026-04-02 09:53:41] [INFO] Chargement de btn_play-> 12/331 | 3%
[2026-04-02 09:53:41] [INFO] Chargement de btn_play-> 12/331 | 3%
[2026-04-02 09:53:41] [INFO] Chargement de btn_play-> 12/331 | 3%
[2026-04-02 09:53:41] [INFO] Chargement de btn_quitter-> 13/331 | 3%
[2026-04-02 09:53:41] [INFO] Chargement de btn_quitter-> 13/331 | 3%
[2026-04-02 09:53:41] [INFO] Chargement de btn_quitter-> 13/331 | 3%
[2026-04-02 09:53:41] [INFO] Chargement de btn_compte-> 14/331 | 4%
[2026-04-02 09:53:41] [INFO] Chargement de barre_laterale-> 16/331 | 4%
[2026-04-02 09:53:41] [INFO] Chargement de boutique_bg-> 17/331 | 5%
[2026-04-02 09:53:41] [INFO] Chargement de boutique_pression-> 20/331 | 6%
[2026-04-02 09:53:41] [INFO] Chargement de boutique_pression-> 20/331 | 6%
[2026-04-02 09:53:41] [INFO] Chargement de blue_storm-> 22/331 | 6%
[2026-04-02 09:53:41] [INFO] Chargement de pression_icon-> 24/331 | 7%
[2026-04-02 09:53:41] [INFO] Chargement de stone-> 27/331 | 8%
[2026-04-02 09:53:41] [INFO] Chargement de diamond_ore-> 30/331 | 9%
[2026-04-02 09:53:42] [INFO] Chargement de bedrock-> 34/331 | 10%
[2026-04-02 09:53:42] [INFO] Chargement de coal_block-> 39/331 | 11%
[2026-04-02 09:53:42] [INFO] Chargement de deepslate_diamond_ore-> 42/331 | 12%
[2026-04-02 09:53:42] [INFO] Chargement de deepslate_lapis_ore-> 45/331 | 13%
[2026-04-02 09:53:42] [INFO] Chargement de crying_obsidian-> 49/331 | 14%
[2026-04-02 09:53:42] [INFO] Chargement de robot_bug-> 52/331 | 15%
[2026-04-02 09:53:42] [INFO] Chargement de robot_2-> 55/331 | 16%
[2026-04-02 09:53:42] [INFO] Chargement de robot_5-> 58/331 | 17%
[2026-04-02 09:53:42] [INFO] Chargement de robot_20-> 62/331 | 18%
[2026-04-02 09:53:42] [INFO] Chargement de robot_50-> 65/331 | 19%
[2026-04-02 09:53:42] [INFO] Chargement de bird_0-> 69/331 | 20%
[2026-04-02 09:53:42] [INFO] Chargement de robot_3d_0001-> 73/331 | 22%
[2026-04-02 09:53:42] [INFO] Chargement de robot_3d_0002-> 74/331 | 22%
[2026-04-02 09:53:42] [INFO] Chargement de robot_3d_0003-> 75/331 | 22%
[2026-04-02 09:53:42] [INFO] Chargement de robot_3d_0004-> 76/331 | 22%
[2026-04-02 09:53:42] [INFO] Chargement de robot_3d_0005-> 77/331 | 23%
[2026-04-02 09:53:42] [INFO] Chargement de robot_3d_0006-> 78/331 | 23%
[2026-04-02 09:53:42] [INFO] Chargement de robot_3d_0007-> 79/331 | 23%
[2026-04-02 09:53:42] [INFO] Chargement de robot_3d_0008-> 80/331 | 24%
[2026-04-02 09:53:42] [INFO] Chargement de robot_3d_0009-> 81/331 | 24%
[2026-04-02 09:53:42] [INFO] Chargement de robot_3d_0009-> 81/331 | 24%
[2026-04-02 09:53:43] [INFO] Chargement de robot_3d_0011-> 83/331 | 25%
[2026-04-02 09:53:43] [INFO] Chargement de robot_3d_0011-> 83/331 | 25%
[2026-04-02 09:53:43] [INFO] Chargement de robot_3d_0012-> 84/331 | 25%
[2026-04-02 09:53:43] [INFO] Chargement de robot_3d_0013-> 85/331 | 25%
[2026-04-02 09:53:43] [INFO] Chargement de robot_3d_0014-> 86/331 | 25%
[2026-04-02 09:53:43] [INFO] Chargement de robot_3d_0015-> 87/331 | 26%
[2026-04-02 09:53:43] [INFO] Chargement de robot_3d_0016-> 88/331 | 26%
[2026-04-02 09:53:43] [INFO] Chargement de robot_3d_0017-> 89/331 | 26%
[2026-04-02 09:53:43] [INFO] Chargement de robot_3d_0018-> 90/331 | 27%
[2026-04-02 09:53:43] [INFO] Chargement de robot_3d_0019-> 91/331 | 27%
[2026-04-02 09:53:43] [INFO] Chargement de robot_3d_0020-> 92/331 | 27%
[2026-04-02 09:53:43] [INFO] Chargement de robot_3d_0021-> 93/331 | 28%
[2026-04-02 09:53:43] [INFO] Chargement de robot_3d_0022-> 94/331 | 28%
[2026-04-02 09:53:43] [INFO] Chargement de robot_3d_0023-> 95/331 | 28%
[2026-04-02 09:53:43] [INFO] Chargement de robot_3d_0024-> 96/331 | 29%
[2026-04-02 09:53:43] [INFO] Chargement de robot_3d_0025-> 97/331 | 29%
[2026-04-02 09:53:43] [INFO] Chargement de robot_3d_0026-> 98/331 | 29%
[2026-04-02 09:53:43] [INFO] Chargement de robot_3d_0027-> 99/331 | 29%
[2026-04-02 09:53:43] [INFO] Chargement de robot_3d_0028-> 100/331 | 30%
[2026-04-02 09:53:43] [INFO] Chargement de robot_3d_0029-> 101/331 | 30%
[2026-04-02 09:53:43] [INFO] Chargement de robot_3d_0030-> 102/331 | 30%
[2026-04-02 09:53:43] [INFO] Chargement de robot_3d_0031-> 103/331 | 31%
[2026-04-02 09:53:43] [INFO] Chargement de robot_3d_0032-> 104/331 | 31%
[2026-04-02 09:53:43] [INFO] Chargement de robot_3d_0033-> 105/331 | 31%
[2026-04-02 09:53:43] [INFO] Chargement de robot_3d_0034-> 106/331 | 32%
[2026-04-02 09:53:43] [INFO] Chargement de robot_3d_0035-> 107/331 | 32%
[2026-04-02 09:53:43] [INFO] Chargement de robot_3d_0036-> 108/331 | 32%
[2026-04-02 09:53:43] [INFO] Chargement de robot_3d_0037-> 109/331 | 32%
[2026-04-02 09:53:43] [INFO] Chargement de robot_3d_0038-> 110/331 | 33%
[2026-04-02 09:53:43] [INFO] Chargement de robot_3d_0039-> 111/331 | 33%
[2026-04-02 09:53:43] [INFO] Chargement de robot_3d_0040-> 112/331 | 33%
[2026-04-02 09:53:43] [INFO] Chargement de robot_3d_0041-> 113/331 | 34%
[2026-04-02 09:53:43] [INFO] Chargement de robot_3d_0042-> 114/331 | 34%
[2026-04-02 09:53:43] [INFO] Chargement de robot_3d_0043-> 115/331 | 34%
[2026-04-02 09:53:43] [INFO] Chargement de robot_3d_0044-> 116/331 | 35%
[2026-04-02 09:53:43] [INFO] Chargement de robot_3d_0045-> 117/331 | 35%
[2026-04-02 09:53:43] [INFO] Chargement de robot_3d_0046-> 118/331 | 35%
[2026-04-02 09:53:43] [INFO] Chargement de robot_3d_0047-> 119/331 | 35%
[2026-04-02 09:53:43] [INFO] Chargement de robot_3d_0048-> 120/331 | 36%
[2026-04-02 09:53:44] [INFO] Chargement de robot_3d_0049-> 121/331 | 36%
[2026-04-02 09:53:44] [INFO] Chargement de robot_3d_0050-> 122/331 | 36%
[2026-04-02 09:53:44] [INFO] Chargement de robot_3d_0051-> 123/331 | 37%
[2026-04-02 09:53:44] [INFO] Chargement de robot_3d_0052-> 124/331 | 37%
[2026-04-02 09:53:44] [INFO] Chargement de robot_3d_0053-> 125/331 | 37%
[2026-04-02 09:53:44] [INFO] Chargement de robot_3d_0054-> 126/331 | 38%
[2026-04-02 09:53:44] [INFO] Chargement de robot_3d_0055-> 127/331 | 38%
[2026-04-02 09:53:44] [INFO] Chargement de robot_3d_0056-> 128/331 | 38%
[2026-04-02 09:53:44] [INFO] Chargement de robot_3d_0057-> 129/331 | 38%
[2026-04-02 09:53:44] [INFO] Chargement de robot_3d_0058-> 130/331 | 39%
[2026-04-02 09:53:44] [INFO] Chargement de robot_3d_0059-> 131/331 | 39%
[2026-04-02 09:53:44] [INFO] Chargement de robot_3d_0060-> 132/331 | 39%
[2026-04-02 09:53:44] [INFO] Chargement de robot_3d_0061-> 133/331 | 40%
[2026-04-02 09:53:44] [INFO] Chargement de robot_3d_0062-> 134/331 | 40%
[2026-04-02 09:53:44] [INFO] Chargement de robot_3d_0063-> 135/331 | 40%
[2026-04-02 09:53:44] [INFO] Chargement de robot_3d_0064-> 136/331 | 41%
[2026-04-02 09:53:44] [INFO] Chargement de robot_3d_0065-> 137/331 | 41%
[2026-04-02 09:53:44] [INFO] Chargement de robot_3d_0066-> 138/331 | 41%
[2026-04-02 09:53:44] [INFO] Chargement de robot_3d_0067-> 139/331 | 41%
[2026-04-02 09:53:44] [INFO] Chargement de robot_3d_0068-> 140/331 | 42%
[2026-04-02 09:53:44] [INFO] Chargement de robot_3d_0069-> 141/331 | 42%
[2026-04-02 09:53:44] [INFO] Chargement de robot_3d_0070-> 142/331 | 42%
[2026-04-02 09:53:44] [INFO] Chargement de robot_3d_0071-> 143/331 | 43%
[2026-04-02 09:53:44] [INFO] Chargement de robot_3d_0072-> 144/331 | 43%
[2026-04-02 09:53:44] [INFO] Chargement de robot_3d_0073-> 145/331 | 43%
[2026-04-02 09:53:44] [INFO] Chargement de robot_3d_0074-> 146/331 | 44%
[2026-04-02 09:53:44] [INFO] Chargement de robot_3d_0075-> 147/331 | 44%
[2026-04-02 09:53:44] [INFO] Chargement de robot_3d_0076-> 148/331 | 44%
[2026-04-02 09:53:44] [INFO] Chargement de robot_3d_0077-> 149/331 | 45%
[2026-04-02 09:53:44] [INFO] Chargement de robot_3d_0078-> 150/331 | 45%
[2026-04-02 09:53:44] [INFO] Chargement de robot_3d_0079-> 151/331 | 45%
[2026-04-02 09:53:44] [INFO] Chargement de robot_3d_0080-> 152/331 | 45%
[2026-04-02 09:53:44] [INFO] Chargement de robot_3d_0081-> 153/331 | 46%
[2026-04-02 09:53:44] [INFO] Chargement de robot_3d_0082-> 154/331 | 46%
[2026-04-02 09:53:44] [INFO] Chargement de robot_3d_0083-> 155/331 | 46%
[2026-04-02 09:53:44] [INFO] Chargement de robot_3d_0084-> 156/331 | 47%
[2026-04-02 09:53:44] [INFO] Chargement de robot_3d_0085-> 157/331 | 47%
[2026-04-02 09:53:45] [INFO] Chargement de robot_3d_0086-> 158/331 | 47%
[2026-04-02 09:53:45] [INFO] Chargement de robot_3d_0087-> 159/331 | 48%
[2026-04-02 09:53:45] [INFO] Chargement de robot_3d_0088-> 160/331 | 48%
[2026-04-02 09:53:45] [INFO] Chargement de robot_3d_0089-> 161/331 | 48%
[2026-04-02 09:53:45] [INFO] Chargement de robot_3d_0090-> 162/331 | 48%
[2026-04-02 09:53:45] [INFO] Chargement de robot_3d_0091-> 163/331 | 49%
[2026-04-02 09:53:45] [INFO] Chargement de robot_3d_0092-> 164/331 | 49%
[2026-04-02 09:53:45] [INFO] Chargement de robot_3d_0093-> 165/331 | 49%
[2026-04-02 09:53:45] [INFO] Chargement de robot_3d_0094-> 166/331 | 50%
[2026-04-02 09:53:45] [INFO] Chargement de robot_3d_0095-> 167/331 | 50%
[2026-04-02 09:53:45] [INFO] Chargement de robot_3d_0096-> 168/331 | 50%
[2026-04-02 09:53:45] [INFO] Chargement de robot_3d_0097-> 169/331 | 51%
[2026-04-02 09:53:45] [INFO] Chargement de robot_3d_0098-> 170/331 | 51%
[2026-04-02 09:53:45] [INFO] Chargement de robot_3d_0099-> 171/331 | 51%
[2026-04-02 09:53:45] [INFO] Chargement de robot_3d_0100-> 172/331 | 51%
[2026-04-02 09:53:45] [INFO] Chargement de robot_3d_0101-> 173/331 | 52%
[2026-04-02 09:53:45] [INFO] Chargement de robot_3d_0102-> 174/331 | 52%
[2026-04-02 09:53:45] [INFO] Chargement de robot_3d_0103-> 175/331 | 52%
[2026-04-02 09:53:45] [INFO] Chargement de robot_3d_0104-> 176/331 | 53%
[2026-04-02 09:53:45] [INFO] Chargement de robot_3d_0105-> 177/331 | 53%
[2026-04-02 09:53:45] [INFO] Chargement de robot_3d_0106-> 178/331 | 53%
[2026-04-02 09:53:45] [INFO] Chargement de robot_3d_0107-> 179/331 | 54%
[2026-04-02 09:53:45] [INFO] Chargement de robot_3d_0110-> 182/331 | 54%
[2026-04-02 09:53:45] [INFO] Chargement de robot_3d_0111-> 183/331 | 55%
[2026-04-02 09:53:45] [INFO] Chargement de robot_3d_0112-> 184/331 | 55%
[2026-04-02 09:53:45] [INFO] Chargement de robot_3d_0113-> 185/331 | 55%
[2026-04-02 09:53:45] [INFO] Chargement de robot_3d_0114-> 186/331 | 56%
[2026-04-02 09:53:45] [INFO] Chargement de robot_3d_0115-> 187/331 | 56%
[2026-04-02 09:53:45] [INFO] Chargement de robot_3d_0116-> 188/331 | 56%
[2026-04-02 09:53:45] [INFO] Chargement de robot_3d_0117-> 189/331 | 57%
[2026-04-02 09:53:45] [INFO] Chargement de robot_3d_0118-> 190/331 | 57%
[2026-04-02 09:53:45] [INFO] Chargement de robot_3d_0119-> 191/331 | 57%
[2026-04-02 09:53:45] [INFO] Chargement de robot_3d_0120-> 192/331 | 58%
[2026-04-02 09:53:45] [INFO] Chargement de robot_3d_0121-> 193/331 | 58%
[2026-04-02 09:53:45] [INFO] Chargement de robot_3d_0122-> 194/331 | 58%
[2026-04-02 09:53:45] [INFO] Chargement de robot_3d_0123-> 195/331 | 58%
[2026-04-02 09:53:45] [INFO] Chargement de robot_3d_0124-> 196/331 | 59%
[2026-04-02 09:53:46] [INFO] Chargement de robot_3d_0125-> 197/331 | 59%
[2026-04-02 09:53:46] [INFO] Chargement de robot_3d_0126-> 198/331 | 59%
[2026-04-02 09:53:46] [INFO] Chargement de robot_3d_0127-> 199/331 | 60%
[2026-04-02 09:53:46] [INFO] Chargement de robot_3d_0128-> 200/331 | 60%
[2026-04-02 09:53:46] [INFO] Chargement de robot_3d_0129-> 201/331 | 60%
[2026-04-02 09:53:46] [INFO] Chargement de robot_3d_0130-> 202/331 | 61%
[2026-04-02 09:53:46] [INFO] Chargement de robot_3d_0131-> 203/331 | 61%
[2026-04-02 09:53:46] [INFO] Chargement de robot_3d_0132-> 204/331 | 61%
[2026-04-02 09:53:46] [INFO] Chargement de robot_3d_0133-> 205/331 | 61%
[2026-04-02 09:53:46] [INFO] Chargement de robot_3d_0134-> 206/331 | 62%
[2026-04-02 09:53:46] [INFO] Chargement de robot_3d_0135-> 207/331 | 62%
[2026-04-02 09:53:46] [INFO] Chargement de robot_3d_0136-> 208/331 | 62%
[2026-04-02 09:53:46] [INFO] Chargement de robot_3d_0137-> 209/331 | 63%
[2026-04-02 09:53:46] [INFO] Chargement de robot_3d_0138-> 210/331 | 63%
[2026-04-02 09:53:46] [INFO] Chargement de robot_3d_0139-> 211/331 | 63%
[2026-04-02 09:53:46] [INFO] Chargement de robot_3d_0140-> 212/331 | 64%
[2026-04-02 09:53:46] [INFO] Chargement de robot_3d_0141-> 213/331 | 64%
[2026-04-02 09:53:46] [INFO] Chargement de robot_3d_0142-> 214/331 | 64%
[2026-04-02 09:53:46] [INFO] Chargement de robot_3d_0143-> 215/331 | 64%
[2026-04-02 09:53:46] [INFO] Chargement de robot_3d_0144-> 216/331 | 65%
[2026-04-02 09:53:46] [INFO] Chargement de robot_3d_0145-> 217/331 | 65%
[2026-04-02 09:53:46] [INFO] Chargement de robot_3d_0146-> 218/331 | 65%
[2026-04-02 09:53:46] [INFO] Chargement de robot_3d_0147-> 219/331 | 66%
[2026-04-02 09:53:46] [INFO] Chargement de robot_3d_0148-> 220/331 | 66%
[2026-04-02 09:53:46] [INFO] Chargement de robot_3d_0149-> 221/331 | 66%
[2026-04-02 09:53:46] [INFO] Chargement de robot_3d_0150-> 222/331 | 67%
[2026-04-02 09:53:46] [INFO] Chargement de robot_3d_0151-> 223/331 | 67%
[2026-04-02 09:53:46] [INFO] Chargement de robot_3d_0152-> 224/331 | 67%
[2026-04-02 09:53:46] [INFO] Chargement de robot_3d_0153-> 225/331 | 67%
[2026-04-02 09:53:46] [INFO] Chargement de robot_3d_0154-> 226/331 | 68%
[2026-04-02 09:53:46] [INFO] Chargement de robot_3d_0155-> 227/331 | 68%
[2026-04-02 09:53:46] [INFO] Chargement de robot_3d_0156-> 228/331 | 68%
[2026-04-02 09:53:46] [INFO] Chargement de robot_3d_0157-> 229/331 | 69%
[2026-04-02 09:53:46] [INFO] Chargement de robot_3d_0158-> 230/331 | 69%
[2026-04-02 09:53:46] [INFO] Chargement de robot_3d_0159-> 231/331 | 69%
[2026-04-02 09:53:46] [INFO] Chargement de robot_3d_0160-> 232/331 | 70%
[2026-04-02 09:53:46] [INFO] Chargement de robot_3d_0161-> 233/331 | 70%
[2026-04-02 09:53:47] [INFO] Chargement de robot_3d_0162-> 234/331 | 70%
[2026-04-02 09:53:47] [INFO] Chargement de robot_3d_0163-> 235/331 | 70%
[2026-04-02 09:53:47] [INFO] Chargement de robot_3d_0164-> 236/331 | 71%
[2026-04-02 09:53:47] [INFO] Chargement de robot_3d_0165-> 237/331 | 71%
[2026-04-02 09:53:47] [INFO] Chargement de robot_3d_0166-> 238/331 | 71%
[2026-04-02 09:53:47] [INFO] Chargement de robot_3d_0167-> 239/331 | 72%
[2026-04-02 09:53:47] [INFO] Chargement de robot_3d_0168-> 240/331 | 72%
[2026-04-02 09:53:47] [INFO] Chargement de robot_3d_0169-> 241/331 | 72%
[2026-04-02 09:53:47] [INFO] Chargement de robot_3d_0170-> 242/331 | 73%
[2026-04-02 09:53:47] [INFO] Chargement de robot_3d_0171-> 243/331 | 73%
[2026-04-02 09:53:47] [INFO] Chargement de robot_3d_0172-> 244/331 | 73%
[2026-04-02 09:53:47] [INFO] Chargement de robot_3d_0173-> 245/331 | 74%
[2026-04-02 09:53:47] [INFO] Chargement de robot_3d_0174-> 246/331 | 74%
[2026-04-02 09:53:47] [INFO] Chargement de robot_3d_0175-> 247/331 | 74%
[2026-04-02 09:53:47] [INFO] Chargement de robot_3d_0176-> 248/331 | 74%
[2026-04-02 09:53:47] [INFO] Chargement de robot_3d_0177-> 249/331 | 75%
[2026-04-02 09:53:47] [INFO] Chargement de robot_3d_0178-> 250/331 | 75%
[2026-04-02 09:53:47] [INFO] Chargement de robot_3d_0179-> 251/331 | 75%
[2026-04-02 09:53:47] [INFO] Chargement de robot_3d_0180-> 252/331 | 76%
[2026-04-02 09:53:47] [INFO] Chargement de robot_3d_0181-> 253/331 | 76%
[2026-04-02 09:53:47] [INFO] Chargement de robot_3d_0182-> 254/331 | 76%
[2026-04-02 09:53:47] [INFO] Chargement de robot_3d_0183-> 255/331 | 77%
[2026-04-02 09:53:47] [INFO] Chargement de robot_3d_0184-> 256/331 | 77%
[2026-04-02 09:53:47] [INFO] Chargement de robot_3d_0185-> 257/331 | 77%
[2026-04-02 09:53:47] [INFO] Chargement de robot_3d_0186-> 258/331 | 77%
[2026-04-02 09:53:47] [INFO] Chargement de robot_3d_0187-> 259/331 | 78%
[2026-04-02 09:53:47] [INFO] Chargement de robot_3d_0188-> 260/331 | 78%
[2026-04-02 09:53:47] [INFO] Chargement de robot_3d_0189-> 261/331 | 78%
[2026-04-02 09:53:47] [INFO] Chargement de robot_3d_0190-> 262/331 | 79%
[2026-04-02 09:53:47] [INFO] Chargement de robot_3d_0191-> 263/331 | 79%
[2026-04-02 09:53:47] [INFO] Chargement de robot_3d_0192-> 264/331 | 79%
[2026-04-02 09:53:47] [INFO] Chargement de robot_3d_0193-> 265/331 | 80%
[2026-04-02 09:53:47] [INFO] Chargement de robot_3d_0194-> 266/331 | 80%
[2026-04-02 09:53:47] [INFO] Chargement de robot_3d_0195-> 267/331 | 80%
[2026-04-02 09:53:47] [INFO] Chargement de robot_3d_0196-> 268/331 | 80%
[2026-04-02 09:53:47] [INFO] Chargement de robot_3d_0197-> 269/331 | 81%
[2026-04-02 09:53:47] [INFO] Chargement de robot_3d_0198-> 270/331 | 81%
[2026-04-02 09:53:47] [INFO] Chargement de robot_3d_0199-> 271/331 | 81%
[2026-04-02 09:53:47] [INFO] Chargement de robot_3d_0200-> 272/331 | 82%
[2026-04-02 09:53:48] [INFO] Chargement de robot_3d_0201-> 273/331 | 82%
[2026-04-02 09:53:48] [INFO] Chargement de robot_3d_0202-> 274/331 | 82%
[2026-04-02 09:53:48] [INFO] Chargement de robot_3d_0203-> 275/331 | 83%
[2026-04-02 09:53:48] [INFO] Chargement de robot_3d_0204-> 276/331 | 83%
[2026-04-02 09:53:48] [INFO] Chargement de robot_3d_0205-> 277/331 | 83%
[2026-04-02 09:53:48] [INFO] Chargement de robot_3d_0206-> 278/331 | 83%
[2026-04-02 09:53:48] [INFO] Chargement de robot_3d_0207-> 279/331 | 84%
[2026-04-02 09:53:48] [INFO] Chargement de robot_3d_0208-> 280/331 | 84%
[2026-04-02 09:53:48] [INFO] Chargement de robot_3d_0209-> 281/331 | 84%
[2026-04-02 09:53:48] [INFO] Chargement de robot_3d_0210-> 282/331 | 85%
[2026-04-02 09:53:48] [INFO] Chargement de robot_3d_0211-> 283/331 | 85%
[2026-04-02 09:53:48] [INFO] Chargement de robot_3d_0212-> 284/331 | 85%
[2026-04-02 09:53:48] [INFO] Chargement de robot_3d_0213-> 285/331 | 86%
[2026-04-02 09:53:48] [INFO] Chargement de robot_3d_0214-> 286/331 | 86%
[2026-04-02 09:53:48] [INFO] Chargement de robot_3d_0215-> 287/331 | 86%
[2026-04-02 09:53:48] [INFO] Chargement de robot_3d_0216-> 288/331 | 87%
[2026-04-02 09:53:48] [INFO] Chargement de robot_3d_0217-> 289/331 | 87%
[2026-04-02 09:53:48] [INFO] Chargement de robot_3d_0218-> 290/331 | 87%
[2026-04-02 09:53:48] [INFO] Chargement de robot_3d_0219-> 291/331 | 87%
[2026-04-02 09:53:48] [INFO] Chargement de robot_3d_0220-> 292/331 | 88%
[2026-04-02 09:53:48] [INFO] Chargement de robot_3d_0221-> 293/331 | 88%
[2026-04-02 09:53:48] [INFO] Chargement de robot_3d_0222-> 294/331 | 88%
[2026-04-02 09:53:48] [INFO] Chargement de robot_3d_0223-> 295/331 | 89%
[2026-04-02 09:53:48] [INFO] Chargement de robot_3d_0224-> 296/331 | 89%
[2026-04-02 09:53:48] [INFO] Chargement de robot_3d_0225-> 297/331 | 89%
[2026-04-02 09:53:48] [INFO] Chargement de robot_3d_0226-> 298/331 | 90%
[2026-04-02 09:53:48] [INFO] Chargement de robot_3d_0227-> 299/331 | 90%
[2026-04-02 09:53:48] [INFO] Chargement de robot_3d_0228-> 300/331 | 90%
[2026-04-02 09:53:48] [INFO] Chargement de robot_3d_0229-> 301/331 | 90%
[2026-04-02 09:53:48] [INFO] Chargement de robot_3d_0230-> 302/331 | 91%
[2026-04-02 09:53:48] [INFO] Chargement de robot_3d_0231-> 303/331 | 91%
[2026-04-02 09:53:48] [INFO] Chargement de robot_3d_0232-> 304/331 | 91%
[2026-04-02 09:53:48] [INFO] Chargement de robot_3d_0233-> 305/331 | 92%
[2026-04-02 09:53:48] [INFO] Chargement de robot_3d_0234-> 306/331 | 92%
[2026-04-02 09:53:48] [INFO] Chargement de robot_3d_0235-> 307/331 | 92%
[2026-04-02 09:53:48] [INFO] Chargement de robot_3d_0236-> 308/331 | 93%
[2026-04-02 09:53:48] [INFO] Chargement de robot_3d_0237-> 309/331 | 93%
[2026-04-02 09:53:48] [INFO] Chargement de robot_3d_0238-> 310/331 | 93%
[2026-04-02 09:53:48] [INFO] Chargement de robot_3d_0239-> 311/331 | 93%
[2026-04-02 09:53:49] [INFO] Chargement de robot_3d_0240-> 312/331 | 94%
[2026-04-02 09:53:49] [INFO] Chargement de water_2-> 315/331 | 95%
[2026-04-02 09:53:49] [INFO] Chargement de water_5-> 318/331 | 96%
[2026-04-02 09:53:49] [INFO] Chargement de lava_0-> 321/331 | 96%
[2026-04-02 09:53:49] [INFO] Chargement de lava_3-> 324/331 | 97%
[2026-04-02 09:53:49] [INFO] Chargement de lava_5-> 326/331 | 98%
[2026-04-02 09:53:49] [INFO] Chargement de lava_7-> 328/331 | 99%
[2026-04-02 09:53:49] [INFO] Chargement de rocket_1-> 330/331 | 99%
[2026-04-02 09:53:49] [INFO] Assets chargés, redirect vers play_menu
[2026-04-02 09:53:49] [INFO] Entrez dans play_menu avec le compte test1.json
[2026-04-02 09:54:43] [INFO] 



+///////////////////////////////////////////////////////////////////////////+

                Démarrage de Nexus Extraction

+///////////////////////////////////////////////////////////////////////////+

[2026-04-02 09:54:43] [INFO] 
+---------------------------- Bienvenue ! ----------------------------+

Bienvenue dans Nexus Extraction. Si vous lisez ceci, c’est que vous vous
trouvez actuellement dans les logs du jeu. Si vous êtes un joueur lambda,
cette fenêtre ne vous intéressera pas, mais ne la fermez pas, car cette
action entraînera la fermeture du jeu.

En cas de problème ou de plantage du jeu, merci de contacter le développeur
à l’adresse e-mail suivante : mouyelv@sjb-liege.org
en joignant les fichiers de logs qui se trouvent dans le dossier "logs/".

Merci de jouer à Nexus Extraction et bon jeu ;)

+-------------------------------- LOGS --------------------------------+

[2026-04-02 09:54:43] [INFO] Main Menu
[2026-04-02 09:54:44] [INFO] Entrez dans compte
[2026-04-02 09:54:45] [INFO] Entrez dans load_menu avec le compte -> test1.json
[2026-04-02 09:54:45] [INFO] Chargement de creator-> 2/331 | 0%
[2026-04-02 09:54:45] [INFO] Chargement de creator-> 2/331 | 0%
[2026-04-02 09:54:45] [INFO] Chargement de the_void-> 4/331 | 1%
[2026-04-02 09:54:45] [INFO] Chargement de the_void_full-> 5/331 | 1%
[2026-04-02 09:54:45] [INFO] Chargement de the_void_full-> 5/331 | 1%
[2026-04-02 09:54:45] [INFO] Chargement de underground_1-> 6/331 | 1%
[2026-04-02 09:54:45] [INFO] Chargement de underground_2-> 7/331 | 2%
[2026-04-02 09:54:45] [INFO] Chargement de underground_3-> 8/331 | 2%
[2026-04-02 09:54:45] [INFO] Chargement de btn_play_menu-> 9/331 | 2%
[2026-04-02 09:54:45] [INFO] Chargement de btn_play_menu-> 9/331 | 2%
[2026-04-02 09:54:45] [INFO] Chargement de btn_play_menu-> 9/331 | 2%
[2026-04-02 09:54:45] [INFO] Chargement de btn_boutique_menu-> 10/331 | 3%
[2026-04-02 09:54:45] [INFO] Chargement de btn_boutique_menu-> 10/331 | 3%
[2026-04-02 09:54:45] [INFO] Chargement de btn_option_menu-> 11/331 | 3%
[2026-04-02 09:54:45] [INFO] Chargement de btn_option_menu-> 11/331 | 3%
[2026-04-02 09:54:45] [INFO] Chargement de btn_play-> 12/331 | 3%
[2026-04-02 09:54:45] [INFO] Chargement de btn_play-> 12/331 | 3%
[2026-04-02 09:54:46] [INFO] Chargement de btn_play-> 12/331 | 3%
[2026-04-02 09:54:46] [INFO] Chargement de btn_play-> 12/331 | 3%
[2026-04-02 09:54:46] [INFO] Chargement de btn_quitter-> 13/331 | 3%
[2026-04-02 09:54:46] [INFO] Chargement de btn_quitter-> 13/331 | 3%
[2026-04-02 09:54:46] [INFO] Chargement de btn_quitter-> 13/331 | 3%
[2026-04-02 09:54:46] [INFO] Chargement de barre_laterale-> 16/331 | 4%
[2026-04-02 09:54:46] [INFO] Chargement de boutique_frame-> 18/331 | 5%
[2026-04-02 09:54:46] [INFO] Chargement de boutique_pression-> 20/331 | 6%
[2026-04-02 09:54:46] [INFO] Chargement de danger-> 23/331 | 6%
[2026-04-02 09:54:46] [INFO] Chargement de pression_icon-> 24/331 | 7%
[2026-04-02 09:54:46] [INFO] Chargement de oak_strairs_L-> 36/331 | 10%
[2026-04-02 09:54:46] [INFO] Chargement de crying_obsidian-> 49/331 | 14%
[2026-04-02 09:54:46] [INFO] Chargement de robot_4-> 57/331 | 17%
[2026-04-02 09:54:46] [INFO] Chargement de robot_50-> 65/331 | 19%
[2026-04-02 09:54:46] [INFO] Chargement de bird_2-> 71/331 | 21%
[2026-04-02 09:54:46] [INFO] Chargement de robot_3d_0002-> 74/331 | 22%
[2026-04-02 09:54:46] [INFO] Chargement de robot_3d_0003-> 75/331 | 22%
[2026-04-02 09:54:46] [INFO] Chargement de robot_3d_0004-> 76/331 | 22%
[2026-04-02 09:54:46] [INFO] Chargement de robot_3d_0005-> 77/331 | 23%
[2026-04-02 09:54:46] [INFO] Chargement de robot_3d_0006-> 78/331 | 23%
[2026-04-02 09:54:46] [INFO] Chargement de robot_3d_0007-> 79/331 | 23%
[2026-04-02 09:54:46] [INFO] Chargement de robot_3d_0008-> 80/331 | 24%
[2026-04-02 09:54:46] [INFO] Chargement de robot_3d_0008-> 80/331 | 24%
[2026-04-02 09:54:46] [INFO] Chargement de robot_3d_0010-> 82/331 | 24%
[2026-04-02 09:54:46] [INFO] Chargement de robot_3d_0011-> 83/331 | 25%
[2026-04-02 09:54:46] [INFO] Chargement de robot_3d_0012-> 84/331 | 25%
[2026-04-02 09:54:46] [INFO] Chargement de robot_3d_0013-> 85/331 | 25%
[2026-04-02 09:54:46] [INFO] Chargement de robot_3d_0015-> 87/331 | 26%
[2026-04-02 09:54:46] [INFO] Chargement de robot_3d_0016-> 88/331 | 26%
[2026-04-02 09:54:46] [INFO] Chargement de robot_3d_0017-> 89/331 | 26%
[2026-04-02 09:54:46] [INFO] Chargement de robot_3d_0018-> 90/331 | 27%
[2026-04-02 09:54:46] [INFO] Chargement de robot_3d_0019-> 91/331 | 27%
[2026-04-02 09:54:46] [INFO] Chargement de robot_3d_0020-> 92/331 | 27%
[2026-04-02 09:54:46] [INFO] Chargement de robot_3d_0021-> 93/331 | 28%
[2026-04-02 09:54:46] [INFO] Chargement de robot_3d_0023-> 95/331 | 28%
[2026-04-02 09:54:46] [INFO] Chargement de robot_3d_0024-> 96/331 | 29%
[2026-04-02 09:54:46] [INFO] Chargement de robot_3d_0025-> 97/331 | 29%
[2026-04-02 09:54:46] [INFO] Chargement de robot_3d_0026-> 98/331 | 29%
[2026-04-02 09:54:46] [INFO] Chargement de robot_3d_0027-> 99/331 | 29%
[2026-04-02 09:54:46] [INFO] Chargement de robot_3d_0029-> 101/331 | 30%
[2026-04-02 09:54:46] [INFO] Chargement de robot_3d_0030-> 102/331 | 30%
[2026-04-02 09:54:46] [INFO] Chargement de robot_3d_0031-> 103/331 | 31%
[2026-04-02 09:54:46] [INFO] Chargement de robot_3d_0032-> 104/331 | 31%
[2026-04-02 09:54:46] [INFO] Chargement de robot_3d_0033-> 105/331 | 31%
[2026-04-02 09:54:46] [INFO] Chargement de robot_3d_0034-> 106/331 | 32%
[2026-04-02 09:54:46] [INFO] Chargement de robot_3d_0035-> 107/331 | 32%
[2026-04-02 09:54:46] [INFO] Chargement de robot_3d_0035-> 107/331 | 32%
[2026-04-02 09:54:46] [INFO] Chargement de robot_3d_0036-> 108/331 | 32%
[2026-04-02 09:54:46] [INFO] Chargement de robot_3d_0037-> 109/331 | 32%
[2026-04-02 09:54:46] [INFO] Chargement de robot_3d_0039-> 111/331 | 33%
[2026-04-02 09:54:46] [INFO] Chargement de robot_3d_0040-> 112/331 | 33%
[2026-04-02 09:54:46] [INFO] Chargement de robot_3d_0041-> 113/331 | 34%
[2026-04-02 09:54:46] [INFO] Chargement de robot_3d_0042-> 114/331 | 34%
[2026-04-02 09:54:46] [INFO] Chargement de robot_3d_0043-> 115/331 | 34%
[2026-04-02 09:54:46] [INFO] Chargement de robot_3d_0044-> 116/331 | 35%
[2026-04-02 09:54:46] [INFO] Chargement de robot_3d_0045-> 117/331 | 35%
[2026-04-02 09:54:46] [INFO] Chargement de robot_3d_0046-> 118/331 | 35%
[2026-04-02 09:54:46] [INFO] Chargement de robot_3d_0047-> 119/331 | 35%
[2026-04-02 09:54:46] [INFO] Chargement de robot_3d_0048-> 120/331 | 36%
[2026-04-02 09:54:47] [INFO] Chargement de robot_3d_0049-> 121/331 | 36%
[2026-04-02 09:54:47] [INFO] Chargement de robot_3d_0050-> 122/331 | 36%
[2026-04-02 09:54:47] [INFO] Chargement de robot_3d_0051-> 123/331 | 37%
[2026-04-02 09:54:47] [INFO] Chargement de robot_3d_0052-> 124/331 | 37%
[2026-04-02 09:54:47] [INFO] Chargement de robot_3d_0053-> 125/331 | 37%
[2026-04-02 09:54:47] [INFO] Chargement de robot_3d_0054-> 126/331 | 38%
[2026-04-02 09:54:47] [INFO] Chargement de robot_3d_0055-> 127/331 | 38%
[2026-04-02 09:54:47] [INFO] Chargement de robot_3d_0056-> 128/331 | 38%
[2026-04-02 09:54:47] [INFO] Chargement de robot_3d_0057-> 129/331 | 38%
[2026-04-02 09:54:47] [INFO] Chargement de robot_3d_0058-> 130/331 | 39%
[2026-04-02 09:54:47] [INFO] Chargement de robot_3d_0059-> 131/331 | 39%
[2026-04-02 09:54:47] [INFO] Chargement de robot_3d_0060-> 132/331 | 39%
[2026-04-02 09:54:47] [INFO] Chargement de robot_3d_0061-> 133/331 | 40%
[2026-04-02 09:54:47] [INFO] Chargement de robot_3d_0062-> 134/331 | 40%
[2026-04-02 09:54:47] [INFO] Chargement de robot_3d_0063-> 135/331 | 40%
[2026-04-02 09:54:47] [INFO] Chargement de robot_3d_0064-> 136/331 | 41%
[2026-04-02 09:54:47] [INFO] Chargement de robot_3d_0065-> 137/331 | 41%
[2026-04-02 09:54:47] [INFO] Chargement de robot_3d_0066-> 138/331 | 41%
[2026-04-02 09:54:47] [INFO] Chargement de robot_3d_0067-> 139/331 | 41%
[2026-04-02 09:54:47] [INFO] Chargement de robot_3d_0068-> 140/331 | 42%
[2026-04-02 09:54:47] [INFO] Chargement de robot_3d_0069-> 141/331 | 42%
[2026-04-02 09:54:47] [INFO] Chargement de robot_3d_0070-> 142/331 | 42%
[2026-04-02 09:54:47] [INFO] Chargement de robot_3d_0072-> 144/331 | 43%
[2026-04-02 09:54:47] [INFO] Chargement de robot_3d_0072-> 144/331 | 43%
[2026-04-02 09:54:47] [INFO] Chargement de robot_3d_0073-> 145/331 | 43%
[2026-04-02 09:54:47] [INFO] Chargement de robot_3d_0074-> 146/331 | 44%
[2026-04-02 09:54:47] [INFO] Chargement de robot_3d_0075-> 147/331 | 44%
[2026-04-02 09:54:47] [INFO] Chargement de robot_3d_0076-> 148/331 | 44%
[2026-04-02 09:54:47] [INFO] Chargement de robot_3d_0077-> 149/331 | 45%
[2026-04-02 09:54:47] [INFO] Chargement de robot_3d_0078-> 150/331 | 45%
[2026-04-02 09:54:47] [INFO] Chargement de robot_3d_0079-> 151/331 | 45%
[2026-04-02 09:54:47] [INFO] Chargement de robot_3d_0080-> 152/331 | 45%
[2026-04-02 09:54:47] [INFO] Chargement de robot_3d_0081-> 153/331 | 46%
[2026-04-02 09:54:47] [INFO] Chargement de robot_3d_0082-> 154/331 | 46%
[2026-04-02 09:54:47] [INFO] Chargement de robot_3d_0083-> 155/331 | 46%
[2026-04-02 09:54:47] [INFO] Chargement de robot_3d_0084-> 156/331 | 47%
[2026-04-02 09:54:47] [INFO] Chargement de robot_3d_0085-> 157/331 | 47%
[2026-04-02 09:54:47] [INFO] Chargement de robot_3d_0086-> 158/331 | 47%
[2026-04-02 09:54:47] [INFO] Chargement de robot_3d_0087-> 159/331 | 48%
[2026-04-02 09:54:47] [INFO] Chargement de robot_3d_0088-> 160/331 | 48%
[2026-04-02 09:54:47] [INFO] Chargement de robot_3d_0089-> 161/331 | 48%
[2026-04-02 09:54:47] [INFO] Chargement de robot_3d_0091-> 163/331 | 49%
[2026-04-02 09:54:47] [INFO] Chargement de robot_3d_0092-> 164/331 | 49%
[2026-04-02 09:54:47] [INFO] Chargement de robot_3d_0093-> 165/331 | 49%
[2026-04-02 09:54:47] [INFO] Chargement de robot_3d_0094-> 166/331 | 50%
[2026-04-02 09:54:47] [INFO] Chargement de robot_3d_0095-> 167/331 | 50%
[2026-04-02 09:54:47] [INFO] Chargement de robot_3d_0096-> 168/331 | 50%
[2026-04-02 09:54:47] [INFO] Chargement de robot_3d_0097-> 169/331 | 51%
[2026-04-02 09:54:47] [INFO] Chargement de robot_3d_0098-> 170/331 | 51%
[2026-04-02 09:54:47] [INFO] Chargement de robot_3d_0099-> 171/331 | 51%
[2026-04-02 09:54:47] [INFO] Chargement de robot_3d_0100-> 172/331 | 51%
[2026-04-02 09:54:47] [INFO] Chargement de robot_3d_0101-> 173/331 | 52%
[2026-04-02 09:54:47] [INFO] Chargement de robot_3d_0102-> 174/331 | 52%
[2026-04-02 09:54:47] [INFO] Chargement de robot_3d_0103-> 175/331 | 52%
[2026-04-02 09:54:47] [INFO] Chargement de robot_3d_0105-> 177/331 | 53%
[2026-04-02 09:54:47] [INFO] Chargement de robot_3d_0105-> 177/331 | 53%
[2026-04-02 09:54:47] [INFO] Chargement de robot_3d_0106-> 178/331 | 53%
[2026-04-02 09:54:47] [INFO] Chargement de robot_3d_0107-> 179/331 | 54%
[2026-04-02 09:54:47] [INFO] Chargement de robot_3d_0108-> 180/331 | 54%
[2026-04-02 09:54:47] [INFO] Chargement de robot_3d_0109-> 181/331 | 54%
[2026-04-02 09:54:47] [INFO] Chargement de robot_3d_0110-> 182/331 | 54%
[2026-04-02 09:54:47] [INFO] Chargement de robot_3d_0111-> 183/331 | 55%
[2026-04-02 09:54:47] [INFO] Chargement de robot_3d_0113-> 185/331 | 55%
[2026-04-02 09:54:47] [INFO] Chargement de robot_3d_0114-> 186/331 | 56%
[2026-04-02 09:54:47] [INFO] Chargement de robot_3d_0115-> 187/331 | 56%
[2026-04-02 09:54:47] [INFO] Chargement de robot_3d_0116-> 188/331 | 56%
[2026-04-02 09:54:47] [INFO] Chargement de robot_3d_0117-> 189/331 | 57%
[2026-04-02 09:54:47] [INFO] Chargement de robot_3d_0118-> 190/331 | 57%
[2026-04-02 09:54:47] [INFO] Chargement de robot_3d_0120-> 192/331 | 58%
[2026-04-02 09:54:47] [INFO] Chargement de robot_3d_0121-> 193/331 | 58%
[2026-04-02 09:54:47] [INFO] Chargement de robot_3d_0122-> 194/331 | 58%
[2026-04-02 09:54:47] [INFO] Chargement de robot_3d_0123-> 195/331 | 58%
[2026-04-02 09:54:47] [INFO] Chargement de robot_3d_0124-> 196/331 | 59%
[2026-04-02 09:54:47] [INFO] Chargement de robot_3d_0125-> 197/331 | 59%
[2026-04-02 09:54:47] [INFO] Chargement de robot_3d_0126-> 198/331 | 59%
[2026-04-02 09:54:47] [INFO] Chargement de robot_3d_0127-> 199/331 | 60%
[2026-04-02 09:54:47] [INFO] Chargement de robot_3d_0128-> 200/331 | 60%
[2026-04-02 09:54:47] [INFO] Chargement de robot_3d_0129-> 201/331 | 60%
[2026-04-02 09:54:47] [INFO] Chargement de robot_3d_0131-> 203/331 | 61%
[2026-04-02 09:54:47] [INFO] Chargement de robot_3d_0132-> 204/331 | 61%
[2026-04-02 09:54:47] [INFO] Chargement de robot_3d_0133-> 205/331 | 61%
[2026-04-02 09:54:47] [INFO] Chargement de robot_3d_0134-> 206/331 | 62%
[2026-04-02 09:54:47] [INFO] Chargement de robot_3d_0135-> 207/331 | 62%
[2026-04-02 09:54:47] [INFO] Chargement de robot_3d_0136-> 208/331 | 62%
[2026-04-02 09:54:47] [INFO] Chargement de robot_3d_0137-> 209/331 | 63%
[2026-04-02 09:54:47] [INFO] Chargement de robot_3d_0138-> 210/331 | 63%
[2026-04-02 09:54:47] [INFO] Chargement de robot_3d_0139-> 211/331 | 63%
[2026-04-02 09:54:47] [INFO] Chargement de robot_3d_0140-> 212/331 | 64%
[2026-04-02 09:54:47] [INFO] Chargement de robot_3d_0141-> 213/331 | 64%
[2026-04-02 09:54:47] [INFO] Chargement de robot_3d_0142-> 214/331 | 64%
[2026-04-02 09:54:47] [INFO] Chargement de robot_3d_0143-> 215/331 | 64%
[2026-04-02 09:54:47] [INFO] Chargement de robot_3d_0144-> 216/331 | 65%
[2026-04-02 09:54:47] [INFO] Chargement de robot_3d_0146-> 218/331 | 65%
[2026-04-02 09:54:47] [INFO] Chargement de robot_3d_0147-> 219/331 | 66%
[2026-04-02 09:54:47] [INFO] Chargement de robot_3d_0149-> 221/331 | 66%
[2026-04-02 09:54:48] [INFO] Chargement de robot_3d_0231-> 303/331 | 91%
[2026-04-02 09:54:48] [INFO] Chargement de robot_3d_0232-> 304/331 | 91%
[2026-04-02 09:54:48] [INFO] Chargement de robot_3d_0233-> 305/331 | 92%
[2026-04-02 09:54:48] [INFO] Chargement de robot_3d_0234-> 306/331 | 92%
[2026-04-02 09:54:48] [INFO] Chargement de robot_3d_0235-> 307/331 | 92%
[2026-04-02 09:54:48] [INFO] Chargement de robot_3d_0236-> 308/331 | 93%
[2026-04-02 09:54:48] [INFO] Chargement de robot_3d_0237-> 309/331 | 93%
[2026-04-02 09:54:48] [INFO] Chargement de robot_3d_0238-> 310/331 | 93%
[2026-04-02 09:54:48] [INFO] Chargement de robot_3d_0239-> 311/331 | 93%
[2026-04-02 09:54:48] [INFO] Chargement de robot_3d_0240-> 312/331 | 94%
[2026-04-02 09:54:48] [INFO] Chargement de water_6-> 319/331 | 96%
[2026-04-02 09:54:48] [INFO] Chargement de lava_4-> 325/331 | 98%
[2026-04-02 09:54:48] [INFO] Chargement de rocket_1-> 330/331 | 99%
[2026-04-02 09:54:48] [INFO] Assets chargés, redirect vers play_menu
[2026-04-02 09:54:48] [INFO] Entrez dans play_menu avec le compte test1.json
[2026-04-02 09:55:36] [ERROR] play ->
Traceback (most recent call last):
  File "d:\informatique_tfe\tfe\src\data\object\games\play.py", line 262, in play
    transition(screen, font, maps_level, asset_manager)
  File "d:\informatique_tfe\tfe\src\data\object\games\play.py", line 18, in transition
    level_name = WORLD_LEVEL[maps_level][0]
                 ~~~~~~~~~~~^^^^^^^^^^^^
IndexError: list index out of range
[2026-04-02 09:55:46] [ERROR] play ->
Traceback (most recent call last):
  File "d:\informatique_tfe\tfe\src\data\object\games\play.py", line 262, in play
    transition(screen, font, maps_level, asset_manager)
  File "d:\informatique_tfe\tfe\src\data\object\games\play.py", line 18, in transition
    level_name = WORLD_LEVEL[maps_level][0]
                 ~~~~~~~~~~~^^^^^^^^^^^^
IndexError: list index out of range
[2026-04-02 09:56:00] [INFO] Compte choisi -> True
[2026-04-02 09:56:00] [INFO] Main Menu
[2026-04-02 09:56:01] [INFO] +------ Fin du jeux -----+
[2026-04-02 10:00:32] [INFO] 



+///////////////////////////////////////////////////////////////////////////+

                Démarrage de Nexus Extraction

+///////////////////////////////////////////////////////////////////////////+

[2026-04-02 10:00:32] [INFO] 
+---------------------------- Bienvenue ! ----------------------------+

Bienvenue dans Nexus Extraction. Si vous lisez ceci, c’est que vous vous
trouvez actuellement dans les logs du jeu. Si vous êtes un joueur lambda,
cette fenêtre ne vous intéressera pas, mais ne la fermez pas, car cette
action entraînera la fermeture du jeu.

En cas de problème ou de plantage du jeu, merci de contacter le développeur
à l’adresse e-mail suivante : mouyelv@sjb-liege.org
en joignant les fichiers de logs qui se trouvent dans le dossier "logs/".

Merci de jouer à Nexus Extraction et bon jeu ;)

+-------------------------------- LOGS --------------------------------+

[2026-04-02 10:00:32] [INFO] Main Menu
[2026-04-02 10:00:40] [INFO] Enter -> crédit
[2026-04-02 10:00:45] [INFO] Entrez dans compte
[2026-04-02 10:00:47] [INFO] Entrez dans load_menu avec le compte -> test1.json
[2026-04-02 10:00:47] [INFO] Chargement de title-> 1/331 | 0%
[2026-04-02 10:00:47] [INFO] Chargement de creator-> 2/331 | 0%
[2026-04-02 10:00:47] [INFO] Chargement de music_creator-> 3/331 | 0%
[2026-04-02 10:00:47] [INFO] Chargement de the_void-> 4/331 | 1%
[2026-04-02 10:00:47] [INFO] Chargement de the_void_full-> 5/331 | 1%
[2026-04-02 10:00:47] [INFO] Chargement de underground_1-> 6/331 | 1%
[2026-04-02 10:00:47] [INFO] Chargement de underground_2-> 7/331 | 2%
[2026-04-02 10:00:47] [INFO] Chargement de underground_3-> 8/331 | 2%
[2026-04-02 10:00:47] [INFO] Chargement de btn_play_menu-> 9/331 | 2%
[2026-04-02 10:00:47] [INFO] Chargement de btn_play_menu-> 9/331 | 2%
[2026-04-02 10:00:47] [INFO] Chargement de btn_boutique_menu-> 10/331 | 3%
[2026-04-02 10:00:47] [INFO] Chargement de btn_boutique_menu-> 10/331 | 3%
[2026-04-02 10:00:47] [INFO] Chargement de btn_option_menu-> 11/331 | 3%
[2026-04-02 10:00:47] [INFO] Chargement de btn_option_menu-> 11/331 | 3%
[2026-04-02 10:00:47] [INFO] Chargement de btn_play-> 12/331 | 3%
[2026-04-02 10:00:47] [INFO] Chargement de btn_play-> 12/331 | 3%
[2026-04-02 10:00:47] [INFO] Chargement de btn_play-> 12/331 | 3%
[2026-04-02 10:00:47] [INFO] Chargement de btn_quitter-> 13/331 | 3%
[2026-04-02 10:00:47] [INFO] Chargement de btn_quitter-> 13/331 | 3%
[2026-04-02 10:00:47] [INFO] Chargement de btn_compte-> 14/331 | 4%
[2026-04-02 10:00:47] [INFO] Chargement de barre_laterale-> 16/331 | 4%
[2026-04-02 10:00:47] [INFO] Chargement de boutique_energy-> 19/331 | 5%
[2026-04-02 10:00:47] [INFO] Chargement de inventory-> 21/331 | 6%
[2026-04-02 10:00:47] [INFO] Chargement de danger-> 23/331 | 6%
[2026-04-02 10:00:47] [INFO] Chargement de dirt-> 25/331 | 7%
[2026-04-02 10:00:47] [INFO] Chargement de bedrock-> 34/331 | 10%
[2026-04-02 10:00:47] [INFO] Chargement de deepslate_iron_ore-> 41/331 | 12%
[2026-04-02 10:00:47] [INFO] Chargement de crying_obsidian-> 49/331 | 14%
[2026-04-02 10:00:47] [INFO] Chargement de robot_4-> 57/331 | 17%
[2026-04-02 10:00:47] [INFO] Chargement de robot_50-> 65/331 | 19%
[2026-04-02 10:00:47] [INFO] Chargement de robot_3d_0001-> 73/331 | 22%
[2026-04-02 10:00:47] [INFO] Chargement de robot_3d_0002-> 74/331 | 22%
[2026-04-02 10:00:47] [INFO] Chargement de robot_3d_0003-> 75/331 | 22%
[2026-04-02 10:00:47] [INFO] Chargement de robot_3d_0005-> 77/331 | 23%
[2026-04-02 10:00:47] [INFO] Chargement de robot_3d_0006-> 78/331 | 23%
[2026-04-02 10:00:47] [INFO] Chargement de robot_3d_0007-> 79/331 | 23%
[2026-04-02 10:00:48] [INFO] Chargement de robot_3d_0008-> 80/331 | 24%
[2026-04-02 10:00:48] [INFO] Chargement de robot_3d_0009-> 81/331 | 24%
[2026-04-02 10:00:48] [INFO] Chargement de robot_3d_0010-> 82/331 | 24%
[2026-04-02 10:00:48] [INFO] Chargement de robot_3d_0011-> 83/331 | 25%
[2026-04-02 10:00:48] [INFO] Chargement de robot_3d_0012-> 84/331 | 25%
[2026-04-02 10:00:48] [INFO] Chargement de robot_3d_0013-> 85/331 | 25%
[2026-04-02 10:00:48] [INFO] Chargement de robot_3d_0014-> 86/331 | 25%
[2026-04-02 10:00:48] [INFO] Chargement de robot_3d_0015-> 87/331 | 26%
[2026-04-02 10:00:48] [INFO] Chargement de robot_3d_0016-> 88/331 | 26%
[2026-04-02 10:00:48] [INFO] Chargement de robot_3d_0017-> 89/331 | 26%
[2026-04-02 10:00:48] [INFO] Chargement de robot_3d_0018-> 90/331 | 27%
[2026-04-02 10:00:48] [INFO] Chargement de robot_3d_0019-> 91/331 | 27%
[2026-04-02 10:00:48] [INFO] Chargement de robot_3d_0020-> 92/331 | 27%
[2026-04-02 10:00:48] [INFO] Chargement de robot_3d_0022-> 94/331 | 28%
[2026-04-02 10:00:48] [INFO] Chargement de robot_3d_0023-> 95/331 | 28%
[2026-04-02 10:00:48] [INFO] Chargement de robot_3d_0024-> 96/331 | 29%
[2026-04-02 10:00:48] [INFO] Chargement de robot_3d_0025-> 97/331 | 29%
[2026-04-02 10:00:48] [INFO] Chargement de robot_3d_0026-> 98/331 | 29%
[2026-04-02 10:00:48] [INFO] Chargement de robot_3d_0027-> 99/331 | 29%
[2026-04-02 10:00:48] [INFO] Chargement de robot_3d_0028-> 100/331 | 30%
[2026-04-02 10:00:48] [INFO] Chargement de robot_3d_0029-> 101/331 | 30%
[2026-04-02 10:00:48] [INFO] Chargement de robot_3d_0030-> 102/331 | 30%
[2026-04-02 10:00:48] [INFO] Chargement de robot_3d_0031-> 103/331 | 31%
[2026-04-02 10:00:48] [INFO] Chargement de robot_3d_0032-> 104/331 | 31%
[2026-04-02 10:00:48] [INFO] Chargement de robot_3d_0033-> 105/331 | 31%
[2026-04-02 10:00:48] [INFO] Chargement de robot_3d_0034-> 106/331 | 32%
[2026-04-02 10:00:48] [INFO] Chargement de robot_3d_0035-> 107/331 | 32%
[2026-04-02 10:00:48] [INFO] Chargement de robot_3d_0036-> 108/331 | 32%
[2026-04-02 10:00:48] [INFO] Chargement de robot_3d_0036-> 108/331 | 32%
[2026-04-02 10:00:48] [INFO] Chargement de robot_3d_0040-> 112/331 | 33%
[2026-04-02 10:00:48] [INFO] Chargement de robot_3d_0041-> 113/331 | 34%
[2026-04-02 10:00:48] [INFO] Chargement de robot_3d_0044-> 116/331 | 35%
[2026-04-02 10:00:48] [INFO] Chargement de robot_3d_0046-> 118/331 | 35%
[2026-04-02 10:00:48] [INFO] Chargement de robot_3d_0046-> 118/331 | 35%
[2026-04-02 10:00:48] [INFO] Chargement de robot_3d_0047-> 119/331 | 35%
[2026-04-02 10:00:48] [INFO] Chargement de robot_3d_0049-> 121/331 | 36%
[2026-04-02 10:00:48] [INFO] Chargement de robot_3d_0050-> 122/331 | 36%
[2026-04-02 10:00:48] [INFO] Chargement de robot_3d_0051-> 123/331 | 37%
[2026-04-02 10:00:48] [INFO] Chargement de robot_3d_0052-> 124/331 | 37%
[2026-04-02 10:00:48] [INFO] Chargement de robot_3d_0054-> 126/331 | 38%
[2026-04-02 10:00:48] [INFO] Chargement de robot_3d_0055-> 127/331 | 38%
[2026-04-02 10:00:48] [INFO] Chargement de robot_3d_0056-> 128/331 | 38%
[2026-04-02 10:00:48] [INFO] Chargement de robot_3d_0057-> 129/331 | 38%
[2026-04-02 10:00:48] [INFO] Chargement de robot_3d_0058-> 130/331 | 39%
[2026-04-02 10:00:48] [INFO] Chargement de robot_3d_0059-> 131/331 | 39%
[2026-04-02 10:00:48] [INFO] Chargement de robot_3d_0061-> 133/331 | 40%
[2026-04-02 10:00:48] [INFO] Chargement de robot_3d_0062-> 134/331 | 40%
[2026-04-02 10:00:48] [INFO] Chargement de robot_3d_0063-> 135/331 | 40%
[2026-04-02 10:00:48] [INFO] Chargement de robot_3d_0064-> 136/331 | 41%
[2026-04-02 10:00:48] [INFO] Chargement de robot_3d_0065-> 137/331 | 41%
[2026-04-02 10:00:48] [INFO] Chargement de robot_3d_0067-> 139/331 | 41%
[2026-04-02 10:00:48] [INFO] Chargement de robot_3d_0068-> 140/331 | 42%
[2026-04-02 10:00:48] [INFO] Chargement de robot_3d_0068-> 140/331 | 42%
[2026-04-02 10:00:48] [INFO] Chargement de robot_3d_0069-> 141/331 | 42%
[2026-04-02 10:00:48] [INFO] Chargement de robot_3d_0070-> 142/331 | 42%
[2026-04-02 10:00:48] [INFO] Chargement de robot_3d_0071-> 143/331 | 43%
[2026-04-02 10:00:49] [INFO] Chargement de robot_3d_0143-> 215/331 | 64%
[2026-04-02 10:00:49] [INFO] Chargement de robot_3d_0145-> 217/331 | 65%
[2026-04-02 10:00:49] [INFO] Chargement de robot_3d_0146-> 218/331 | 65%
[2026-04-02 10:00:49] [INFO] Chargement de robot_3d_0147-> 219/331 | 66%
[2026-04-02 10:00:49] [INFO] Chargement de robot_3d_0148-> 220/331 | 66%
[2026-04-02 10:00:49] [INFO] Chargement de robot_3d_0149-> 221/331 | 66%
[2026-04-02 10:00:49] [INFO] Chargement de robot_3d_0150-> 222/331 | 67%
[2026-04-02 10:00:49] [INFO] Chargement de robot_3d_0151-> 223/331 | 67%
[2026-04-02 10:00:49] [INFO] Chargement de robot_3d_0152-> 224/331 | 67%
[2026-04-02 10:00:49] [INFO] Chargement de robot_3d_0153-> 225/331 | 67%
[2026-04-02 10:00:49] [INFO] Chargement de robot_3d_0154-> 226/331 | 68%
[2026-04-02 10:00:49] [INFO] Chargement de robot_3d_0155-> 227/331 | 68%
[2026-04-02 10:00:49] [INFO] Chargement de robot_3d_0156-> 228/331 | 68%
[2026-04-02 10:00:49] [INFO] Chargement de robot_3d_0157-> 229/331 | 69%
[2026-04-02 10:00:49] [INFO] Chargement de robot_3d_0158-> 230/331 | 69%
[2026-04-02 10:00:49] [INFO] Chargement de robot_3d_0159-> 231/331 | 69%
[2026-04-02 10:00:49] [INFO] Chargement de robot_3d_0160-> 232/331 | 70%
[2026-04-02 10:00:49] [INFO] Chargement de robot_3d_0161-> 233/331 | 70%
[2026-04-02 10:00:49] [INFO] Chargement de robot_3d_0162-> 234/331 | 70%
[2026-04-02 10:00:49] [INFO] Chargement de robot_3d_0163-> 235/331 | 70%
[2026-04-02 10:00:49] [INFO] Chargement de robot_3d_0164-> 236/331 | 71%
[2026-04-02 10:00:49] [INFO] Chargement de robot_3d_0165-> 237/331 | 71%
[2026-04-02 10:00:49] [INFO] Chargement de robot_3d_0166-> 238/331 | 71%
[2026-04-02 10:00:49] [INFO] Chargement de robot_3d_0167-> 239/331 | 72%
[2026-04-02 10:00:49] [INFO] Chargement de robot_3d_0168-> 240/331 | 72%
[2026-04-02 10:00:49] [INFO] Chargement de robot_3d_0169-> 241/331 | 72%
[2026-04-02 10:00:49] [INFO] Chargement de robot_3d_0170-> 242/331 | 73%
[2026-04-02 10:00:49] [INFO] Chargement de robot_3d_0171-> 243/331 | 73%
[2026-04-02 10:00:49] [INFO] Chargement de robot_3d_0172-> 244/331 | 73%
[2026-04-02 10:00:49] [INFO] Chargement de robot_3d_0174-> 246/331 | 74%
[2026-04-02 10:00:49] [INFO] Chargement de robot_3d_0175-> 247/331 | 74%
[2026-04-02 10:00:49] [INFO] Chargement de robot_3d_0176-> 248/331 | 74%
[2026-04-02 10:00:49] [INFO] Chargement de robot_3d_0177-> 249/331 | 75%
[2026-04-02 10:00:49] [INFO] Chargement de robot_3d_0178-> 250/331 | 75%
[2026-04-02 10:00:49] [INFO] Chargement de robot_3d_0179-> 251/331 | 75%
[2026-04-02 10:00:49] [INFO] Chargement de robot_3d_0180-> 252/331 | 76%
[2026-04-02 10:00:49] [INFO] Chargement de robot_3d_0181-> 253/331 | 76%
[2026-04-02 10:00:49] [INFO] Chargement de robot_3d_0182-> 254/331 | 76%
[2026-04-02 10:00:49] [INFO] Chargement de robot_3d_0183-> 255/331 | 77%
[2026-04-02 10:00:49] [INFO] Chargement de robot_3d_0184-> 256/331 | 77%
[2026-04-02 10:00:49] [INFO] Chargement de robot_3d_0185-> 257/331 | 77%
[2026-04-02 10:00:49] [INFO] Chargement de robot_3d_0186-> 258/331 | 77%
[2026-04-02 10:00:49] [INFO] Chargement de robot_3d_0187-> 259/331 | 78%
[2026-04-02 10:00:49] [INFO] Chargement de robot_3d_0188-> 260/331 | 78%
[2026-04-02 10:00:49] [INFO] Chargement de robot_3d_0189-> 261/331 | 78%
[2026-04-02 10:00:49] [INFO] Chargement de robot_3d_0190-> 262/331 | 79%
[2026-04-02 10:00:49] [INFO] Chargement de robot_3d_0191-> 263/331 | 79%
[2026-04-02 10:00:49] [INFO] Chargement de robot_3d_0192-> 264/331 | 79%
[2026-04-02 10:00:49] [INFO] Chargement de robot_3d_0193-> 265/331 | 80%
[2026-04-02 10:00:49] [INFO] Chargement de robot_3d_0194-> 266/331 | 80%
[2026-04-02 10:00:49] [INFO] Chargement de robot_3d_0196-> 268/331 | 80%
[2026-04-02 10:00:49] [INFO] Chargement de robot_3d_0198-> 270/331 | 81%
[2026-04-02 10:00:49] [INFO] Chargement de robot_3d_0198-> 270/331 | 81%
[2026-04-02 10:00:49] [INFO] Chargement de robot_3d_0200-> 272/331 | 82%
[2026-04-02 10:00:49] [INFO] Chargement de robot_3d_0201-> 273/331 | 82%
[2026-04-02 10:00:49] [INFO] Chargement de robot_3d_0202-> 274/331 | 82%
[2026-04-02 10:00:49] [INFO] Chargement de robot_3d_0203-> 275/331 | 83%
[2026-04-02 10:00:49] [INFO] Chargement de robot_3d_0204-> 276/331 | 83%
[2026-04-02 10:00:49] [INFO] Chargement de robot_3d_0205-> 277/331 | 83%
[2026-04-02 10:00:49] [INFO] Chargement de robot_3d_0206-> 278/331 | 83%
[2026-04-02 10:00:49] [INFO] Chargement de robot_3d_0207-> 279/331 | 84%
[2026-04-02 10:00:49] [INFO] Chargement de robot_3d_0208-> 280/331 | 84%
[2026-04-02 10:00:49] [INFO] Chargement de robot_3d_0209-> 281/331 | 84%
[2026-04-02 10:00:49] [INFO] Chargement de robot_3d_0210-> 282/331 | 85%
[2026-04-02 10:00:49] [INFO] Chargement de robot_3d_0211-> 283/331 | 85%
[2026-04-02 10:00:49] [INFO] Chargement de robot_3d_0212-> 284/331 | 85%
[2026-04-02 10:00:49] [INFO] Chargement de robot_3d_0213-> 285/331 | 86%
[2026-04-02 10:00:49] [INFO] Chargement de robot_3d_0214-> 286/331 | 86%
[2026-04-02 10:00:49] [INFO] Chargement de robot_3d_0215-> 287/331 | 86%
[2026-04-02 10:00:49] [INFO] Chargement de robot_3d_0216-> 288/331 | 87%
[2026-04-02 10:00:49] [INFO] Chargement de robot_3d_0217-> 289/331 | 87%
[2026-04-02 10:00:49] [INFO] Chargement de robot_3d_0218-> 290/331 | 87%
[2026-04-02 10:00:50] [INFO] Chargement de robot_3d_0220-> 292/331 | 88%
[2026-04-02 10:00:50] [INFO] Chargement de robot_3d_0220-> 292/331 | 88%
[2026-04-02 10:00:50] [INFO] Chargement de robot_3d_0221-> 293/331 | 88%
[2026-04-02 10:00:50] [INFO] Chargement de robot_3d_0222-> 294/331 | 88%
[2026-04-02 10:00:50] [INFO] Chargement de robot_3d_0223-> 295/331 | 89%
[2026-04-02 10:00:50] [INFO] Chargement de robot_3d_0224-> 296/331 | 89%
[2026-04-02 10:00:50] [INFO] Chargement de robot_3d_0225-> 297/331 | 89%
[2026-04-02 10:00:50] [INFO] Chargement de robot_3d_0226-> 298/331 | 90%
[2026-04-02 10:00:50] [INFO] Chargement de robot_3d_0227-> 299/331 | 90%
[2026-04-02 10:00:50] [INFO] Chargement de robot_3d_0228-> 300/331 | 90%
[2026-04-02 10:00:50] [INFO] Chargement de robot_3d_0229-> 301/331 | 90%
[2026-04-02 10:00:50] [INFO] Chargement de robot_3d_0230-> 302/331 | 91%
[2026-04-02 10:00:50] [INFO] Chargement de robot_3d_0231-> 303/331 | 91%
[2026-04-02 10:00:50] [INFO] Chargement de robot_3d_0232-> 304/331 | 91%
[2026-04-02 10:00:50] [INFO] Chargement de robot_3d_0233-> 305/331 | 92%
[2026-04-02 10:00:50] [INFO] Chargement de robot_3d_0234-> 306/331 | 92%
[2026-04-02 10:00:50] [INFO] Chargement de robot_3d_0235-> 307/331 | 92%
[2026-04-02 10:00:50] [INFO] Chargement de robot_3d_0236-> 308/331 | 93%
[2026-04-02 10:00:50] [INFO] Chargement de robot_3d_0237-> 309/331 | 93%
[2026-04-02 10:00:50] [INFO] Chargement de robot_3d_0238-> 310/331 | 93%
[2026-04-02 10:00:50] [INFO] Chargement de robot_3d_0239-> 311/331 | 93%
[2026-04-02 10:00:50] [INFO] Chargement de robot_3d_0240-> 312/331 | 94%
[2026-04-02 10:00:50] [INFO] Chargement de water_7-> 320/331 | 96%
[2026-04-02 10:00:50] [INFO] Assets chargés, redirect vers play_menu
[2026-04-02 10:00:50] [INFO] Entrez dans play_menu avec le compte test1.json
[2026-04-02 10:01:22] [INFO] Compte choisi -> True
[2026-04-02 10:01:22] [INFO] Main Menu
[2026-04-02 10:01:23] [INFO] +------ Fin du jeux -----+
[2026-04-02 10:03:06] [INFO] 



+///////////////////////////////////////////////////////////////////////////+

                Démarrage de Nexus Extraction

+///////////////////////////////////////////////////////////////////////////+

[2026-04-02 10:03:06] [INFO] 
+---------------------------- Bienvenue ! ----------------------------+

Bienvenue dans Nexus Extraction. Si vous lisez ceci, c’est que vous vous
trouvez actuellement dans les logs du jeu. Si vous êtes un joueur lambda,
cette fenêtre ne vous intéressera pas, mais ne la fermez pas, car cette
action entraînera la fermeture du jeu.

En cas de problème ou de plantage du jeu, merci de contacter le développeur
à l’adresse e-mail suivante : mouyelv@sjb-liege.org
en joignant les fichiers de logs qui se trouvent dans le dossier "logs/".

Merci de jouer à Nexus Extraction et bon jeu ;)

+-------------------------------- LOGS --------------------------------+

[2026-04-02 10:03:07] [INFO] Main Menu
[2026-04-02 10:03:09] [INFO] Entrez dans compte
[2026-04-02 10:03:09] [INFO] Entrez dans load_menu avec le compte -> test1.json
[2026-04-02 10:03:09] [INFO] Chargement de creator-> 2/331 | 0%
[2026-04-02 10:03:09] [INFO] Chargement de creator-> 2/331 | 0%
[2026-04-02 10:03:10] [INFO] Chargement de creator-> 2/331 | 0%
[2026-04-02 10:03:10] [INFO] Chargement de creator-> 2/331 | 0%
[2026-04-02 10:03:10] [INFO] Chargement de music_creator-> 3/331 | 0%
[2026-04-02 10:03:10] [INFO] Chargement de the_void-> 4/331 | 1%
[2026-04-02 10:03:10] [INFO] Chargement de the_void-> 4/331 | 1%
[2026-04-02 10:03:10] [INFO] Chargement de the_void-> 4/331 | 1%
[2026-04-02 10:03:10] [INFO] Chargement de the_void_full-> 5/331 | 1%
[2026-04-02 10:03:10] [INFO] Chargement de the_void_full-> 5/331 | 1%
[2026-04-02 10:03:10] [INFO] Chargement de the_void_full-> 5/331 | 1%
[2026-04-02 10:03:10] [INFO] Chargement de the_void_full-> 5/331 | 1%
[2026-04-02 10:03:10] [INFO] Chargement de underground_1-> 6/331 | 1%
[2026-04-02 10:03:10] [INFO] Chargement de underground_1-> 6/331 | 1%
[2026-04-02 10:03:10] [INFO] Chargement de underground_2-> 7/331 | 2%
[2026-04-02 10:03:10] [INFO] Chargement de underground_2-> 7/331 | 2%
[2026-04-02 10:03:10] [INFO] Chargement de underground_2-> 7/331 | 2%
[2026-04-02 10:03:10] [INFO] Chargement de underground_3-> 8/331 | 2%
[2026-04-02 10:03:10] [INFO] Chargement de underground_3-> 8/331 | 2%
[2026-04-02 10:03:10] [INFO] Chargement de underground_3-> 8/331 | 2%
[2026-04-02 10:03:10] [INFO] Chargement de underground_3-> 8/331 | 2%
[2026-04-02 10:03:10] [INFO] Chargement de btn_play_menu-> 9/331 | 2%
[2026-04-02 10:03:10] [INFO] Chargement de btn_play_menu-> 9/331 | 2%
[2026-04-02 10:03:10] [INFO] Chargement de btn_play_menu-> 9/331 | 2%
[2026-04-02 10:03:10] [INFO] Chargement de btn_play_menu-> 9/331 | 2%
[2026-04-02 10:03:10] [INFO] Chargement de btn_boutique_menu-> 10/331 | 3%
[2026-04-02 10:03:10] [INFO] Chargement de btn_boutique_menu-> 10/331 | 3%
[2026-04-02 10:03:10] [INFO] Chargement de btn_boutique_menu-> 10/331 | 3%
[2026-04-02 10:03:10] [INFO] Chargement de btn_boutique_menu-> 10/331 | 3%
[2026-04-02 10:03:10] [INFO] Chargement de btn_boutique_menu-> 10/331 | 3%
[2026-04-02 10:03:10] [INFO] Chargement de btn_option_menu-> 11/331 | 3%
[2026-04-02 10:03:10] [INFO] Chargement de btn_option_menu-> 11/331 | 3%
[2026-04-02 10:03:10] [INFO] Chargement de btn_play-> 12/331 | 3%
[2026-04-02 10:03:10] [INFO] Chargement de btn_play-> 12/331 | 3%
[2026-04-02 10:03:10] [INFO] Chargement de btn_quitter-> 13/331 | 3%
[2026-04-02 10:03:10] [INFO] Chargement de btn_quitter-> 13/331 | 3%
[2026-04-02 10:03:10] [INFO] Chargement de btn_quitter-> 13/331 | 3%
[2026-04-02 10:03:10] [INFO] Chargement de refresh_btn-> 15/331 | 4%
[2026-04-02 10:03:10] [INFO] Chargement de barre_laterale-> 16/331 | 4%
[2026-04-02 10:03:10] [INFO] Chargement de boutique_bg-> 17/331 | 5%
[2026-04-02 10:03:10] [INFO] Chargement de boutique_bg-> 17/331 | 5%
[2026-04-02 10:03:10] [INFO] Chargement de boutique_energy-> 19/331 | 5%
[2026-04-02 10:03:10] [INFO] Chargement de boutique_energy-> 19/331 | 5%
[2026-04-02 10:03:10] [INFO] Chargement de boutique_pression-> 20/331 | 6%
[2026-04-02 10:03:10] [INFO] Chargement de boutique_pression-> 20/331 | 6%
[2026-04-02 10:03:10] [INFO] Chargement de blue_storm-> 22/331 | 6%
[2026-04-02 10:03:10] [INFO] Chargement de blue_storm-> 22/331 | 6%
[2026-04-02 10:03:10] [INFO] Chargement de pression_icon-> 24/331 | 7%
[2026-04-02 10:03:10] [INFO] Chargement de dirt-> 25/331 | 7%
[2026-04-02 10:03:10] [INFO] Chargement de iron_ore-> 29/331 | 8%
[2026-04-02 10:03:10] [INFO] Chargement de bedrock-> 34/331 | 10%
[2026-04-02 10:03:10] [INFO] Chargement de deepslate_coal_ore-> 38/331 | 11%
[2026-04-02 10:03:10] [INFO] Chargement de deepslate_emerald_ore-> 43/331 | 12%
[2026-04-02 10:03:11] [INFO] Chargement de crying_obsidian-> 49/331 | 14%
[2026-04-02 10:03:11] [INFO] Chargement de robot_1-> 54/331 | 16%
[2026-04-02 10:03:11] [INFO] Chargement de robot_5-> 58/331 | 17%
[2026-04-02 10:03:11] [INFO] Chargement de robot_20-> 62/331 | 18%
[2026-04-02 10:03:11] [INFO] Chargement de robot_90-> 67/331 | 20%
[2026-04-02 10:03:11] [INFO] Chargement de robot_3d_0001-> 73/331 | 22%
[2026-04-02 10:03:11] [INFO] Chargement de robot_3d_0003-> 75/331 | 22%
[2026-04-02 10:03:11] [INFO] Chargement de robot_3d_0003-> 75/331 | 22%
[2026-04-02 10:03:11] [INFO] Chargement de robot_3d_0004-> 76/331 | 22%
[2026-04-02 10:03:11] [INFO] Chargement de robot_3d_0005-> 77/331 | 23%
[2026-04-02 10:03:11] [INFO] Chargement de robot_3d_0006-> 78/331 | 23%
[2026-04-02 10:03:11] [INFO] Chargement de robot_3d_0007-> 79/331 | 23%
[2026-04-02 10:03:11] [INFO] Chargement de robot_3d_0007-> 79/331 | 23%
[2026-04-02 10:03:11] [INFO] Chargement de robot_3d_0007-> 79/331 | 23%
[2026-04-02 10:03:11] [INFO] Chargement de robot_3d_0007-> 79/331 | 23%
[2026-04-02 10:03:11] [INFO] Chargement de robot_3d_0008-> 80/331 | 24%
[2026-04-02 10:03:11] [INFO] Chargement de robot_3d_0008-> 80/331 | 24%
[2026-04-02 10:03:11] [INFO] Chargement de robot_3d_0008-> 80/331 | 24%
[2026-04-02 10:03:11] [INFO] Chargement de robot_3d_0009-> 81/331 | 24%
[2026-04-02 10:03:11] [INFO] Chargement de robot_3d_0009-> 81/331 | 24%
[2026-04-02 10:03:11] [INFO] Chargement de robot_3d_0009-> 81/331 | 24%
[2026-04-02 10:03:11] [INFO] Chargement de robot_3d_0009-> 81/331 | 24%
[2026-04-02 10:03:11] [INFO] Chargement de robot_3d_0010-> 82/331 | 24%
[2026-04-02 10:03:11] [INFO] Chargement de robot_3d_0010-> 82/331 | 24%
[2026-04-02 10:03:11] [INFO] Chargement de robot_3d_0010-> 82/331 | 24%
[2026-04-02 10:03:11] [INFO] Chargement de robot_3d_0010-> 82/331 | 24%
[2026-04-02 10:03:11] [INFO] Chargement de robot_3d_0011-> 83/331 | 25%
[2026-04-02 10:03:11] [INFO] Chargement de robot_3d_0011-> 83/331 | 25%
[2026-04-02 10:03:11] [INFO] Chargement de robot_3d_0011-> 83/331 | 25%
[2026-04-02 10:03:11] [INFO] Chargement de robot_3d_0012-> 84/331 | 25%
[2026-04-02 10:03:11] [INFO] Chargement de robot_3d_0012-> 84/331 | 25%
[2026-04-02 10:03:11] [INFO] Chargement de robot_3d_0012-> 84/331 | 25%
[2026-04-02 10:03:11] [INFO] Chargement de robot_3d_0012-> 84/331 | 25%
[2026-04-02 10:03:11] [INFO] Chargement de robot_3d_0013-> 85/331 | 25%
[2026-04-02 10:03:11] [INFO] Chargement de robot_3d_0013-> 85/331 | 25%
[2026-04-02 10:03:11] [INFO] Chargement de robot_3d_0013-> 85/331 | 25%
[2026-04-02 10:03:11] [INFO] Chargement de robot_3d_0014-> 86/331 | 25%
[2026-04-02 10:03:11] [INFO] Chargement de robot_3d_0014-> 86/331 | 25%
[2026-04-02 10:03:11] [INFO] Chargement de robot_3d_0014-> 86/331 | 25%
[2026-04-02 10:03:11] [INFO] Chargement de robot_3d_0014-> 86/331 | 25%
[2026-04-02 10:03:11] [INFO] Chargement de robot_3d_0015-> 87/331 | 26%
[2026-04-02 10:03:11] [INFO] Chargement de robot_3d_0015-> 87/331 | 26%
[2026-04-02 10:03:11] [INFO] Chargement de robot_3d_0015-> 87/331 | 26%
[2026-04-02 10:03:11] [INFO] Chargement de robot_3d_0015-> 87/331 | 26%
[2026-04-02 10:03:11] [INFO] Chargement de robot_3d_0016-> 88/331 | 26%
[2026-04-02 10:03:11] [INFO] Chargement de robot_3d_0016-> 88/331 | 26%
[2026-04-02 10:03:11] [INFO] Chargement de robot_3d_0016-> 88/331 | 26%
[2026-04-02 10:03:11] [INFO] Chargement de robot_3d_0017-> 89/331 | 26%
[2026-04-02 10:03:11] [INFO] Chargement de robot_3d_0017-> 89/331 | 26%
[2026-04-02 10:03:11] [INFO] Chargement de robot_3d_0017-> 89/331 | 26%
[2026-04-02 10:03:11] [INFO] Chargement de robot_3d_0017-> 89/331 | 26%
[2026-04-02 10:03:11] [INFO] Chargement de robot_3d_0018-> 90/331 | 27%
[2026-04-02 10:03:11] [INFO] Chargement de robot_3d_0018-> 90/331 | 27%
[2026-04-02 10:03:11] [INFO] Chargement de robot_3d_0018-> 90/331 | 27%
[2026-04-02 10:03:11] [INFO] Chargement de robot_3d_0018-> 90/331 | 27%
[2026-04-02 10:03:11] [INFO] Chargement de robot_3d_0019-> 91/331 | 27%
[2026-04-02 10:03:11] [INFO] Chargement de robot_3d_0019-> 91/331 | 27%
[2026-04-02 10:03:11] [INFO] Chargement de robot_3d_0019-> 91/331 | 27%
[2026-04-02 10:03:11] [INFO] Chargement de robot_3d_0020-> 92/331 | 27%
[2026-04-02 10:03:11] [INFO] Chargement de robot_3d_0020-> 92/331 | 27%
[2026-04-02 10:03:11] [INFO] Chargement de robot_3d_0020-> 92/331 | 27%
[2026-04-02 10:03:11] [INFO] Chargement de robot_3d_0020-> 92/331 | 27%
[2026-04-02 10:03:11] [INFO] Chargement de robot_3d_0021-> 93/331 | 28%
[2026-04-02 10:03:11] [INFO] Chargement de robot_3d_0021-> 93/331 | 28%
[2026-04-02 10:03:11] [INFO] Chargement de robot_3d_0021-> 93/331 | 28%
[2026-04-02 10:03:11] [INFO] Chargement de robot_3d_0022-> 94/331 | 28%
[2026-04-02 10:03:11] [INFO] Chargement de robot_3d_0022-> 94/331 | 28%
[2026-04-02 10:03:11] [INFO] Chargement de robot_3d_0022-> 94/331 | 28%
[2026-04-02 10:03:11] [INFO] Chargement de robot_3d_0022-> 94/331 | 28%
[2026-04-02 10:03:11] [INFO] Chargement de robot_3d_0023-> 95/331 | 28%
[2026-04-02 10:03:11] [INFO] Chargement de robot_3d_0023-> 95/331 | 28%
[2026-04-02 10:03:11] [INFO] Chargement de robot_3d_0023-> 95/331 | 28%
[2026-04-02 10:03:11] [INFO] Chargement de robot_3d_0024-> 96/331 | 29%
[2026-04-02 10:03:11] [INFO] Chargement de robot_3d_0024-> 96/331 | 29%
[2026-04-02 10:03:11] [INFO] Chargement de robot_3d_0024-> 96/331 | 29%
[2026-04-02 10:03:11] [INFO] Chargement de robot_3d_0024-> 96/331 | 29%
[2026-04-02 10:03:11] [INFO] Chargement de robot_3d_0025-> 97/331 | 29%
[2026-04-02 10:03:11] [INFO] Chargement de robot_3d_0025-> 97/331 | 29%
[2026-04-02 10:03:11] [INFO] Chargement de robot_3d_0025-> 97/331 | 29%
[2026-04-02 10:03:11] [INFO] Chargement de robot_3d_0026-> 98/331 | 29%
[2026-04-02 10:03:11] [INFO] Chargement de robot_3d_0026-> 98/331 | 29%
[2026-04-02 10:03:11] [INFO] Chargement de robot_3d_0026-> 98/331 | 29%
[2026-04-02 10:03:11] [INFO] Chargement de robot_3d_0026-> 98/331 | 29%
[2026-04-02 10:03:11] [INFO] Chargement de robot_3d_0027-> 99/331 | 29%
[2026-04-02 10:03:11] [INFO] Chargement de robot_3d_0027-> 99/331 | 29%
[2026-04-02 10:03:11] [INFO] Chargement de robot_3d_0027-> 99/331 | 29%
[2026-04-02 10:03:11] [INFO] Chargement de robot_3d_0027-> 99/331 | 29%
[2026-04-02 10:03:11] [INFO] Chargement de robot_3d_0028-> 100/331 | 30%
[2026-04-02 10:03:11] [INFO] Chargement de robot_3d_0028-> 100/331 | 30%
[2026-04-02 10:03:11] [INFO] Chargement de robot_3d_0028-> 100/331 | 30%
[2026-04-02 10:03:11] [INFO] Chargement de robot_3d_0029-> 101/331 | 30%
[2026-04-02 10:03:11] [INFO] Chargement de robot_3d_0030-> 102/331 | 30%
[2026-04-02 10:03:11] [INFO] Chargement de robot_3d_0030-> 102/331 | 30%
[2026-04-02 10:03:12] [INFO] Chargement de robot_3d_0030-> 102/331 | 30%
[2026-04-02 10:03:12] [INFO] Chargement de robot_3d_0031-> 103/331 | 31%
[2026-04-02 10:03:12] [INFO] Chargement de robot_3d_0031-> 103/331 | 31%
[2026-04-02 10:03:12] [INFO] Chargement de robot_3d_0031-> 103/331 | 31%
[2026-04-02 10:03:12] [INFO] Chargement de robot_3d_0031-> 103/331 | 31%
[2026-04-02 10:03:12] [INFO] Chargement de robot_3d_0032-> 104/331 | 31%
[2026-04-02 10:03:12] [INFO] Chargement de robot_3d_0032-> 104/331 | 31%
[2026-04-02 10:03:12] [INFO] Chargement de robot_3d_0032-> 104/331 | 31%
[2026-04-02 10:03:12] [INFO] Chargement de robot_3d_0033-> 105/331 | 31%
[2026-04-02 10:03:12] [INFO] Chargement de robot_3d_0033-> 105/331 | 31%
[2026-04-02 10:03:12] [INFO] Chargement de robot_3d_0033-> 105/331 | 31%
[2026-04-02 10:03:12] [INFO] Chargement de robot_3d_0034-> 106/331 | 32%
[2026-04-02 10:03:12] [INFO] Chargement de robot_3d_0035-> 107/331 | 32%
[2026-04-02 10:03:12] [INFO] Chargement de robot_3d_0036-> 108/331 | 32%
[2026-04-02 10:03:12] [INFO] Chargement de robot_3d_0036-> 108/331 | 32%
[2026-04-02 10:03:12] [INFO] Chargement de robot_3d_0036-> 108/331 | 32%
[2026-04-02 10:03:12] [INFO] Chargement de robot_3d_0037-> 109/331 | 32%
[2026-04-02 10:03:12] [INFO] Chargement de robot_3d_0037-> 109/331 | 32%
[2026-04-02 10:03:12] [INFO] Chargement de robot_3d_0037-> 109/331 | 32%
[2026-04-02 10:03:12] [INFO] Chargement de robot_3d_0037-> 109/331 | 32%
[2026-04-02 10:03:12] [INFO] Chargement de robot_3d_0038-> 110/331 | 33%
[2026-04-02 10:03:12] [INFO] Chargement de robot_3d_0038-> 110/331 | 33%
[2026-04-02 10:03:12] [INFO] Chargement de robot_3d_0038-> 110/331 | 33%
[2026-04-02 10:03:12] [INFO] Chargement de robot_3d_0039-> 111/331 | 33%
[2026-04-02 10:03:12] [INFO] Chargement de robot_3d_0039-> 111/331 | 33%
[2026-04-02 10:03:12] [INFO] Chargement de robot_3d_0039-> 111/331 | 33%
[2026-04-02 10:03:12] [INFO] Chargement de robot_3d_0039-> 111/331 | 33%
[2026-04-02 10:03:12] [INFO] Chargement de robot_3d_0040-> 112/331 | 33%
[2026-04-02 10:03:12] [INFO] Chargement de robot_3d_0040-> 112/331 | 33%
[2026-04-02 10:03:12] [INFO] Chargement de robot_3d_0040-> 112/331 | 33%
[2026-04-02 10:03:12] [INFO] Chargement de robot_3d_0040-> 112/331 | 33%
[2026-04-02 10:03:12] [INFO] Chargement de robot_3d_0041-> 113/331 | 34%
[2026-04-02 10:03:12] [INFO] Chargement de robot_3d_0041-> 113/331 | 34%
[2026-04-02 10:03:12] [INFO] Chargement de robot_3d_0041-> 113/331 | 34%
[2026-04-02 10:03:12] [INFO] Chargement de robot_3d_0041-> 113/331 | 34%
[2026-04-02 10:03:12] [INFO] Chargement de robot_3d_0042-> 114/331 | 34%
[2026-04-02 10:03:12] [INFO] Chargement de robot_3d_0042-> 114/331 | 34%
[2026-04-02 10:03:12] [INFO] Chargement de robot_3d_0042-> 114/331 | 34%
[2026-04-02 10:03:12] [INFO] Chargement de robot_3d_0042-> 114/331 | 34%
[2026-04-02 10:03:12] [INFO] Chargement de robot_3d_0043-> 115/331 | 34%
[2026-04-02 10:03:12] [INFO] Chargement de robot_3d_0043-> 115/331 | 34%
[2026-04-02 10:03:12] [INFO] Chargement de robot_3d_0043-> 115/331 | 34%
[2026-04-02 10:03:12] [INFO] Chargement de robot_3d_0044-> 116/331 | 35%
[2026-04-02 10:03:12] [INFO] Chargement de robot_3d_0044-> 116/331 | 35%
[2026-04-02 10:03:12] [INFO] Chargement de robot_3d_0044-> 116/331 | 35%
[2026-04-02 10:03:12] [INFO] Chargement de robot_3d_0044-> 116/331 | 35%
[2026-04-02 10:03:12] [INFO] Chargement de robot_3d_0045-> 117/331 | 35%
[2026-04-02 10:03:12] [INFO] Chargement de robot_3d_0045-> 117/331 | 35%
[2026-04-02 10:03:12] [INFO] Chargement de robot_3d_0045-> 117/331 | 35%
[2026-04-02 10:03:12] [INFO] Chargement de robot_3d_0045-> 117/331 | 35%
[2026-04-02 10:03:12] [INFO] Chargement de robot_3d_0046-> 118/331 | 35%
[2026-04-02 10:03:12] [INFO] Chargement de robot_3d_0046-> 118/331 | 35%
[2026-04-02 10:03:12] [INFO] Chargement de robot_3d_0046-> 118/331 | 35%
[2026-04-02 10:03:12] [INFO] Chargement de robot_3d_0047-> 119/331 | 35%
[2026-04-02 10:03:12] [INFO] Chargement de robot_3d_0047-> 119/331 | 35%
[2026-04-02 10:03:12] [INFO] Chargement de robot_3d_0047-> 119/331 | 35%
[2026-04-02 10:03:12] [INFO] Chargement de robot_3d_0047-> 119/331 | 35%
[2026-04-02 10:03:12] [INFO] Chargement de robot_3d_0048-> 120/331 | 36%
[2026-04-02 10:03:12] [INFO] Chargement de robot_3d_0048-> 120/331 | 36%
[2026-04-02 10:03:12] [INFO] Chargement de robot_3d_0048-> 120/331 | 36%
[2026-04-02 10:03:12] [INFO] Chargement de robot_3d_0048-> 120/331 | 36%
[2026-04-02 10:03:12] [INFO] Chargement de robot_3d_0049-> 121/331 | 36%
[2026-04-02 10:03:12] [INFO] Chargement de robot_3d_0049-> 121/331 | 36%
[2026-04-02 10:03:12] [INFO] Chargement de robot_3d_0049-> 121/331 | 36%
[2026-04-02 10:03:12] [INFO] Chargement de robot_3d_0049-> 121/331 | 36%
[2026-04-02 10:03:12] [INFO] Chargement de robot_3d_0050-> 122/331 | 36%
[2026-04-02 10:03:12] [INFO] Chargement de robot_3d_0050-> 122/331 | 36%
[2026-04-02 10:03:12] [INFO] Chargement de robot_3d_0050-> 122/331 | 36%
[2026-04-02 10:03:12] [INFO] Chargement de robot_3d_0051-> 123/331 | 37%
[2026-04-02 10:03:12] [INFO] Chargement de robot_3d_0051-> 123/331 | 37%
[2026-04-02 10:03:12] [INFO] Chargement de robot_3d_0051-> 123/331 | 37%
[2026-04-02 10:03:12] [INFO] Chargement de robot_3d_0052-> 124/331 | 37%
[2026-04-02 10:03:12] [INFO] Chargement de robot_3d_0053-> 125/331 | 37%
[2026-04-02 10:03:12] [INFO] Chargement de robot_3d_0053-> 125/331 | 37%
[2026-04-02 10:03:12] [INFO] Chargement de robot_3d_0053-> 125/331 | 37%
[2026-04-02 10:03:12] [INFO] Chargement de robot_3d_0053-> 125/331 | 37%
[2026-04-02 10:03:12] [INFO] Chargement de robot_3d_0054-> 126/331 | 38%
[2026-04-02 10:03:12] [INFO] Chargement de robot_3d_0054-> 126/331 | 38%
[2026-04-02 10:03:12] [INFO] Chargement de robot_3d_0054-> 126/331 | 38%
[2026-04-02 10:03:12] [INFO] Chargement de robot_3d_0054-> 126/331 | 38%
[2026-04-02 10:03:12] [INFO] Chargement de robot_3d_0055-> 127/331 | 38%
[2026-04-02 10:03:12] [INFO] Chargement de robot_3d_0055-> 127/331 | 38%
[2026-04-02 10:03:12] [INFO] Chargement de robot_3d_0055-> 127/331 | 38%
[2026-04-02 10:03:12] [INFO] Chargement de robot_3d_0055-> 127/331 | 38%
[2026-04-02 10:03:12] [INFO] Chargement de robot_3d_0056-> 128/331 | 38%
[2026-04-02 10:03:12] [INFO] Chargement de robot_3d_0056-> 128/331 | 38%
[2026-04-02 10:03:12] [INFO] Chargement de robot_3d_0056-> 128/331 | 38%
[2026-04-02 10:03:12] [INFO] Chargement de robot_3d_0057-> 129/331 | 38%
[2026-04-02 10:03:12] [INFO] Chargement de robot_3d_0058-> 130/331 | 39%
[2026-04-02 10:03:12] [INFO] Chargement de robot_3d_0058-> 130/331 | 39%
[2026-04-02 10:03:12] [INFO] Chargement de robot_3d_0058-> 130/331 | 39%
[2026-04-02 10:03:12] [INFO] Chargement de robot_3d_0059-> 131/331 | 39%
[2026-04-02 10:03:12] [INFO] Chargement de robot_3d_0059-> 131/331 | 39%
[2026-04-02 10:03:12] [INFO] Chargement de robot_3d_0059-> 131/331 | 39%
[2026-04-02 10:03:12] [INFO] Chargement de robot_3d_0059-> 131/331 | 39%
[2026-04-02 10:03:12] [INFO] Chargement de robot_3d_0060-> 132/331 | 39%
[2026-04-02 10:03:12] [INFO] Chargement de robot_3d_0060-> 132/331 | 39%
[2026-04-02 10:03:12] [INFO] Chargement de robot_3d_0060-> 132/331 | 39%
[2026-04-02 10:03:12] [INFO] Chargement de robot_3d_0060-> 132/331 | 39%
[2026-04-02 10:03:13] [INFO] Chargement de robot_3d_0061-> 133/331 | 40%
[2026-04-02 10:03:13] [INFO] Chargement de robot_3d_0061-> 133/331 | 40%
[2026-04-02 10:03:13] [INFO] Chargement de robot_3d_0061-> 133/331 | 40%
[2026-04-02 10:03:13] [INFO] Chargement de robot_3d_0062-> 134/331 | 40%
[2026-04-02 10:03:13] [INFO] Chargement de robot_3d_0063-> 135/331 | 40%
[2026-04-02 10:03:13] [INFO] Chargement de robot_3d_0063-> 135/331 | 40%
[2026-04-02 10:03:13] [INFO] Chargement de robot_3d_0064-> 136/331 | 41%
[2026-04-02 10:03:13] [INFO] Chargement de robot_3d_0064-> 136/331 | 41%
[2026-04-02 10:03:13] [INFO] Chargement de robot_3d_0064-> 136/331 | 41%
[2026-04-02 10:03:13] [INFO] Chargement de robot_3d_0065-> 137/331 | 41%
[2026-04-02 10:03:13] [INFO] Chargement de robot_3d_0065-> 137/331 | 41%
[2026-04-02 10:03:13] [INFO] Chargement de robot_3d_0066-> 138/331 | 41%
[2026-04-02 10:03:13] [INFO] Chargement de robot_3d_0066-> 138/331 | 41%
[2026-04-02 10:03:13] [INFO] Chargement de robot_3d_0066-> 138/331 | 41%
[2026-04-02 10:03:13] [INFO] Chargement de robot_3d_0066-> 138/331 | 41%
[2026-04-02 10:03:13] [INFO] Chargement de robot_3d_0067-> 139/331 | 41%
[2026-04-02 10:03:13] [INFO] Chargement de robot_3d_0067-> 139/331 | 41%
[2026-04-02 10:03:13] [INFO] Chargement de robot_3d_0067-> 139/331 | 41%
[2026-04-02 10:03:13] [INFO] Chargement de robot_3d_0068-> 140/331 | 42%
[2026-04-02 10:03:13] [INFO] Chargement de robot_3d_0068-> 140/331 | 42%
[2026-04-02 10:03:13] [INFO] Chargement de robot_3d_0068-> 140/331 | 42%
[2026-04-02 10:03:13] [INFO] Chargement de robot_3d_0068-> 140/331 | 42%
[2026-04-02 10:03:13] [INFO] Chargement de robot_3d_0069-> 141/331 | 42%
[2026-04-02 10:03:13] [INFO] Chargement de robot_3d_0069-> 141/331 | 42%
[2026-04-02 10:03:13] [INFO] Chargement de robot_3d_0069-> 141/331 | 42%
[2026-04-02 10:03:13] [INFO] Chargement de robot_3d_0070-> 142/331 | 42%
[2026-04-02 10:03:13] [INFO] Chargement de robot_3d_0070-> 142/331 | 42%
[2026-04-02 10:03:13] [INFO] Chargement de robot_3d_0070-> 142/331 | 42%
[2026-04-02 10:03:13] [INFO] Chargement de robot_3d_0070-> 142/331 | 42%
[2026-04-02 10:03:13] [INFO] Chargement de robot_3d_0071-> 143/331 | 43%
[2026-04-02 10:03:13] [INFO] Chargement de robot_3d_0071-> 143/331 | 43%
[2026-04-02 10:03:13] [INFO] Chargement de robot_3d_0071-> 143/331 | 43%
[2026-04-02 10:03:13] [INFO] Chargement de robot_3d_0072-> 144/331 | 43%
[2026-04-02 10:03:13] [INFO] Chargement de robot_3d_0072-> 144/331 | 43%
[2026-04-02 10:03:13] [INFO] Chargement de robot_3d_0072-> 144/331 | 43%
[2026-04-02 10:03:13] [INFO] Chargement de robot_3d_0072-> 144/331 | 43%
[2026-04-02 10:03:13] [INFO] Chargement de robot_3d_0073-> 145/331 | 43%
[2026-04-02 10:03:13] [INFO] Chargement de robot_3d_0073-> 145/331 | 43%
[2026-04-02 10:03:13] [INFO] Chargement de robot_3d_0073-> 145/331 | 43%
[2026-04-02 10:03:13] [INFO] Chargement de robot_3d_0074-> 146/331 | 44%
[2026-04-02 10:03:13] [INFO] Chargement de robot_3d_0074-> 146/331 | 44%
[2026-04-02 10:03:13] [INFO] Chargement de robot_3d_0074-> 146/331 | 44%
[2026-04-02 10:03:13] [INFO] Chargement de robot_3d_0074-> 146/331 | 44%
[2026-04-02 10:03:13] [INFO] Chargement de robot_3d_0075-> 147/331 | 44%
[2026-04-02 10:03:13] [INFO] Chargement de robot_3d_0075-> 147/331 | 44%
[2026-04-02 10:03:13] [INFO] Chargement de robot_3d_0075-> 147/331 | 44%
[2026-04-02 10:03:13] [INFO] Chargement de robot_3d_0076-> 148/331 | 44%
[2026-04-02 10:03:13] [INFO] Chargement de robot_3d_0076-> 148/331 | 44%
[2026-04-02 10:03:13] [INFO] Chargement de robot_3d_0076-> 148/331 | 44%
[2026-04-02 10:03:13] [INFO] Chargement de robot_3d_0077-> 149/331 | 45%
[2026-04-02 10:03:13] [INFO] Chargement de robot_3d_0077-> 149/331 | 45%
[2026-04-02 10:03:13] [INFO] Chargement de robot_3d_0077-> 149/331 | 45%
[2026-04-02 10:03:13] [INFO] Chargement de robot_3d_0077-> 149/331 | 45%
[2026-04-02 10:03:13] [INFO] Chargement de robot_3d_0078-> 150/331 | 45%
[2026-04-02 10:03:13] [INFO] Chargement de robot_3d_0078-> 150/331 | 45%
[2026-04-02 10:03:13] [INFO] Chargement de robot_3d_0078-> 150/331 | 45%
[2026-04-02 10:03:13] [INFO] Chargement de robot_3d_0079-> 151/331 | 45%
[2026-04-02 10:03:13] [INFO] Chargement de robot_3d_0079-> 151/331 | 45%
[2026-04-02 10:03:13] [INFO] Chargement de robot_3d_0079-> 151/331 | 45%
[2026-04-02 10:03:13] [INFO] Chargement de robot_3d_0079-> 151/331 | 45%
[2026-04-02 10:03:13] [INFO] Chargement de robot_3d_0080-> 152/331 | 45%
[2026-04-02 10:03:13] [INFO] Chargement de robot_3d_0080-> 152/331 | 45%
[2026-04-02 10:03:13] [INFO] Chargement de robot_3d_0080-> 152/331 | 45%
[2026-04-02 10:03:13] [INFO] Chargement de robot_3d_0081-> 153/331 | 46%
[2026-04-02 10:03:13] [INFO] Chargement de robot_3d_0081-> 153/331 | 46%
[2026-04-02 10:03:13] [INFO] Chargement de robot_3d_0081-> 153/331 | 46%
[2026-04-02 10:03:13] [INFO] Chargement de robot_3d_0081-> 153/331 | 46%
[2026-04-02 10:03:13] [INFO] Chargement de robot_3d_0082-> 154/331 | 46%
[2026-04-02 10:03:13] [INFO] Chargement de robot_3d_0082-> 154/331 | 46%
[2026-04-02 10:03:13] [INFO] Chargement de robot_3d_0082-> 154/331 | 46%
[2026-04-02 10:03:13] [INFO] Chargement de robot_3d_0083-> 155/331 | 46%
[2026-04-02 10:03:13] [INFO] Chargement de robot_3d_0083-> 155/331 | 46%
[2026-04-02 10:03:13] [INFO] Chargement de robot_3d_0084-> 156/331 | 47%
[2026-04-02 10:03:13] [INFO] Chargement de robot_3d_0084-> 156/331 | 47%
[2026-04-02 10:03:13] [INFO] Chargement de robot_3d_0084-> 156/331 | 47%
[2026-04-02 10:03:13] [INFO] Chargement de robot_3d_0084-> 156/331 | 47%
[2026-04-02 10:03:13] [INFO] Chargement de robot_3d_0085-> 157/331 | 47%
[2026-04-02 10:03:13] [INFO] Chargement de robot_3d_0085-> 157/331 | 47%
[2026-04-02 10:03:13] [INFO] Chargement de robot_3d_0085-> 157/331 | 47%
[2026-04-02 10:03:13] [INFO] Chargement de robot_3d_0086-> 158/331 | 47%
[2026-04-02 10:03:13] [INFO] Chargement de robot_3d_0086-> 158/331 | 47%
[2026-04-02 10:03:13] [INFO] Chargement de robot_3d_0086-> 158/331 | 47%
[2026-04-02 10:03:13] [INFO] Chargement de robot_3d_0086-> 158/331 | 47%
[2026-04-02 10:03:13] [INFO] Chargement de robot_3d_0087-> 159/331 | 48%
[2026-04-02 10:03:13] [INFO] Chargement de robot_3d_0087-> 159/331 | 48%
[2026-04-02 10:03:13] [INFO] Chargement de robot_3d_0087-> 159/331 | 48%
[2026-04-02 10:03:13] [INFO] Chargement de robot_3d_0088-> 160/331 | 48%
[2026-04-02 10:03:13] [INFO] Chargement de robot_3d_0088-> 160/331 | 48%
[2026-04-02 10:03:13] [INFO] Chargement de robot_3d_0088-> 160/331 | 48%
[2026-04-02 10:03:13] [INFO] Chargement de robot_3d_0088-> 160/331 | 48%
[2026-04-02 10:03:13] [INFO] Chargement de robot_3d_0089-> 161/331 | 48%
[2026-04-02 10:03:13] [INFO] Chargement de robot_3d_0089-> 161/331 | 48%
[2026-04-02 10:03:13] [INFO] Chargement de robot_3d_0090-> 162/331 | 48%
[2026-04-02 10:03:14] [INFO] Chargement de robot_3d_0091-> 163/331 | 49%
[2026-04-02 10:03:14] [INFO] Chargement de robot_3d_0092-> 164/331 | 49%
[2026-04-02 10:03:14] [INFO] Chargement de robot_3d_0093-> 165/331 | 49%
[2026-04-02 10:03:14] [INFO] Chargement de robot_3d_0094-> 166/331 | 50%
[2026-04-02 10:03:14] [INFO] Chargement de robot_3d_0095-> 167/331 | 50%
[2026-04-02 10:03:14] [INFO] Chargement de robot_3d_0096-> 168/331 | 50%
[2026-04-02 10:03:14] [INFO] Chargement de robot_3d_0097-> 169/331 | 51%
[2026-04-02 10:03:14] [INFO] Chargement de robot_3d_0098-> 170/331 | 51%
[2026-04-02 10:03:14] [INFO] Chargement de robot_3d_0099-> 171/331 | 51%
[2026-04-02 10:03:14] [INFO] Chargement de robot_3d_0100-> 172/331 | 51%
[2026-04-02 10:03:14] [INFO] Chargement de robot_3d_0101-> 173/331 | 52%
[2026-04-02 10:03:14] [INFO] Chargement de robot_3d_0102-> 174/331 | 52%
[2026-04-02 10:03:14] [INFO] Chargement de robot_3d_0103-> 175/331 | 52%
[2026-04-02 10:03:14] [INFO] Chargement de robot_3d_0104-> 176/331 | 53%
[2026-04-02 10:03:14] [INFO] Chargement de robot_3d_0105-> 177/331 | 53%
[2026-04-02 10:03:14] [INFO] Chargement de robot_3d_0106-> 178/331 | 53%
[2026-04-02 10:03:14] [INFO] Chargement de robot_3d_0107-> 179/331 | 54%
[2026-04-02 10:03:14] [INFO] Chargement de robot_3d_0108-> 180/331 | 54%
[2026-04-02 10:03:14] [INFO] Chargement de robot_3d_0109-> 181/331 | 54%
[2026-04-02 10:03:14] [INFO] Chargement de robot_3d_0110-> 182/331 | 54%
[2026-04-02 10:03:14] [INFO] Chargement de robot_3d_0111-> 183/331 | 55%
[2026-04-02 10:03:14] [INFO] Chargement de robot_3d_0112-> 184/331 | 55%
[2026-04-02 10:03:14] [INFO] Chargement de robot_3d_0113-> 185/331 | 55%
[2026-04-02 10:03:14] [INFO] Chargement de robot_3d_0114-> 186/331 | 56%
[2026-04-02 10:03:14] [INFO] Chargement de robot_3d_0115-> 187/331 | 56%
[2026-04-02 10:03:14] [INFO] Chargement de robot_3d_0116-> 188/331 | 56%
[2026-04-02 10:03:14] [INFO] Chargement de robot_3d_0117-> 189/331 | 57%
[2026-04-02 10:03:14] [INFO] Chargement de robot_3d_0118-> 190/331 | 57%
[2026-04-02 10:03:14] [INFO] Chargement de robot_3d_0119-> 191/331 | 57%
[2026-04-02 10:03:14] [INFO] Chargement de robot_3d_0120-> 192/331 | 58%
[2026-04-02 10:03:14] [INFO] Chargement de robot_3d_0121-> 193/331 | 58%
[2026-04-02 10:03:14] [INFO] Chargement de robot_3d_0122-> 194/331 | 58%
[2026-04-02 10:03:14] [INFO] Chargement de robot_3d_0123-> 195/331 | 58%
[2026-04-02 10:03:14] [INFO] Chargement de robot_3d_0124-> 196/331 | 59%
[2026-04-02 10:03:14] [INFO] Chargement de robot_3d_0125-> 197/331 | 59%
[2026-04-02 10:03:14] [INFO] Chargement de robot_3d_0126-> 198/331 | 59%
[2026-04-02 10:03:14] [INFO] Chargement de robot_3d_0127-> 199/331 | 60%
[2026-04-02 10:03:14] [INFO] Chargement de robot_3d_0128-> 200/331 | 60%
[2026-04-02 10:03:14] [INFO] Chargement de robot_3d_0129-> 201/331 | 60%
[2026-04-02 10:03:14] [INFO] Chargement de robot_3d_0130-> 202/331 | 61%
[2026-04-02 10:03:14] [INFO] Chargement de robot_3d_0131-> 203/331 | 61%
[2026-04-02 10:03:14] [INFO] Chargement de robot_3d_0132-> 204/331 | 61%
[2026-04-02 10:03:14] [INFO] Chargement de robot_3d_0133-> 205/331 | 61%
[2026-04-02 10:03:14] [INFO] Chargement de robot_3d_0134-> 206/331 | 62%
[2026-04-02 10:03:14] [INFO] Chargement de robot_3d_0135-> 207/331 | 62%
[2026-04-02 10:03:14] [INFO] Chargement de robot_3d_0136-> 208/331 | 62%
[2026-04-02 10:03:14] [INFO] Chargement de robot_3d_0137-> 209/331 | 63%
[2026-04-02 10:03:14] [INFO] Chargement de robot_3d_0138-> 210/331 | 63%
[2026-04-02 10:03:14] [INFO] Chargement de robot_3d_0139-> 211/331 | 63%
[2026-04-02 10:03:14] [INFO] Chargement de robot_3d_0140-> 212/331 | 64%
[2026-04-02 10:03:14] [INFO] Chargement de robot_3d_0141-> 213/331 | 64%
[2026-04-02 10:03:14] [INFO] Chargement de robot_3d_0142-> 214/331 | 64%
[2026-04-02 10:03:14] [INFO] Chargement de robot_3d_0143-> 215/331 | 64%
[2026-04-02 10:03:14] [INFO] Chargement de robot_3d_0144-> 216/331 | 65%
[2026-04-02 10:03:14] [INFO] Chargement de robot_3d_0145-> 217/331 | 65%
[2026-04-02 10:03:14] [INFO] Chargement de robot_3d_0145-> 217/331 | 65%
[2026-04-02 10:03:14] [INFO] Chargement de robot_3d_0146-> 218/331 | 65%
[2026-04-02 10:03:14] [INFO] Chargement de robot_3d_0147-> 219/331 | 66%
[2026-04-02 10:03:14] [INFO] Chargement de robot_3d_0148-> 220/331 | 66%
[2026-04-02 10:03:14] [INFO] Chargement de robot_3d_0149-> 221/331 | 66%
[2026-04-02 10:03:14] [INFO] Chargement de robot_3d_0150-> 222/331 | 67%
[2026-04-02 10:03:14] [INFO] Chargement de robot_3d_0151-> 223/331 | 67%
[2026-04-02 10:03:14] [INFO] Chargement de robot_3d_0152-> 224/331 | 67%
[2026-04-02 10:03:14] [INFO] Chargement de robot_3d_0153-> 225/331 | 67%
[2026-04-02 10:03:14] [INFO] Chargement de robot_3d_0154-> 226/331 | 68%
[2026-04-02 10:03:14] [INFO] Chargement de robot_3d_0155-> 227/331 | 68%
[2026-04-02 10:03:14] [INFO] Chargement de robot_3d_0156-> 228/331 | 68%
[2026-04-02 10:03:14] [INFO] Chargement de robot_3d_0157-> 229/331 | 69%
[2026-04-02 10:03:14] [INFO] Chargement de robot_3d_0158-> 230/331 | 69%
[2026-04-02 10:03:14] [INFO] Chargement de robot_3d_0159-> 231/331 | 69%
[2026-04-02 10:03:14] [INFO] Chargement de robot_3d_0160-> 232/331 | 70%
[2026-04-02 10:03:14] [INFO] Chargement de robot_3d_0160-> 232/331 | 70%
[2026-04-02 10:03:14] [INFO] Chargement de robot_3d_0161-> 233/331 | 70%
[2026-04-02 10:03:14] [INFO] Chargement de robot_3d_0162-> 234/331 | 70%
[2026-04-02 10:03:14] [INFO] Chargement de robot_3d_0163-> 235/331 | 70%
[2026-04-02 10:03:14] [INFO] Chargement de robot_3d_0164-> 236/331 | 71%
[2026-04-02 10:03:14] [INFO] Chargement de robot_3d_0165-> 237/331 | 71%
[2026-04-02 10:03:14] [INFO] Chargement de robot_3d_0166-> 238/331 | 71%
[2026-04-02 10:03:14] [INFO] Chargement de robot_3d_0167-> 239/331 | 72%
[2026-04-02 10:03:14] [INFO] Chargement de robot_3d_0168-> 240/331 | 72%
[2026-04-02 10:03:14] [INFO] Chargement de robot_3d_0169-> 241/331 | 72%
[2026-04-02 10:03:14] [INFO] Chargement de robot_3d_0170-> 242/331 | 73%
[2026-04-02 10:03:14] [INFO] Chargement de robot_3d_0171-> 243/331 | 73%
[2026-04-02 10:03:15] [INFO] Chargement de robot_3d_0172-> 244/331 | 73%
[2026-04-02 10:03:15] [INFO] Chargement de robot_3d_0173-> 245/331 | 74%
[2026-04-02 10:03:15] [INFO] Chargement de robot_3d_0173-> 245/331 | 74%
[2026-04-02 10:03:15] [INFO] Chargement de robot_3d_0174-> 246/331 | 74%
[2026-04-02 10:03:15] [INFO] Chargement de robot_3d_0175-> 247/331 | 74%
[2026-04-02 10:03:15] [INFO] Chargement de robot_3d_0175-> 247/331 | 74%
[2026-04-02 10:03:15] [INFO] Chargement de robot_3d_0175-> 247/331 | 74%
[2026-04-02 10:03:15] [INFO] Chargement de robot_3d_0176-> 248/331 | 74%
[2026-04-02 10:03:15] [INFO] Chargement de robot_3d_0176-> 248/331 | 74%
[2026-04-02 10:03:15] [INFO] Chargement de robot_3d_0177-> 249/331 | 75%
[2026-04-02 10:03:15] [INFO] Chargement de robot_3d_0178-> 250/331 | 75%
[2026-04-02 10:03:15] [INFO] Chargement de robot_3d_0179-> 251/331 | 75%
[2026-04-02 10:03:15] [INFO] Chargement de robot_3d_0180-> 252/331 | 76%
[2026-04-02 10:03:15] [INFO] Chargement de robot_3d_0181-> 253/331 | 76%
[2026-04-02 10:03:15] [INFO] Chargement de robot_3d_0181-> 253/331 | 76%
[2026-04-02 10:03:15] [INFO] Chargement de robot_3d_0181-> 253/331 | 76%
[2026-04-02 10:03:15] [INFO] Chargement de robot_3d_0182-> 254/331 | 76%
[2026-04-02 10:03:15] [INFO] Chargement de robot_3d_0183-> 255/331 | 77%
[2026-04-02 10:03:15] [INFO] Chargement de robot_3d_0183-> 255/331 | 77%
[2026-04-02 10:03:15] [INFO] Chargement de robot_3d_0184-> 256/331 | 77%
[2026-04-02 10:03:15] [INFO] Chargement de robot_3d_0184-> 256/331 | 77%
[2026-04-02 10:03:15] [INFO] Chargement de robot_3d_0185-> 257/331 | 77%
[2026-04-02 10:03:15] [INFO] Chargement de robot_3d_0185-> 257/331 | 77%
[2026-04-02 10:03:15] [INFO] Chargement de robot_3d_0186-> 258/331 | 77%
[2026-04-02 10:03:15] [INFO] Chargement de robot_3d_0187-> 259/331 | 78%
[2026-04-02 10:03:15] [INFO] Chargement de robot_3d_0187-> 259/331 | 78%
[2026-04-02 10:03:15] [INFO] Chargement de robot_3d_0188-> 260/331 | 78%
[2026-04-02 10:03:15] [INFO] Chargement de robot_3d_0189-> 261/331 | 78%
[2026-04-02 10:03:15] [INFO] Chargement de robot_3d_0189-> 261/331 | 78%
[2026-04-02 10:03:15] [INFO] Chargement de robot_3d_0190-> 262/331 | 79%
[2026-04-02 10:03:15] [INFO] Chargement de robot_3d_0191-> 263/331 | 79%
[2026-04-02 10:03:15] [INFO] Chargement de robot_3d_0191-> 263/331 | 79%
[2026-04-02 10:03:15] [INFO] Chargement de robot_3d_0191-> 263/331 | 79%
[2026-04-02 10:03:15] [INFO] Chargement de robot_3d_0192-> 264/331 | 79%
[2026-04-02 10:03:15] [INFO] Chargement de robot_3d_0192-> 264/331 | 79%
[2026-04-02 10:03:15] [INFO] Chargement de robot_3d_0192-> 264/331 | 79%
[2026-04-02 10:03:15] [INFO] Chargement de robot_3d_0193-> 265/331 | 80%
[2026-04-02 10:03:15] [INFO] Chargement de robot_3d_0193-> 265/331 | 80%
[2026-04-02 10:03:15] [INFO] Chargement de robot_3d_0193-> 265/331 | 80%
[2026-04-02 10:03:15] [INFO] Chargement de robot_3d_0194-> 266/331 | 80%
[2026-04-02 10:03:15] [INFO] Chargement de robot_3d_0194-> 266/331 | 80%
[2026-04-02 10:03:15] [INFO] Chargement de robot_3d_0195-> 267/331 | 80%
[2026-04-02 10:03:15] [INFO] Chargement de robot_3d_0196-> 268/331 | 80%
[2026-04-02 10:03:15] [INFO] Chargement de robot_3d_0197-> 269/331 | 81%
[2026-04-02 10:03:15] [INFO] Chargement de robot_3d_0198-> 270/331 | 81%
[2026-04-02 10:03:15] [INFO] Chargement de robot_3d_0199-> 271/331 | 81%
[2026-04-02 10:03:15] [INFO] Chargement de robot_3d_0200-> 272/331 | 82%
[2026-04-02 10:03:15] [INFO] Chargement de robot_3d_0201-> 273/331 | 82%
[2026-04-02 10:03:15] [INFO] Chargement de robot_3d_0202-> 274/331 | 82%
[2026-04-02 10:03:15] [INFO] Chargement de robot_3d_0203-> 275/331 | 83%
[2026-04-02 10:03:15] [INFO] Chargement de robot_3d_0204-> 276/331 | 83%
[2026-04-02 10:03:15] [INFO] Chargement de robot_3d_0205-> 277/331 | 83%
[2026-04-02 10:03:15] [INFO] Chargement de robot_3d_0205-> 277/331 | 83%
[2026-04-02 10:03:15] [INFO] Chargement de robot_3d_0206-> 278/331 | 83%
[2026-04-02 10:03:15] [INFO] Chargement de robot_3d_0207-> 279/331 | 84%
[2026-04-02 10:03:15] [INFO] Chargement de robot_3d_0208-> 280/331 | 84%
[2026-04-02 10:03:15] [INFO] Chargement de robot_3d_0209-> 281/331 | 84%
[2026-04-02 10:03:15] [INFO] Chargement de robot_3d_0210-> 282/331 | 85%
[2026-04-02 10:03:15] [INFO] Chargement de robot_3d_0210-> 282/331 | 85%
[2026-04-02 10:03:15] [INFO] Chargement de robot_3d_0211-> 283/331 | 85%
[2026-04-02 10:03:15] [INFO] Chargement de robot_3d_0211-> 283/331 | 85%
[2026-04-02 10:03:15] [INFO] Chargement de robot_3d_0211-> 283/331 | 85%
[2026-04-02 10:03:15] [INFO] Chargement de robot_3d_0212-> 284/331 | 85%
[2026-04-02 10:03:15] [INFO] Chargement de robot_3d_0212-> 284/331 | 85%
[2026-04-02 10:03:15] [INFO] Chargement de robot_3d_0212-> 284/331 | 85%
[2026-04-02 10:03:15] [INFO] Chargement de robot_3d_0212-> 284/331 | 85%
[2026-04-02 10:03:15] [INFO] Chargement de robot_3d_0213-> 285/331 | 86%
[2026-04-02 10:03:15] [INFO] Chargement de robot_3d_0213-> 285/331 | 86%
[2026-04-02 10:03:15] [INFO] Chargement de robot_3d_0213-> 285/331 | 86%
[2026-04-02 10:03:15] [INFO] Chargement de robot_3d_0213-> 285/331 | 86%
[2026-04-02 10:03:15] [INFO] Chargement de robot_3d_0214-> 286/331 | 86%
[2026-04-02 10:03:15] [INFO] Chargement de robot_3d_0214-> 286/331 | 86%
[2026-04-02 10:03:15] [INFO] Chargement de robot_3d_0215-> 287/331 | 86%
[2026-04-02 10:03:15] [INFO] Chargement de robot_3d_0216-> 288/331 | 87%
[2026-04-02 10:03:15] [INFO] Chargement de robot_3d_0217-> 289/331 | 87%
[2026-04-02 10:03:15] [INFO] Chargement de robot_3d_0218-> 290/331 | 87%
[2026-04-02 10:03:15] [INFO] Chargement de robot_3d_0219-> 291/331 | 87%
[2026-04-02 10:03:15] [INFO] Chargement de robot_3d_0220-> 292/331 | 88%
[2026-04-02 10:03:15] [INFO] Chargement de robot_3d_0221-> 293/331 | 88%
[2026-04-02 10:03:15] [INFO] Chargement de robot_3d_0222-> 294/331 | 88%
[2026-04-02 10:03:15] [INFO] Chargement de robot_3d_0223-> 295/331 | 89%
[2026-04-02 10:03:15] [INFO] Chargement de robot_3d_0224-> 296/331 | 89%
[2026-04-02 10:03:15] [INFO] Chargement de robot_3d_0225-> 297/331 | 89%
[2026-04-02 10:03:15] [INFO] Chargement de robot_3d_0226-> 298/331 | 90%
[2026-04-02 10:03:15] [INFO] Chargement de robot_3d_0227-> 299/331 | 90%
[2026-04-02 10:03:15] [INFO] Chargement de robot_3d_0228-> 300/331 | 90%
[2026-04-02 10:03:15] [INFO] Chargement de robot_3d_0229-> 301/331 | 90%
[2026-04-02 10:03:15] [INFO] Chargement de robot_3d_0230-> 302/331 | 91%
[2026-04-02 10:03:16] [INFO] Chargement de robot_3d_0230-> 302/331 | 91%
[2026-04-02 10:03:16] [INFO] Chargement de robot_3d_0231-> 303/331 | 91%
[2026-04-02 10:03:16] [INFO] Chargement de robot_3d_0232-> 304/331 | 91%
[2026-04-02 10:03:16] [INFO] Chargement de robot_3d_0233-> 305/331 | 92%
[2026-04-02 10:03:16] [INFO] Chargement de robot_3d_0234-> 306/331 | 92%
[2026-04-02 10:03:16] [INFO] Chargement de robot_3d_0235-> 307/331 | 92%
[2026-04-02 10:03:16] [INFO] Chargement de robot_3d_0236-> 308/331 | 93%
[2026-04-02 10:03:16] [INFO] Chargement de robot_3d_0237-> 309/331 | 93%
[2026-04-02 10:03:16] [INFO] Chargement de robot_3d_0238-> 310/331 | 93%
[2026-04-02 10:03:16] [INFO] Chargement de robot_3d_0239-> 311/331 | 93%
[2026-04-02 10:03:16] [INFO] Chargement de robot_3d_0240-> 312/331 | 94%
[2026-04-02 10:03:16] [INFO] Chargement de water_5-> 318/331 | 96%
[2026-04-02 10:03:16] [INFO] Chargement de lava_1-> 322/331 | 97%
[2026-04-02 10:03:16] [INFO] Chargement de lava_6-> 327/331 | 98%
[2026-04-02 10:03:16] [INFO] Assets chargés, redirect vers play_menu
[2026-04-02 10:03:16] [INFO] Entrez dans play_menu avec le compte test1.json
[2026-04-02 12:11:26] [INFO] 



+///////////////////////////////////////////////////////////////////////////+

                Démarrage de Nexus Extraction

+///////////////////////////////////////////////////////////////////////////+

[2026-04-02 12:11:26] [INFO] 
+---------------------------- Bienvenue ! ----------------------------+

Bienvenue dans Nexus Extraction. Si vous lisez ceci, c’est que vous vous
trouvez actuellement dans les logs du jeu. Si vous êtes un joueur lambda,
cette fenêtre ne vous intéressera pas, mais ne la fermez pas, car cette
action entraînera la fermeture du jeu.

En cas de problème ou de plantage du jeu, merci de contacter le développeur
à l’adresse e-mail suivante : mouyelv@sjb-liege.org
en joignant les fichiers de logs qui se trouvent dans le dossier "logs/".

Merci de jouer à Nexus Extraction et bon jeu ;)

+-------------------------------- LOGS --------------------------------+

[2026-04-02 12:11:26] [INFO] Main Menu
[2026-04-02 12:11:28] [INFO] Entrez dans compte
[2026-04-02 12:11:29] [INFO] Entrez dans load_menu avec le compte -> test1.json
[2026-04-02 12:11:29] [INFO] Chargement de title-> 1/331 | 0%
[2026-04-02 12:11:29] [INFO] Chargement de creator-> 2/331 | 0%
[2026-04-02 12:11:29] [INFO] Chargement de music_creator-> 3/331 | 0%
[2026-04-02 12:11:29] [INFO] Chargement de the_void-> 4/331 | 1%
[2026-04-02 12:11:29] [INFO] Chargement de the_void_full-> 5/331 | 1%
[2026-04-02 12:11:29] [INFO] Chargement de underground_1-> 6/331 | 1%
[2026-04-02 12:11:29] [INFO] Chargement de underground_2-> 7/331 | 2%
[2026-04-02 12:11:29] [INFO] Chargement de underground_3-> 8/331 | 2%
[2026-04-02 12:11:29] [INFO] Chargement de btn_play_menu-> 9/331 | 2%
[2026-04-02 12:11:29] [INFO] Chargement de btn_play_menu-> 9/331 | 2%
[2026-04-02 12:11:29] [INFO] Chargement de btn_boutique_menu-> 10/331 | 3%
[2026-04-02 12:11:29] [INFO] Chargement de btn_boutique_menu-> 10/331 | 3%
[2026-04-02 12:11:29] [INFO] Chargement de btn_option_menu-> 11/331 | 3%
[2026-04-02 12:11:29] [INFO] Chargement de btn_option_menu-> 11/331 | 3%
[2026-04-02 12:11:29] [INFO] Chargement de btn_play-> 12/331 | 3%
[2026-04-02 12:11:29] [INFO] Chargement de btn_play-> 12/331 | 3%
[2026-04-02 12:11:29] [INFO] Chargement de btn_quitter-> 13/331 | 3%
[2026-04-02 12:11:29] [INFO] Chargement de btn_quitter-> 13/331 | 3%
[2026-04-02 12:11:29] [INFO] Chargement de barre_laterale-> 16/331 | 4%
[2026-04-02 12:11:29] [INFO] Chargement de boutique_frame-> 18/331 | 5%
[2026-04-02 12:11:29] [INFO] Chargement de inventory-> 21/331 | 6%
[2026-04-02 12:11:29] [INFO] Chargement de danger-> 23/331 | 6%
[2026-04-02 12:11:29] [INFO] Chargement de dirt-> 25/331 | 7%
[2026-04-02 12:11:29] [INFO] Chargement de iron_ore-> 29/331 | 8%
[2026-04-02 12:11:30] [INFO] Chargement de bedrock-> 34/331 | 10%
[2026-04-02 12:11:30] [INFO] Chargement de raw_iron_block-> 40/331 | 12%
[2026-04-02 12:11:30] [INFO] Chargement de cobbled_deepslate-> 44/331 | 13%
[2026-04-02 12:11:30] [INFO] Chargement de deepslate-> 48/331 | 14%
[2026-04-02 12:11:30] [INFO] Chargement de robot_bug-> 52/331 | 15%
[2026-04-02 12:11:30] [INFO] Chargement de robot_3-> 56/331 | 16%
[2026-04-02 12:11:30] [INFO] Chargement de robot_7-> 60/331 | 18%
[2026-04-02 12:11:30] [INFO] Chargement de robot_40-> 64/331 | 19%
[2026-04-02 12:11:30] [INFO] Chargement de bird_0-> 69/331 | 20%
[2026-04-02 12:11:30] [INFO] Chargement de robot_3d_0001-> 73/331 | 22%
[2026-04-02 12:11:30] [INFO] Chargement de robot_3d_0003-> 75/331 | 22%
[2026-04-02 12:11:30] [INFO] Chargement de robot_3d_0004-> 76/331 | 22%
[2026-04-02 12:11:30] [INFO] Chargement de robot_3d_0006-> 78/331 | 23%
[2026-04-02 12:11:30] [INFO] Chargement de robot_3d_0007-> 79/331 | 23%
[2026-04-02 12:11:30] [INFO] Chargement de robot_3d_0009-> 81/331 | 24%
[2026-04-02 12:11:30] [INFO] Chargement de robot_3d_0010-> 82/331 | 24%
[2026-04-02 12:11:30] [INFO] Chargement de robot_3d_0010-> 82/331 | 24%
[2026-04-02 12:11:30] [INFO] Chargement de robot_3d_0012-> 84/331 | 25%
[2026-04-02 12:11:30] [INFO] Chargement de robot_3d_0013-> 85/331 | 25%
[2026-04-02 12:11:30] [INFO] Chargement de robot_3d_0014-> 86/331 | 25%
[2026-04-02 12:11:30] [INFO] Chargement de robot_3d_0015-> 87/331 | 26%
[2026-04-02 12:11:30] [INFO] Chargement de robot_3d_0016-> 88/331 | 26%
[2026-04-02 12:11:31] [INFO] Chargement de robot_3d_0017-> 89/331 | 26%
[2026-04-02 12:11:31] [INFO] Chargement de robot_3d_0019-> 91/331 | 27%
[2026-04-02 12:11:31] [INFO] Chargement de robot_3d_0021-> 93/331 | 28%
[2026-04-02 12:11:31] [INFO] Chargement de robot_3d_0023-> 95/331 | 28%
[2026-04-02 12:11:31] [INFO] Chargement de robot_3d_0024-> 96/331 | 29%
[2026-04-02 12:11:31] [INFO] Chargement de robot_3d_0025-> 97/331 | 29%
[2026-04-02 12:11:31] [INFO] Chargement de robot_3d_0026-> 98/331 | 29%
[2026-04-02 12:11:31] [INFO] Chargement de robot_3d_0027-> 99/331 | 29%
[2026-04-02 12:11:31] [INFO] Chargement de robot_3d_0029-> 101/331 | 30%
[2026-04-02 12:11:31] [INFO] Chargement de robot_3d_0031-> 103/331 | 31%
[2026-04-02 12:11:31] [INFO] Chargement de robot_3d_0033-> 105/331 | 31%
[2026-04-02 12:11:31] [INFO] Chargement de robot_3d_0034-> 106/331 | 32%
[2026-04-02 12:11:31] [INFO] Chargement de robot_3d_0035-> 107/331 | 32%
[2026-04-02 12:11:31] [INFO] Chargement de robot_3d_0037-> 109/331 | 32%
[2026-04-02 12:11:31] [INFO] Chargement de robot_3d_0039-> 111/331 | 33%
[2026-04-02 12:11:31] [INFO] Chargement de robot_3d_0041-> 113/331 | 34%
[2026-04-02 12:11:31] [INFO] Chargement de robot_3d_0042-> 114/331 | 34%
[2026-04-02 12:11:31] [INFO] Chargement de robot_3d_0044-> 116/331 | 35%
[2026-04-02 12:11:31] [INFO] Chargement de robot_3d_0044-> 116/331 | 35%
[2026-04-02 12:11:31] [INFO] Chargement de robot_3d_0045-> 117/331 | 35%
[2026-04-02 12:11:31] [INFO] Chargement de robot_3d_0046-> 118/331 | 35%
[2026-04-02 12:11:31] [INFO] Chargement de robot_3d_0047-> 119/331 | 35%
[2026-04-02 12:11:32] [INFO] Chargement de robot_3d_0048-> 120/331 | 36%
[2026-04-02 12:11:32] [INFO] Chargement de robot_3d_0049-> 121/331 | 36%
[2026-04-02 12:11:32] [INFO] Chargement de robot_3d_0051-> 123/331 | 37%
[2026-04-02 12:11:32] [INFO] Chargement de robot_3d_0052-> 124/331 | 37%
[2026-04-02 12:11:32] [INFO] Chargement de robot_3d_0053-> 125/331 | 37%
[2026-04-02 12:11:32] [INFO] Chargement de robot_3d_0054-> 126/331 | 38%
[2026-04-02 12:11:32] [INFO] Chargement de robot_3d_0055-> 127/331 | 38%
[2026-04-02 12:11:32] [INFO] Chargement de robot_3d_0056-> 128/331 | 38%
[2026-04-02 12:11:32] [INFO] Chargement de robot_3d_0057-> 129/331 | 38%
[2026-04-02 12:11:32] [INFO] Chargement de robot_3d_0058-> 130/331 | 39%
[2026-04-02 12:11:32] [INFO] Chargement de robot_3d_0059-> 131/331 | 39%
[2026-04-02 12:11:32] [INFO] Chargement de robot_3d_0060-> 132/331 | 39%
[2026-04-02 12:11:32] [INFO] Chargement de robot_3d_0061-> 133/331 | 40%
[2026-04-02 12:11:32] [INFO] Chargement de robot_3d_0062-> 134/331 | 40%
[2026-04-02 12:11:32] [INFO] Chargement de robot_3d_0063-> 135/331 | 40%
[2026-04-02 12:11:32] [INFO] Chargement de robot_3d_0064-> 136/331 | 41%
[2026-04-02 12:11:32] [INFO] Chargement de robot_3d_0065-> 137/331 | 41%
[2026-04-02 12:11:32] [INFO] Chargement de robot_3d_0066-> 138/331 | 41%
[2026-04-02 12:11:32] [INFO] Chargement de robot_3d_0067-> 139/331 | 41%
[2026-04-02 12:11:32] [INFO] Chargement de robot_3d_0069-> 141/331 | 42%
[2026-04-02 12:11:32] [INFO] Chargement de robot_3d_0070-> 142/331 | 42%
[2026-04-02 12:11:32] [INFO] Chargement de robot_3d_0071-> 143/331 | 43%
[2026-04-02 12:11:32] [INFO] Chargement de robot_3d_0072-> 144/331 | 43%
[2026-04-02 12:11:32] [INFO] Chargement de robot_3d_0077-> 149/331 | 45%
[2026-04-02 12:11:32] [INFO] Chargement de robot_3d_0078-> 150/331 | 45%
[2026-04-02 12:11:32] [INFO] Chargement de robot_3d_0079-> 151/331 | 45%
[2026-04-02 12:11:32] [INFO] Chargement de robot_3d_0080-> 152/331 | 45%
[2026-04-02 12:11:32] [INFO] Chargement de robot_3d_0081-> 153/331 | 46%
[2026-04-02 12:11:32] [INFO] Chargement de robot_3d_0082-> 154/331 | 46%
[2026-04-02 12:11:32] [INFO] Chargement de robot_3d_0083-> 155/331 | 46%
[2026-04-02 12:11:33] [INFO] Chargement de robot_3d_0086-> 158/331 | 47%
[2026-04-02 12:11:33] [INFO] Chargement de robot_3d_0087-> 159/331 | 48%
[2026-04-02 12:11:33] [INFO] Chargement de robot_3d_0088-> 160/331 | 48%
[2026-04-02 12:11:33] [INFO] Chargement de robot_3d_0089-> 161/331 | 48%
[2026-04-02 12:11:33] [INFO] Chargement de robot_3d_0090-> 162/331 | 48%
[2026-04-02 12:11:33] [INFO] Chargement de robot_3d_0091-> 163/331 | 49%
[2026-04-02 12:11:33] [INFO] Chargement de robot_3d_0093-> 165/331 | 49%
[2026-04-02 12:11:33] [INFO] Chargement de robot_3d_0094-> 166/331 | 50%
[2026-04-02 12:11:33] [INFO] Chargement de robot_3d_0095-> 167/331 | 50%
[2026-04-02 12:11:33] [INFO] Chargement de robot_3d_0096-> 168/331 | 50%
[2026-04-02 12:11:33] [INFO] Chargement de robot_3d_0097-> 169/331 | 51%
[2026-04-02 12:11:33] [INFO] Chargement de robot_3d_0099-> 171/331 | 51%
[2026-04-02 12:11:33] [INFO] Chargement de robot_3d_0100-> 172/331 | 51%
[2026-04-02 12:11:33] [INFO] Chargement de robot_3d_0101-> 173/331 | 52%
[2026-04-02 12:11:33] [INFO] Chargement de robot_3d_0102-> 174/331 | 52%
[2026-04-02 12:11:33] [INFO] Chargement de robot_3d_0103-> 175/331 | 52%
[2026-04-02 12:11:33] [INFO] Chargement de robot_3d_0104-> 176/331 | 53%
[2026-04-02 12:11:33] [INFO] Chargement de robot_3d_0107-> 179/331 | 54%
[2026-04-02 12:11:33] [INFO] Chargement de robot_3d_0108-> 180/331 | 54%
[2026-04-02 12:11:33] [INFO] Chargement de robot_3d_0110-> 182/331 | 54%
[2026-04-02 12:11:33] [INFO] Chargement de robot_3d_0111-> 183/331 | 55%
[2026-04-02 12:11:33] [INFO] Chargement de robot_3d_0113-> 185/331 | 55%
[2026-04-02 12:11:33] [INFO] Chargement de robot_3d_0114-> 186/331 | 56%
[2026-04-02 12:11:33] [INFO] Chargement de robot_3d_0115-> 187/331 | 56%
[2026-04-02 12:11:33] [INFO] Chargement de robot_3d_0116-> 188/331 | 56%
[2026-04-02 12:11:33] [INFO] Chargement de robot_3d_0117-> 189/331 | 57%
[2026-04-02 12:11:33] [INFO] Chargement de robot_3d_0119-> 191/331 | 57%
[2026-04-02 12:11:33] [INFO] Chargement de robot_3d_0120-> 192/331 | 58%
[2026-04-02 12:11:33] [INFO] Chargement de robot_3d_0121-> 193/331 | 58%
[2026-04-02 12:11:33] [INFO] Chargement de robot_3d_0122-> 194/331 | 58%
[2026-04-02 12:11:33] [INFO] Chargement de robot_3d_0123-> 195/331 | 58%
[2026-04-02 12:11:33] [INFO] Chargement de robot_3d_0124-> 196/331 | 59%
[2026-04-02 12:11:33] [INFO] Chargement de robot_3d_0126-> 198/331 | 59%
[2026-04-02 12:11:33] [INFO] Chargement de robot_3d_0127-> 199/331 | 60%
[2026-04-02 12:11:34] [INFO] Chargement de robot_3d_0128-> 200/331 | 60%
[2026-04-02 12:11:34] [INFO] Chargement de robot_3d_0129-> 201/331 | 60%
[2026-04-02 12:11:34] [INFO] Chargement de robot_3d_0130-> 202/331 | 61%
[2026-04-02 12:11:34] [INFO] Chargement de robot_3d_0131-> 203/331 | 61%
[2026-04-02 12:11:34] [INFO] Chargement de robot_3d_0133-> 205/331 | 61%
[2026-04-02 12:11:34] [INFO] Chargement de robot_3d_0134-> 206/331 | 62%
[2026-04-02 12:11:34] [INFO] Chargement de robot_3d_0135-> 207/331 | 62%
[2026-04-02 12:11:34] [INFO] Chargement de robot_3d_0136-> 208/331 | 62%
[2026-04-02 12:11:34] [INFO] Chargement de robot_3d_0137-> 209/331 | 63%
[2026-04-02 12:11:34] [INFO] Chargement de robot_3d_0139-> 211/331 | 63%
[2026-04-02 12:11:34] [INFO] Chargement de robot_3d_0140-> 212/331 | 64%
[2026-04-02 12:11:34] [INFO] Chargement de robot_3d_0141-> 213/331 | 64%
[2026-04-02 12:11:34] [INFO] Chargement de robot_3d_0142-> 214/331 | 64%
[2026-04-02 12:11:34] [INFO] Chargement de robot_3d_0143-> 215/331 | 64%
[2026-04-02 12:11:34] [INFO] Chargement de robot_3d_0145-> 217/331 | 65%
[2026-04-02 12:11:34] [INFO] Chargement de robot_3d_0146-> 218/331 | 65%
[2026-04-02 12:11:34] [INFO] Chargement de robot_3d_0147-> 219/331 | 66%
[2026-04-02 12:11:34] [INFO] Chargement de robot_3d_0148-> 220/331 | 66%
[2026-04-02 12:11:34] [INFO] Chargement de robot_3d_0149-> 221/331 | 66%
[2026-04-02 12:11:34] [INFO] Chargement de robot_3d_0150-> 222/331 | 67%
[2026-04-02 12:11:34] [INFO] Chargement de robot_3d_0152-> 224/331 | 67%
[2026-04-02 12:11:34] [INFO] Chargement de robot_3d_0153-> 225/331 | 67%
[2026-04-02 12:11:34] [INFO] Chargement de robot_3d_0154-> 226/331 | 68%
[2026-04-02 12:11:34] [INFO] Chargement de robot_3d_0155-> 227/331 | 68%
[2026-04-02 12:11:34] [INFO] Chargement de robot_3d_0156-> 228/331 | 68%
[2026-04-02 12:11:34] [INFO] Chargement de robot_3d_0159-> 231/331 | 69%
[2026-04-02 12:11:34] [INFO] Chargement de robot_3d_0160-> 232/331 | 70%
[2026-04-02 12:11:34] [INFO] Chargement de robot_3d_0161-> 233/331 | 70%
[2026-04-02 12:11:34] [INFO] Chargement de robot_3d_0162-> 234/331 | 70%
[2026-04-02 12:11:34] [INFO] Chargement de robot_3d_0164-> 236/331 | 71%
[2026-04-02 12:11:34] [INFO] Chargement de robot_3d_0165-> 237/331 | 71%
[2026-04-02 12:11:34] [INFO] Chargement de robot_3d_0166-> 238/331 | 71%
[2026-04-02 12:11:34] [INFO] Chargement de robot_3d_0167-> 239/331 | 72%
[2026-04-02 12:11:34] [INFO] Chargement de robot_3d_0168-> 240/331 | 72%
[2026-04-02 12:11:34] [INFO] Chargement de robot_3d_0170-> 242/331 | 73%
[2026-04-02 12:11:35] [INFO] Chargement de robot_3d_0171-> 243/331 | 73%
[2026-04-02 12:11:35] [INFO] Chargement de robot_3d_0173-> 245/331 | 74%
[2026-04-02 12:11:35] [INFO] Chargement de robot_3d_0174-> 246/331 | 74%
[2026-04-02 12:11:35] [INFO] Chargement de robot_3d_0176-> 248/331 | 74%
[2026-04-02 12:11:35] [INFO] Chargement de robot_3d_0177-> 249/331 | 75%
[2026-04-02 12:11:35] [INFO] Chargement de robot_3d_0178-> 250/331 | 75%
[2026-04-02 12:11:35] [INFO] Chargement de robot_3d_0179-> 251/331 | 75%
[2026-04-02 12:11:35] [INFO] Chargement de robot_3d_0180-> 252/331 | 76%
[2026-04-02 12:11:35] [INFO] Chargement de robot_3d_0181-> 253/331 | 76%
[2026-04-02 12:11:35] [INFO] Chargement de robot_3d_0184-> 256/331 | 77%
[2026-04-02 12:11:35] [INFO] Chargement de robot_3d_0185-> 257/331 | 77%
[2026-04-02 12:11:35] [INFO] Chargement de robot_3d_0186-> 258/331 | 77%
[2026-04-02 12:11:35] [INFO] Chargement de robot_3d_0187-> 259/331 | 78%
[2026-04-02 12:11:35] [INFO] Chargement de robot_3d_0188-> 260/331 | 78%
[2026-04-02 12:11:35] [INFO] Chargement de robot_3d_0190-> 262/331 | 79%
[2026-04-02 12:11:35] [INFO] Chargement de robot_3d_0191-> 263/331 | 79%
[2026-04-02 12:11:35] [INFO] Chargement de robot_3d_0192-> 264/331 | 79%
[2026-04-02 12:11:35] [INFO] Chargement de robot_3d_0193-> 265/331 | 80%
[2026-04-02 12:11:35] [INFO] Chargement de robot_3d_0194-> 266/331 | 80%
[2026-04-02 12:11:35] [INFO] Chargement de robot_3d_0195-> 267/331 | 80%
[2026-04-02 12:11:35] [INFO] Chargement de robot_3d_0197-> 269/331 | 81%
[2026-04-02 12:11:35] [INFO] Chargement de robot_3d_0198-> 270/331 | 81%
[2026-04-02 12:11:35] [INFO] Chargement de robot_3d_0199-> 271/331 | 81%
[2026-04-02 12:11:35] [INFO] Chargement de robot_3d_0200-> 272/331 | 82%
[2026-04-02 12:11:35] [INFO] Chargement de robot_3d_0201-> 273/331 | 82%
[2026-04-02 12:11:35] [INFO] Chargement de robot_3d_0202-> 274/331 | 82%
[2026-04-02 12:11:35] [INFO] Chargement de robot_3d_0204-> 276/331 | 83%
[2026-04-02 12:11:35] [INFO] Chargement de robot_3d_0206-> 278/331 | 83%
[2026-04-02 12:11:35] [INFO] Chargement de robot_3d_0207-> 279/331 | 84%
[2026-04-02 12:11:35] [INFO] Chargement de robot_3d_0207-> 279/331 | 84%
[2026-04-02 12:11:35] [INFO] Chargement de robot_3d_0208-> 280/331 | 84%
[2026-04-02 12:11:35] [INFO] Chargement de robot_3d_0210-> 282/331 | 85%
[2026-04-02 12:11:35] [INFO] Chargement de robot_3d_0211-> 283/331 | 85%
[2026-04-02 12:11:35] [INFO] Chargement de robot_3d_0212-> 284/331 | 85%
[2026-04-02 12:11:35] [INFO] Chargement de robot_3d_0213-> 285/331 | 86%
[2026-04-02 12:11:36] [INFO] Chargement de robot_3d_0215-> 287/331 | 86%
[2026-04-02 12:11:36] [INFO] Chargement de robot_3d_0216-> 288/331 | 87%
[2026-04-02 12:11:36] [INFO] Chargement de robot_3d_0217-> 289/331 | 87%
[2026-04-02 12:11:36] [INFO] Chargement de robot_3d_0218-> 290/331 | 87%
[2026-04-02 12:11:36] [INFO] Chargement de robot_3d_0219-> 291/331 | 87%
[2026-04-02 12:11:36] [INFO] Chargement de robot_3d_0221-> 293/331 | 88%
[2026-04-02 12:11:36] [INFO] Chargement de robot_3d_0222-> 294/331 | 88%
[2026-04-02 12:11:36] [INFO] Chargement de robot_3d_0223-> 295/331 | 89%
[2026-04-02 12:11:36] [INFO] Chargement de robot_3d_0224-> 296/331 | 89%
[2026-04-02 12:11:36] [INFO] Chargement de robot_3d_0225-> 297/331 | 89%
[2026-04-02 12:11:36] [INFO] Chargement de robot_3d_0226-> 298/331 | 90%
[2026-04-02 12:11:36] [INFO] Chargement de robot_3d_0228-> 300/331 | 90%
[2026-04-02 12:11:36] [INFO] Chargement de robot_3d_0229-> 301/331 | 90%
[2026-04-02 12:11:36] [INFO] Chargement de robot_3d_0230-> 302/331 | 91%
[2026-04-02 12:11:36] [INFO] Chargement de robot_3d_0231-> 303/331 | 91%
[2026-04-02 12:11:36] [INFO] Chargement de robot_3d_0232-> 304/331 | 91%
[2026-04-02 12:11:36] [INFO] Chargement de robot_3d_0234-> 306/331 | 92%
[2026-04-02 12:11:36] [INFO] Chargement de robot_3d_0235-> 307/331 | 92%
[2026-04-02 12:11:36] [INFO] Chargement de robot_3d_0236-> 308/331 | 93%
[2026-04-02 12:11:36] [INFO] Chargement de robot_3d_0237-> 309/331 | 93%
[2026-04-02 12:11:36] [INFO] Chargement de robot_3d_0238-> 310/331 | 93%
[2026-04-02 12:11:36] [INFO] Chargement de robot_3d_0240-> 312/331 | 94%
[2026-04-02 12:11:36] [INFO] Chargement de water_2-> 315/331 | 95%
[2026-04-02 12:11:36] [INFO] Chargement de water_5-> 318/331 | 96%
[2026-04-02 12:11:36] [INFO] Chargement de lava_0-> 321/331 | 96%
[2026-04-02 12:11:36] [INFO] Assets chargés, redirect vers play_menu
[2026-04-02 12:11:36] [INFO] Entrez dans play_menu avec le compte test1.json
[2026-04-02 12:12:10] [INFO] 



+///////////////////////////////////////////////////////////////////////////+

                Démarrage de Nexus Extraction

+///////////////////////////////////////////////////////////////////////////+

[2026-04-02 12:12:10] [INFO] 
+---------------------------- Bienvenue ! ----------------------------+

Bienvenue dans Nexus Extraction. Si vous lisez ceci, c’est que vous vous
trouvez actuellement dans les logs du jeu. Si vous êtes un joueur lambda,
cette fenêtre ne vous intéressera pas, mais ne la fermez pas, car cette
action entraînera la fermeture du jeu.

En cas de problème ou de plantage du jeu, merci de contacter le développeur
à l’adresse e-mail suivante : mouyelv@sjb-liege.org
en joignant les fichiers de logs qui se trouvent dans le dossier "logs/".

Merci de jouer à Nexus Extraction et bon jeu ;)

+-------------------------------- LOGS --------------------------------+

[2026-04-02 12:12:10] [INFO] Main Menu
[2026-04-02 12:12:12] [INFO] Entrez dans compte
[2026-04-02 12:12:13] [INFO] Entrez dans load_menu avec le compte -> test1.json
[2026-04-02 12:12:13] [INFO] Chargement de creator-> 2/331 | 0%
[2026-04-02 12:12:13] [INFO] Chargement de creator-> 2/331 | 0%
[2026-04-02 12:12:13] [INFO] Chargement de music_creator-> 3/331 | 0%
[2026-04-02 12:12:13] [INFO] Chargement de the_void-> 4/331 | 1%
[2026-04-02 12:12:13] [INFO] Chargement de the_void_full-> 5/331 | 1%
[2026-04-02 12:12:13] [INFO] Chargement de underground_2-> 7/331 | 2%
[2026-04-02 12:12:13] [INFO] Chargement de underground_2-> 7/331 | 2%
[2026-04-02 12:12:13] [INFO] Chargement de underground_3-> 8/331 | 2%
[2026-04-02 12:12:13] [INFO] Chargement de btn_play_menu-> 9/331 | 2%
[2026-04-02 12:12:13] [INFO] Chargement de btn_play_menu-> 9/331 | 2%
[2026-04-02 12:12:13] [INFO] Chargement de btn_boutique_menu-> 10/331 | 3%
[2026-04-02 12:12:13] [INFO] Chargement de btn_boutique_menu-> 10/331 | 3%
[2026-04-02 12:12:14] [INFO] Chargement de btn_option_menu-> 11/331 | 3%
[2026-04-02 12:12:14] [INFO] Chargement de btn_option_menu-> 11/331 | 3%
[2026-04-02 12:12:14] [INFO] Chargement de btn_option_menu-> 11/331 | 3%
[2026-04-02 12:12:14] [INFO] Chargement de btn_play-> 12/331 | 3%
[2026-04-02 12:12:14] [INFO] Chargement de btn_play-> 12/331 | 3%
[2026-04-02 12:12:14] [INFO] Chargement de btn_quitter-> 13/331 | 3%
[2026-04-02 12:12:14] [INFO] Chargement de btn_quitter-> 13/331 | 3%
[2026-04-02 12:12:14] [INFO] Chargement de btn_quitter-> 13/331 | 3%
[2026-04-02 12:12:14] [INFO] Chargement de barre_laterale-> 16/331 | 4%
[2026-04-02 12:12:14] [INFO] Chargement de boutique_frame-> 18/331 | 5%
[2026-04-02 12:12:14] [INFO] Chargement de boutique_energy-> 19/331 | 5%
[2026-04-02 12:12:14] [INFO] Chargement de inventory-> 21/331 | 6%
[2026-04-02 12:12:14] [INFO] Chargement de danger-> 23/331 | 6%
[2026-04-02 12:12:14] [INFO] Chargement de dirt-> 25/331 | 7%
[2026-04-02 12:12:14] [INFO] Chargement de oak_planks-> 32/331 | 9%
[2026-04-02 12:12:14] [INFO] Chargement de lapis_ore-> 46/331 | 13%
[2026-04-02 12:12:14] [INFO] Chargement de robot_2-> 55/331 | 16%
[2026-04-02 12:12:14] [INFO] Chargement de robot_30-> 63/331 | 19%
[2026-04-02 12:12:14] [INFO] Chargement de bird_0-> 69/331 | 20%
[2026-04-02 12:12:14] [INFO] Chargement de robot_3d_0002-> 74/331 | 22%
[2026-04-02 12:12:14] [INFO] Chargement de robot_3d_0002-> 74/331 | 22%
[2026-04-02 12:12:14] [INFO] Chargement de robot_3d_0004-> 76/331 | 22%
[2026-04-02 12:12:14] [INFO] Chargement de robot_3d_0006-> 78/331 | 23%
[2026-04-02 12:12:14] [INFO] Chargement de robot_3d_0006-> 78/331 | 23%
[2026-04-02 12:12:14] [INFO] Chargement de robot_3d_0009-> 81/331 | 24%
[2026-04-02 12:12:14] [INFO] Chargement de robot_3d_0009-> 81/331 | 24%
[2026-04-02 12:12:14] [INFO] Chargement de robot_3d_0010-> 82/331 | 24%
[2026-04-02 12:12:14] [INFO] Chargement de robot_3d_0012-> 84/331 | 25%
[2026-04-02 12:12:14] [INFO] Chargement de robot_3d_0014-> 86/331 | 25%
[2026-04-02 12:12:14] [INFO] Chargement de robot_3d_0014-> 86/331 | 25%
[2026-04-02 12:12:14] [INFO] Chargement de robot_3d_0015-> 87/331 | 26%
[2026-04-02 12:12:14] [INFO] Chargement de robot_3d_0016-> 88/331 | 26%
[2026-04-02 12:12:14] [INFO] Chargement de robot_3d_0018-> 90/331 | 27%
[2026-04-02 12:12:14] [INFO] Chargement de robot_3d_0019-> 91/331 | 27%
[2026-04-02 12:12:14] [INFO] Chargement de robot_3d_0020-> 92/331 | 27%
[2026-04-02 12:12:14] [INFO] Chargement de robot_3d_0021-> 93/331 | 28%
[2026-04-02 12:12:14] [INFO] Chargement de robot_3d_0022-> 94/331 | 28%
[2026-04-02 12:12:14] [INFO] Chargement de robot_3d_0023-> 95/331 | 28%
[2026-04-02 12:12:14] [INFO] Chargement de robot_3d_0025-> 97/331 | 29%
[2026-04-02 12:12:14] [INFO] Chargement de robot_3d_0025-> 97/331 | 29%
[2026-04-02 12:12:14] [INFO] Chargement de robot_3d_0027-> 99/331 | 29%
[2026-04-02 12:12:14] [INFO] Chargement de robot_3d_0028-> 100/331 | 30%
[2026-04-02 12:12:14] [INFO] Chargement de robot_3d_0028-> 100/331 | 30%
[2026-04-02 12:12:14] [INFO] Chargement de robot_3d_0029-> 101/331 | 30%
[2026-04-02 12:12:14] [INFO] Chargement de robot_3d_0030-> 102/331 | 30%
[2026-04-02 12:12:14] [INFO] Chargement de robot_3d_0032-> 104/331 | 31%
[2026-04-02 12:12:14] [INFO] Chargement de robot_3d_0034-> 106/331 | 32%
[2026-04-02 12:12:14] [INFO] Chargement de robot_3d_0034-> 106/331 | 32%
[2026-04-02 12:12:14] [INFO] Chargement de robot_3d_0035-> 107/331 | 32%
[2026-04-02 12:12:14] [INFO] Chargement de robot_3d_0037-> 109/331 | 32%
[2026-04-02 12:12:14] [INFO] Chargement de robot_3d_0038-> 110/331 | 33%
[2026-04-02 12:12:14] [INFO] Chargement de robot_3d_0038-> 110/331 | 33%
[2026-04-02 12:12:14] [INFO] Chargement de robot_3d_0040-> 112/331 | 33%
[2026-04-02 12:12:14] [INFO] Chargement de robot_3d_0041-> 113/331 | 34%
[2026-04-02 12:12:14] [INFO] Chargement de robot_3d_0042-> 114/331 | 34%
[2026-04-02 12:12:14] [INFO] Chargement de robot_3d_0043-> 115/331 | 34%
[2026-04-02 12:12:14] [INFO] Chargement de robot_3d_0044-> 116/331 | 35%
[2026-04-02 12:12:14] [INFO] Chargement de robot_3d_0046-> 118/331 | 35%
[2026-04-02 12:12:14] [INFO] Chargement de robot_3d_0048-> 120/331 | 36%
[2026-04-02 12:12:14] [INFO] Chargement de robot_3d_0050-> 122/331 | 36%
[2026-04-02 12:12:14] [INFO] Chargement de robot_3d_0052-> 124/331 | 37%
[2026-04-02 12:12:15] [INFO] Chargement de robot_3d_0053-> 125/331 | 37%
[2026-04-02 12:12:15] [INFO] Chargement de robot_3d_0054-> 126/331 | 38%
[2026-04-02 12:12:15] [INFO] Chargement de robot_3d_0057-> 129/331 | 38%
[2026-04-02 12:12:15] [INFO] Chargement de robot_3d_0059-> 131/331 | 39%
[2026-04-02 12:12:15] [INFO] Chargement de robot_3d_0060-> 132/331 | 39%
[2026-04-02 12:12:15] [INFO] Chargement de robot_3d_0062-> 134/331 | 40%
[2026-04-02 12:12:15] [INFO] Chargement de robot_3d_0064-> 136/331 | 41%
[2026-04-02 12:12:15] [INFO] Chargement de robot_3d_0065-> 137/331 | 41%
[2026-04-02 12:12:15] [INFO] Chargement de robot_3d_0066-> 138/331 | 41%
[2026-04-02 12:12:15] [INFO] Chargement de robot_3d_0067-> 139/331 | 41%
[2026-04-02 12:12:15] [INFO] Chargement de robot_3d_0069-> 141/331 | 42%
[2026-04-02 12:12:15] [INFO] Chargement de robot_3d_0070-> 142/331 | 42%
[2026-04-02 12:12:15] [INFO] Chargement de robot_3d_0070-> 142/331 | 42%
[2026-04-02 12:12:15] [INFO] Chargement de robot_3d_0072-> 144/331 | 43%
[2026-04-02 12:12:15] [INFO] Chargement de robot_3d_0073-> 145/331 | 43%
[2026-04-02 12:12:15] [INFO] Chargement de robot_3d_0075-> 147/331 | 44%
[2026-04-02 12:12:15] [INFO] Chargement de robot_3d_0076-> 148/331 | 44%
[2026-04-02 12:12:15] [INFO] Chargement de robot_3d_0077-> 149/331 | 45%
[2026-04-02 12:12:15] [INFO] Chargement de robot_3d_0079-> 151/331 | 45%
[2026-04-02 12:12:15] [INFO] Chargement de robot_3d_0081-> 153/331 | 46%
[2026-04-02 12:12:15] [INFO] Chargement de robot_3d_0081-> 153/331 | 46%
[2026-04-02 12:12:15] [INFO] Chargement de robot_3d_0083-> 155/331 | 46%
[2026-04-02 12:12:15] [INFO] Chargement de robot_3d_0085-> 157/331 | 47%
[2026-04-02 12:12:15] [INFO] Chargement de robot_3d_0086-> 158/331 | 47%
[2026-04-02 12:12:15] [INFO] Chargement de robot_3d_0087-> 159/331 | 48%
[2026-04-02 12:12:15] [INFO] Chargement de robot_3d_0089-> 161/331 | 48%
[2026-04-02 12:12:15] [INFO] Chargement de robot_3d_0091-> 163/331 | 49%
[2026-04-02 12:12:15] [INFO] Chargement de robot_3d_0092-> 164/331 | 49%
[2026-04-02 12:12:15] [INFO] Chargement de robot_3d_0094-> 166/331 | 50%
[2026-04-02 12:12:15] [INFO] Chargement de robot_3d_0095-> 167/331 | 50%
[2026-04-02 12:12:15] [INFO] Chargement de robot_3d_0096-> 168/331 | 50%
[2026-04-02 12:12:15] [INFO] Chargement de robot_3d_0097-> 169/331 | 51%
[2026-04-02 12:12:15] [INFO] Chargement de robot_3d_0099-> 171/331 | 51%
[2026-04-02 12:12:15] [INFO] Chargement de robot_3d_0100-> 172/331 | 51%
[2026-04-02 12:12:15] [INFO] Chargement de robot_3d_0102-> 174/331 | 52%
[2026-04-02 12:12:15] [INFO] Chargement de robot_3d_0104-> 176/331 | 53%
[2026-04-02 12:12:15] [INFO] Chargement de robot_3d_0104-> 176/331 | 53%
[2026-04-02 12:12:15] [INFO] Chargement de robot_3d_0106-> 178/331 | 53%
[2026-04-02 12:12:15] [INFO] Chargement de robot_3d_0107-> 179/331 | 54%
[2026-04-02 12:12:15] [INFO] Chargement de robot_3d_0109-> 181/331 | 54%
[2026-04-02 12:12:15] [INFO] Chargement de robot_3d_0111-> 183/331 | 55%
[2026-04-02 12:12:15] [INFO] Chargement de robot_3d_0113-> 185/331 | 55%
[2026-04-02 12:12:15] [INFO] Chargement de robot_3d_0114-> 186/331 | 56%
[2026-04-02 12:12:15] [INFO] Chargement de robot_3d_0116-> 188/331 | 56%
[2026-04-02 12:12:15] [INFO] Chargement de robot_3d_0117-> 189/331 | 57%
[2026-04-02 12:12:15] [INFO] Chargement de robot_3d_0118-> 190/331 | 57%
[2026-04-02 12:12:15] [INFO] Chargement de robot_3d_0120-> 192/331 | 58%
[2026-04-02 12:12:15] [INFO] Chargement de robot_3d_0121-> 193/331 | 58%
[2026-04-02 12:12:15] [INFO] Chargement de robot_3d_0122-> 194/331 | 58%
[2026-04-02 12:12:15] [INFO] Chargement de robot_3d_0123-> 195/331 | 58%
[2026-04-02 12:12:15] [INFO] Chargement de robot_3d_0124-> 196/331 | 59%
[2026-04-02 12:12:15] [INFO] Chargement de robot_3d_0125-> 197/331 | 59%
[2026-04-02 12:12:15] [INFO] Chargement de robot_3d_0126-> 198/331 | 59%
[2026-04-02 12:12:15] [INFO] Chargement de robot_3d_0127-> 199/331 | 60%
[2026-04-02 12:12:15] [INFO] Chargement de robot_3d_0128-> 200/331 | 60%
[2026-04-02 12:12:15] [INFO] Chargement de robot_3d_0129-> 201/331 | 60%
[2026-04-02 12:12:15] [INFO] Chargement de robot_3d_0131-> 203/331 | 61%
[2026-04-02 12:12:15] [INFO] Chargement de robot_3d_0132-> 204/331 | 61%
[2026-04-02 12:12:15] [INFO] Chargement de robot_3d_0133-> 205/331 | 61%
[2026-04-02 12:12:15] [INFO] Chargement de robot_3d_0134-> 206/331 | 62%
[2026-04-02 12:12:15] [INFO] Chargement de robot_3d_0135-> 207/331 | 62%
[2026-04-02 12:12:15] [INFO] Chargement de robot_3d_0136-> 208/331 | 62%
[2026-04-02 12:12:15] [INFO] Chargement de robot_3d_0137-> 209/331 | 63%
[2026-04-02 12:12:15] [INFO] Chargement de robot_3d_0138-> 210/331 | 63%
[2026-04-02 12:12:15] [INFO] Chargement de robot_3d_0139-> 211/331 | 63%
[2026-04-02 12:12:15] [INFO] Chargement de robot_3d_0140-> 212/331 | 64%
[2026-04-02 12:12:15] [INFO] Chargement de robot_3d_0141-> 213/331 | 64%
[2026-04-02 12:12:15] [INFO] Chargement de robot_3d_0143-> 215/331 | 64%
[2026-04-02 12:12:15] [INFO] Chargement de robot_3d_0145-> 217/331 | 65%
[2026-04-02 12:12:15] [INFO] Chargement de robot_3d_0146-> 218/331 | 65%
[2026-04-02 12:12:15] [INFO] Chargement de robot_3d_0148-> 220/331 | 66%
[2026-04-02 12:12:15] [INFO] Chargement de robot_3d_0150-> 222/331 | 67%
[2026-04-02 12:12:15] [INFO] Chargement de robot_3d_0151-> 223/331 | 67%
[2026-04-02 12:12:15] [INFO] Chargement de robot_3d_0153-> 225/331 | 67%
[2026-04-02 12:12:15] [INFO] Chargement de robot_3d_0154-> 226/331 | 68%
[2026-04-02 12:12:15] [INFO] Chargement de robot_3d_0155-> 227/331 | 68%
[2026-04-02 12:12:15] [INFO] Chargement de robot_3d_0156-> 228/331 | 68%
[2026-04-02 12:12:15] [INFO] Chargement de robot_3d_0158-> 230/331 | 69%
[2026-04-02 12:12:15] [INFO] Chargement de robot_3d_0159-> 231/331 | 69%
[2026-04-02 12:12:15] [INFO] Chargement de robot_3d_0159-> 231/331 | 69%
[2026-04-02 12:12:15] [INFO] Chargement de robot_3d_0161-> 233/331 | 70%
[2026-04-02 12:12:15] [INFO] Chargement de robot_3d_0162-> 234/331 | 70%
[2026-04-02 12:12:15] [INFO] Chargement de robot_3d_0164-> 236/331 | 71%
[2026-04-02 12:12:15] [INFO] Chargement de robot_3d_0166-> 238/331 | 71%
[2026-04-02 12:12:15] [INFO] Chargement de robot_3d_0166-> 238/331 | 71%
[2026-04-02 12:12:15] [INFO] Chargement de robot_3d_0168-> 240/331 | 72%
[2026-04-02 12:12:15] [INFO] Chargement de robot_3d_0169-> 241/331 | 72%
[2026-04-02 12:12:15] [INFO] Chargement de robot_3d_0170-> 242/331 | 73%
[2026-04-02 12:12:15] [INFO] Chargement de robot_3d_0171-> 243/331 | 73%
[2026-04-02 12:12:15] [INFO] Chargement de robot_3d_0173-> 245/331 | 74%
[2026-04-02 12:12:15] [INFO] Chargement de robot_3d_0175-> 247/331 | 74%
[2026-04-02 12:12:15] [INFO] Chargement de robot_3d_0176-> 248/331 | 74%
[2026-04-02 12:12:15] [INFO] Chargement de robot_3d_0178-> 250/331 | 75%
[2026-04-02 12:12:15] [INFO] Chargement de robot_3d_0179-> 251/331 | 75%
[2026-04-02 12:12:15] [INFO] Chargement de robot_3d_0180-> 252/331 | 76%
[2026-04-02 12:12:15] [INFO] Chargement de robot_3d_0181-> 253/331 | 76%
[2026-04-02 12:12:15] [INFO] Chargement de robot_3d_0182-> 254/331 | 76%
[2026-04-02 12:12:15] [INFO] Chargement de robot_3d_0183-> 255/331 | 77%
[2026-04-02 12:12:15] [INFO] Chargement de robot_3d_0185-> 257/331 | 77%
[2026-04-02 12:12:15] [INFO] Chargement de robot_3d_0186-> 258/331 | 77%
[2026-04-02 12:12:15] [INFO] Chargement de robot_3d_0187-> 259/331 | 78%
[2026-04-02 12:12:15] [INFO] Chargement de robot_3d_0188-> 260/331 | 78%
[2026-04-02 12:12:15] [INFO] Chargement de robot_3d_0190-> 262/331 | 79%
[2026-04-02 12:12:15] [INFO] Chargement de robot_3d_0190-> 262/331 | 79%
[2026-04-02 12:12:16] [INFO] Chargement de robot_3d_0191-> 263/331 | 79%
[2026-04-02 12:12:16] [INFO] Chargement de robot_3d_0193-> 265/331 | 80%
[2026-04-02 12:12:16] [INFO] Chargement de robot_3d_0193-> 265/331 | 80%
[2026-04-02 12:12:16] [INFO] Chargement de robot_3d_0194-> 266/331 | 80%
[2026-04-02 12:12:16] [INFO] Chargement de robot_3d_0196-> 268/331 | 80%
[2026-04-02 12:12:16] [INFO] Chargement de robot_3d_0197-> 269/331 | 81%
[2026-04-02 12:12:16] [INFO] Chargement de robot_3d_0199-> 271/331 | 81%
[2026-04-02 12:12:16] [INFO] Chargement de robot_3d_0201-> 273/331 | 82%
[2026-04-02 12:12:16] [INFO] Chargement de robot_3d_0202-> 274/331 | 82%
[2026-04-02 12:12:16] [INFO] Chargement de robot_3d_0203-> 275/331 | 83%
[2026-04-02 12:12:16] [INFO] Chargement de robot_3d_0204-> 276/331 | 83%
[2026-04-02 12:12:16] [INFO] Chargement de robot_3d_0205-> 277/331 | 83%
[2026-04-02 12:12:16] [INFO] Chargement de robot_3d_0207-> 279/331 | 84%
[2026-04-02 12:12:16] [INFO] Chargement de robot_3d_0208-> 280/331 | 84%
[2026-04-02 12:12:16] [INFO] Chargement de robot_3d_0209-> 281/331 | 84%
[2026-04-02 12:12:16] [INFO] Chargement de robot_3d_0210-> 282/331 | 85%
[2026-04-02 12:12:16] [INFO] Chargement de robot_3d_0211-> 283/331 | 85%
[2026-04-02 12:12:16] [INFO] Chargement de robot_3d_0212-> 284/331 | 85%
[2026-04-02 12:12:16] [INFO] Chargement de robot_3d_0213-> 285/331 | 86%
[2026-04-02 12:12:16] [INFO] Chargement de robot_3d_0214-> 286/331 | 86%
[2026-04-02 12:12:16] [INFO] Chargement de robot_3d_0215-> 287/331 | 86%
[2026-04-02 12:12:16] [INFO] Chargement de robot_3d_0216-> 288/331 | 87%
[2026-04-02 12:12:16] [INFO] Chargement de robot_3d_0218-> 290/331 | 87%
[2026-04-02 12:12:16] [INFO] Chargement de robot_3d_0219-> 291/331 | 87%
[2026-04-02 12:12:16] [INFO] Chargement de robot_3d_0220-> 292/331 | 88%
[2026-04-02 12:12:16] [INFO] Chargement de robot_3d_0221-> 293/331 | 88%
[2026-04-02 12:12:16] [INFO] Chargement de robot_3d_0222-> 294/331 | 88%
[2026-04-02 12:12:16] [INFO] Chargement de robot_3d_0224-> 296/331 | 89%
[2026-04-02 12:12:16] [INFO] Chargement de robot_3d_0225-> 297/331 | 89%
[2026-04-02 12:12:16] [INFO] Chargement de robot_3d_0226-> 298/331 | 90%
[2026-04-02 12:12:16] [INFO] Chargement de robot_3d_0227-> 299/331 | 90%
[2026-04-02 12:12:16] [INFO] Chargement de robot_3d_0229-> 301/331 | 90%
[2026-04-02 12:12:16] [INFO] Chargement de robot_3d_0229-> 301/331 | 90%
[2026-04-02 12:12:16] [INFO] Chargement de robot_3d_0230-> 302/331 | 91%
[2026-04-02 12:12:16] [INFO] Chargement de robot_3d_0231-> 303/331 | 91%
[2026-04-02 12:12:16] [INFO] Chargement de robot_3d_0232-> 304/331 | 91%
[2026-04-02 12:12:16] [INFO] Chargement de robot_3d_0233-> 305/331 | 92%
[2026-04-02 12:12:16] [INFO] Chargement de robot_3d_0234-> 306/331 | 92%
[2026-04-02 12:12:16] [INFO] Chargement de robot_3d_0235-> 307/331 | 92%
[2026-04-02 12:12:16] [INFO] Chargement de robot_3d_0236-> 308/331 | 93%
[2026-04-02 12:12:16] [INFO] Chargement de robot_3d_0237-> 309/331 | 93%
[2026-04-02 12:12:16] [INFO] Chargement de robot_3d_0238-> 310/331 | 93%
[2026-04-02 12:12:16] [INFO] Chargement de robot_3d_0239-> 311/331 | 93%
[2026-04-02 12:12:16] [INFO] Chargement de robot_3d_0240-> 312/331 | 94%
[2026-04-02 12:12:16] [INFO] Chargement de water_7-> 320/331 | 96%
[2026-04-02 12:12:16] [INFO] Assets chargés, redirect vers play_menu
[2026-04-02 12:12:16] [INFO] Entrez dans play_menu avec le compte test1.json
[2026-04-02 12:12:45] [ERROR] play ->
Traceback (most recent call last):
  File "c:\Users\elvin\Desktop\informatique_tfe\tfe\src\data\object\games\play.py", line 252, in play
    maps,new_maps_check = robot.update(maps, collision_tiles)
                          ^^^^^^^^^^^^^^^^^^^^^^^^^^^^^^^^^^^
  File "c:\Users\elvin\Desktop\informatique_tfe\tfe\src\data\object\personnages\robot.py", line 208, in update
    maps = self.move_input(maps, collision_tiles)
           ^^^^^^^^^^^^^^^^^^^^^^^^^^^^^^^^^^^^^^
  File "c:\Users\elvin\Desktop\informatique_tfe\tfe\src\data\object\personnages\robot.py", line 184, in move_input
    self.remove_energy(1)
  File "c:\Users\elvin\Desktop\informatique_tfe\tfe\src\data\object\personnages\robot.py", line 76, in remove_energy
    self.end()
  File "c:\Users\elvin\Desktop\informatique_tfe\tfe\src\data\object\personnages\robot.py", line 71, in end
    finish_menu(self.block, self.compte_file, self.asset_manager, self.maps_level)
  File "c:\Users\elvin\Desktop\informatique_tfe\tfe\src\data\object\games\finish_menu.py", line 36, in finish_menu
    reward_final+= reward[str(block_list_str[i])]*REWARD_VALEUR[str(block_list_str[i])]
                              ~~~~~~~~~~~~~~^^^
IndexError: list index out of range
[2026-04-02 12:15:06] [INFO] 



+///////////////////////////////////////////////////////////////////////////+

                Démarrage de Nexus Extraction

+///////////////////////////////////////////////////////////////////////////+

[2026-04-02 12:15:06] [INFO] 
+---------------------------- Bienvenue ! ----------------------------+

Bienvenue dans Nexus Extraction. Si vous lisez ceci, c’est que vous vous
trouvez actuellement dans les logs du jeu. Si vous êtes un joueur lambda,
cette fenêtre ne vous intéressera pas, mais ne la fermez pas, car cette
action entraînera la fermeture du jeu.

En cas de problème ou de plantage du jeu, merci de contacter le développeur
à l’adresse e-mail suivante : mouyelv@sjb-liege.org
en joignant les fichiers de logs qui se trouvent dans le dossier "logs/".

Merci de jouer à Nexus Extraction et bon jeu ;)

+-------------------------------- LOGS --------------------------------+

[2026-04-02 12:15:06] [INFO] Main Menu
[2026-04-02 12:15:12] [INFO] Entrez dans compte
[2026-04-02 12:15:12] [INFO] Entrez dans load_menu avec le compte -> test1.json
[2026-04-02 12:15:12] [INFO] Chargement de title-> 1/331 | 0%
[2026-04-02 12:15:12] [INFO] Chargement de creator-> 2/331 | 0%
[2026-04-02 12:15:12] [INFO] Chargement de creator-> 2/331 | 0%
[2026-04-02 12:15:12] [INFO] Chargement de creator-> 2/331 | 0%
[2026-04-02 12:15:12] [INFO] Chargement de creator-> 2/331 | 0%
[2026-04-02 12:15:12] [INFO] Chargement de creator-> 2/331 | 0%
[2026-04-02 12:15:12] [INFO] Chargement de creator-> 2/331 | 0%
[2026-04-02 12:15:12] [INFO] Chargement de the_void-> 4/331 | 1%
[2026-04-02 12:15:13] [INFO] Chargement de the_void-> 4/331 | 1%
[2026-04-02 12:15:13] [INFO] Chargement de the_void_full-> 5/331 | 1%
[2026-04-02 12:15:13] [INFO] Chargement de underground_1-> 6/331 | 1%
[2026-04-02 12:15:13] [INFO] Chargement de underground_2-> 7/331 | 2%
[2026-04-02 12:15:13] [INFO] Chargement de underground_2-> 7/331 | 2%
[2026-04-02 12:15:13] [INFO] Chargement de underground_2-> 7/331 | 2%
[2026-04-02 12:15:13] [INFO] Chargement de underground_2-> 7/331 | 2%
[2026-04-02 12:15:13] [INFO] Chargement de underground_2-> 7/331 | 2%
[2026-04-02 12:15:13] [INFO] Chargement de underground_2-> 7/331 | 2%
[2026-04-02 12:15:13] [INFO] Chargement de underground_2-> 7/331 | 2%
[2026-04-02 12:15:13] [INFO] Chargement de underground_2-> 7/331 | 2%
[2026-04-02 12:15:13] [INFO] Chargement de underground_3-> 8/331 | 2%
[2026-04-02 12:15:13] [INFO] Chargement de btn_play_menu-> 9/331 | 2%
[2026-04-02 12:15:13] [INFO] Chargement de btn_play_menu-> 9/331 | 2%
[2026-04-02 12:15:13] [INFO] Chargement de btn_boutique_menu-> 10/331 | 3%
[2026-04-02 12:15:13] [INFO] Chargement de btn_boutique_menu-> 10/331 | 3%
[2026-04-02 12:15:13] [INFO] Chargement de btn_boutique_menu-> 10/331 | 3%
[2026-04-02 12:15:13] [INFO] Chargement de btn_option_menu-> 11/331 | 3%
[2026-04-02 12:15:13] [INFO] Chargement de btn_option_menu-> 11/331 | 3%
[2026-04-02 12:15:13] [INFO] Chargement de btn_play-> 12/331 | 3%
[2026-04-02 12:15:13] [INFO] Chargement de btn_play-> 12/331 | 3%
[2026-04-02 12:15:13] [INFO] Chargement de btn_quitter-> 13/331 | 3%
[2026-04-02 12:15:13] [INFO] Chargement de btn_quitter-> 13/331 | 3%
[2026-04-02 12:15:13] [INFO] Chargement de btn_quitter-> 13/331 | 3%
[2026-04-02 12:15:13] [INFO] Chargement de refresh_btn-> 15/331 | 4%
[2026-04-02 12:15:13] [INFO] Chargement de boutique_frame-> 18/331 | 5%
[2026-04-02 12:15:13] [INFO] Chargement de boutique_pression-> 20/331 | 6%
[2026-04-02 12:15:13] [INFO] Chargement de blue_storm-> 22/331 | 6%
[2026-04-02 12:15:13] [INFO] Chargement de dirt-> 25/331 | 7%
[2026-04-02 12:15:13] [INFO] Chargement de iron_ore-> 29/331 | 8%
[2026-04-02 12:15:13] [INFO] Chargement de oak_strairs_R-> 35/331 | 10%
[2026-04-02 12:15:13] [INFO] Chargement de deepslate_iron_ore-> 41/331 | 12%
[2026-04-02 12:15:13] [INFO] Chargement de lapis_ore-> 46/331 | 13%
[2026-04-02 12:15:13] [INFO] Chargement de water_full-> 50/331 | 15%
[2026-04-02 12:15:13] [INFO] Chargement de robot_1-> 54/331 | 16%
[2026-04-02 12:15:13] [INFO] Chargement de robot_6-> 59/331 | 17%
[2026-04-02 12:15:13] [INFO] Chargement de robot_30-> 63/331 | 19%
[2026-04-02 12:15:13] [INFO] Chargement de robot_100-> 68/331 | 20%
[2026-04-02 12:15:13] [INFO] Chargement de robot_3d_0001-> 73/331 | 22%
[2026-04-02 12:15:13] [INFO] Chargement de robot_3d_0002-> 74/331 | 22%
[2026-04-02 12:15:13] [INFO] Chargement de robot_3d_0004-> 76/331 | 22%
[2026-04-02 12:15:13] [INFO] Chargement de robot_3d_0005-> 77/331 | 23%
[2026-04-02 12:15:13] [INFO] Chargement de robot_3d_0007-> 79/331 | 23%
[2026-04-02 12:15:13] [INFO] Chargement de robot_3d_0007-> 79/331 | 23%
[2026-04-02 12:15:13] [INFO] Chargement de robot_3d_0008-> 80/331 | 24%
[2026-04-02 12:15:13] [INFO] Chargement de robot_3d_0010-> 82/331 | 24%
[2026-04-02 12:15:13] [INFO] Chargement de robot_3d_0010-> 82/331 | 24%
[2026-04-02 12:15:13] [INFO] Chargement de robot_3d_0012-> 84/331 | 25%
[2026-04-02 12:15:13] [INFO] Chargement de robot_3d_0013-> 85/331 | 25%
[2026-04-02 12:15:13] [INFO] Chargement de robot_3d_0013-> 85/331 | 25%
[2026-04-02 12:15:14] [INFO] Chargement de robot_3d_0015-> 87/331 | 26%
[2026-04-02 12:15:14] [INFO] Chargement de robot_3d_0016-> 88/331 | 26%
[2026-04-02 12:15:14] [INFO] Chargement de robot_3d_0017-> 89/331 | 26%
[2026-04-02 12:15:14] [INFO] Chargement de robot_3d_0019-> 91/331 | 27%
[2026-04-02 12:15:14] [INFO] Chargement de robot_3d_0020-> 92/331 | 27%
[2026-04-02 12:15:14] [INFO] Chargement de robot_3d_0021-> 93/331 | 28%
[2026-04-02 12:15:14] [INFO] Chargement de robot_3d_0023-> 95/331 | 28%
[2026-04-02 12:15:14] [INFO] Chargement de robot_3d_0024-> 96/331 | 29%
[2026-04-02 12:15:14] [INFO] Chargement de robot_3d_0026-> 98/331 | 29%
[2026-04-02 12:15:14] [INFO] Chargement de robot_3d_0027-> 99/331 | 29%
[2026-04-02 12:15:14] [INFO] Chargement de robot_3d_0028-> 100/331 | 30%
[2026-04-02 12:15:14] [INFO] Chargement de robot_3d_0030-> 102/331 | 30%
[2026-04-02 12:15:14] [INFO] Chargement de robot_3d_0032-> 104/331 | 31%
[2026-04-02 12:15:14] [INFO] Chargement de robot_3d_0033-> 105/331 | 31%
[2026-04-02 12:15:14] [INFO] Chargement de robot_3d_0034-> 106/331 | 32%
[2026-04-02 12:15:14] [INFO] Chargement de robot_3d_0035-> 107/331 | 32%
[2026-04-02 12:15:14] [INFO] Chargement de robot_3d_0037-> 109/331 | 32%
[2026-04-02 12:15:14] [INFO] Chargement de robot_3d_0038-> 110/331 | 33%
[2026-04-02 12:15:14] [INFO] Chargement de robot_3d_0039-> 111/331 | 33%
[2026-04-02 12:15:14] [INFO] Chargement de robot_3d_0041-> 113/331 | 34%
[2026-04-02 12:15:14] [INFO] Chargement de robot_3d_0042-> 114/331 | 34%
[2026-04-02 12:15:14] [INFO] Chargement de robot_3d_0043-> 115/331 | 34%
[2026-04-02 12:15:14] [INFO] Chargement de robot_3d_0044-> 116/331 | 35%
[2026-04-02 12:15:14] [INFO] Chargement de robot_3d_0045-> 117/331 | 35%
[2026-04-02 12:15:14] [INFO] Chargement de robot_3d_0046-> 118/331 | 35%
[2026-04-02 12:15:14] [INFO] Chargement de robot_3d_0047-> 119/331 | 35%
[2026-04-02 12:15:14] [INFO] Chargement de robot_3d_0048-> 120/331 | 36%
[2026-04-02 12:15:14] [INFO] Chargement de robot_3d_0049-> 121/331 | 36%
[2026-04-02 12:15:14] [INFO] Chargement de robot_3d_0050-> 122/331 | 36%
[2026-04-02 12:15:14] [INFO] Chargement de robot_3d_0051-> 123/331 | 37%
[2026-04-02 12:15:14] [INFO] Chargement de robot_3d_0052-> 124/331 | 37%
[2026-04-02 12:15:14] [INFO] Chargement de robot_3d_0053-> 125/331 | 37%
[2026-04-02 12:15:14] [INFO] Chargement de robot_3d_0054-> 126/331 | 38%
[2026-04-02 12:15:14] [INFO] Chargement de robot_3d_0055-> 127/331 | 38%
[2026-04-02 12:15:14] [INFO] Chargement de robot_3d_0056-> 128/331 | 38%
[2026-04-02 12:15:14] [INFO] Chargement de robot_3d_0057-> 129/331 | 38%
[2026-04-02 12:15:14] [INFO] Chargement de robot_3d_0058-> 130/331 | 39%
[2026-04-02 12:15:14] [INFO] Chargement de robot_3d_0059-> 131/331 | 39%
[2026-04-02 12:15:14] [INFO] Chargement de robot_3d_0060-> 132/331 | 39%
[2026-04-02 12:15:14] [INFO] Chargement de robot_3d_0061-> 133/331 | 40%
[2026-04-02 12:15:14] [INFO] Chargement de robot_3d_0062-> 134/331 | 40%
[2026-04-02 12:15:14] [INFO] Chargement de robot_3d_0063-> 135/331 | 40%
[2026-04-02 12:15:14] [INFO] Chargement de robot_3d_0064-> 136/331 | 41%
[2026-04-02 12:15:14] [INFO] Chargement de robot_3d_0065-> 137/331 | 41%
[2026-04-02 12:15:14] [INFO] Chargement de robot_3d_0066-> 138/331 | 41%
[2026-04-02 12:15:14] [INFO] Chargement de robot_3d_0067-> 139/331 | 41%
[2026-04-02 12:15:14] [INFO] Chargement de robot_3d_0068-> 140/331 | 42%
[2026-04-02 12:15:14] [INFO] Chargement de robot_3d_0069-> 141/331 | 42%
[2026-04-02 12:15:14] [INFO] Chargement de robot_3d_0070-> 142/331 | 42%
[2026-04-02 12:15:14] [INFO] Chargement de robot_3d_0071-> 143/331 | 43%
[2026-04-02 12:15:14] [INFO] Chargement de robot_3d_0072-> 144/331 | 43%
[2026-04-02 12:15:14] [INFO] Chargement de robot_3d_0074-> 146/331 | 44%
[2026-04-02 12:15:14] [INFO] Chargement de robot_3d_0075-> 147/331 | 44%
[2026-04-02 12:15:14] [INFO] Chargement de robot_3d_0076-> 148/331 | 44%
[2026-04-02 12:15:14] [INFO] Chargement de robot_3d_0077-> 149/331 | 45%
[2026-04-02 12:15:14] [INFO] Chargement de robot_3d_0078-> 150/331 | 45%
[2026-04-02 12:15:14] [INFO] Chargement de robot_3d_0079-> 151/331 | 45%
[2026-04-02 12:15:14] [INFO] Chargement de robot_3d_0080-> 152/331 | 45%
[2026-04-02 12:15:14] [INFO] Chargement de robot_3d_0081-> 153/331 | 46%
[2026-04-02 12:15:14] [INFO] Chargement de robot_3d_0082-> 154/331 | 46%
[2026-04-02 12:15:14] [INFO] Chargement de robot_3d_0083-> 155/331 | 46%
[2026-04-02 12:15:14] [INFO] Chargement de robot_3d_0084-> 156/331 | 47%
[2026-04-02 12:15:14] [INFO] Chargement de robot_3d_0085-> 157/331 | 47%
[2026-04-02 12:15:14] [INFO] Chargement de robot_3d_0087-> 159/331 | 48%
[2026-04-02 12:15:14] [INFO] Chargement de robot_3d_0089-> 161/331 | 48%
[2026-04-02 12:15:14] [INFO] Chargement de robot_3d_0091-> 163/331 | 49%
[2026-04-02 12:15:14] [INFO] Chargement de robot_3d_0092-> 164/331 | 49%
[2026-04-02 12:15:14] [INFO] Chargement de robot_3d_0094-> 166/331 | 50%
[2026-04-02 12:15:14] [INFO] Chargement de robot_3d_0095-> 167/331 | 50%
[2026-04-02 12:15:14] [INFO] Chargement de robot_3d_0096-> 168/331 | 50%
[2026-04-02 12:15:14] [INFO] Chargement de robot_3d_0098-> 170/331 | 51%
[2026-04-02 12:15:14] [INFO] Chargement de robot_3d_0099-> 171/331 | 51%
[2026-04-02 12:15:14] [INFO] Chargement de robot_3d_0100-> 172/331 | 51%
[2026-04-02 12:15:14] [INFO] Chargement de robot_3d_0102-> 174/331 | 52%
[2026-04-02 12:15:14] [INFO] Chargement de robot_3d_0103-> 175/331 | 52%
[2026-04-02 12:15:14] [INFO] Chargement de robot_3d_0104-> 176/331 | 53%
[2026-04-02 12:15:14] [INFO] Chargement de robot_3d_0106-> 178/331 | 53%
[2026-04-02 12:15:14] [INFO] Chargement de robot_3d_0107-> 179/331 | 54%
[2026-04-02 12:15:14] [INFO] Chargement de robot_3d_0109-> 181/331 | 54%
[2026-04-02 12:15:14] [INFO] Chargement de robot_3d_0110-> 182/331 | 54%
[2026-04-02 12:15:14] [INFO] Chargement de robot_3d_0111-> 183/331 | 55%
[2026-04-02 12:15:14] [INFO] Chargement de robot_3d_0113-> 185/331 | 55%
[2026-04-02 12:15:14] [INFO] Chargement de robot_3d_0114-> 186/331 | 56%
[2026-04-02 12:15:14] [INFO] Chargement de robot_3d_0115-> 187/331 | 56%
[2026-04-02 12:15:14] [INFO] Chargement de robot_3d_0117-> 189/331 | 57%
[2026-04-02 12:15:14] [INFO] Chargement de robot_3d_0118-> 190/331 | 57%
[2026-04-02 12:15:14] [INFO] Chargement de robot_3d_0119-> 191/331 | 57%
[2026-04-02 12:15:14] [INFO] Chargement de robot_3d_0120-> 192/331 | 58%
[2026-04-02 12:15:14] [INFO] Chargement de robot_3d_0121-> 193/331 | 58%
[2026-04-02 12:15:14] [INFO] Chargement de robot_3d_0122-> 194/331 | 58%
[2026-04-02 12:15:14] [INFO] Chargement de robot_3d_0123-> 195/331 | 58%
[2026-04-02 12:15:14] [INFO] Chargement de robot_3d_0124-> 196/331 | 59%
[2026-04-02 12:15:14] [INFO] Chargement de robot_3d_0125-> 197/331 | 59%
[2026-04-02 12:15:14] [INFO] Chargement de robot_3d_0127-> 199/331 | 60%
[2026-04-02 12:15:14] [INFO] Chargement de robot_3d_0129-> 201/331 | 60%
[2026-04-02 12:15:14] [INFO] Chargement de robot_3d_0131-> 203/331 | 61%
[2026-04-02 12:15:14] [INFO] Chargement de robot_3d_0132-> 204/331 | 61%
[2026-04-02 12:15:14] [INFO] Chargement de robot_3d_0133-> 205/331 | 61%
[2026-04-02 12:15:14] [INFO] Chargement de robot_3d_0134-> 206/331 | 62%
[2026-04-02 12:15:14] [INFO] Chargement de robot_3d_0135-> 207/331 | 62%
[2026-04-02 12:15:14] [INFO] Chargement de robot_3d_0136-> 208/331 | 62%
[2026-04-02 12:15:14] [INFO] Chargement de robot_3d_0137-> 209/331 | 63%
[2026-04-02 12:15:14] [INFO] Chargement de robot_3d_0138-> 210/331 | 63%
[2026-04-02 12:15:14] [INFO] Chargement de robot_3d_0139-> 211/331 | 63%
[2026-04-02 12:15:14] [INFO] Chargement de robot_3d_0140-> 212/331 | 64%
[2026-04-02 12:15:15] [INFO] Chargement de robot_3d_0141-> 213/331 | 64%
[2026-04-02 12:15:15] [INFO] Chargement de robot_3d_0143-> 215/331 | 64%
[2026-04-02 12:15:15] [INFO] Chargement de robot_3d_0144-> 216/331 | 65%
[2026-04-02 12:15:15] [INFO] Chargement de robot_3d_0145-> 217/331 | 65%
[2026-04-02 12:15:15] [INFO] Chargement de robot_3d_0147-> 219/331 | 66%
[2026-04-02 12:15:15] [INFO] Chargement de robot_3d_0149-> 221/331 | 66%
[2026-04-02 12:15:15] [INFO] Chargement de robot_3d_0150-> 222/331 | 67%
[2026-04-02 12:15:15] [INFO] Chargement de robot_3d_0152-> 224/331 | 67%
[2026-04-02 12:15:15] [INFO] Chargement de robot_3d_0153-> 225/331 | 67%
[2026-04-02 12:15:15] [INFO] Chargement de robot_3d_0154-> 226/331 | 68%
[2026-04-02 12:15:15] [INFO] Chargement de robot_3d_0155-> 227/331 | 68%
[2026-04-02 12:15:15] [INFO] Chargement de robot_3d_0156-> 228/331 | 68%
[2026-04-02 12:15:15] [INFO] Chargement de robot_3d_0157-> 229/331 | 69%
[2026-04-02 12:15:15] [INFO] Chargement de robot_3d_0158-> 230/331 | 69%
[2026-04-02 12:15:15] [INFO] Chargement de robot_3d_0159-> 231/331 | 69%
[2026-04-02 12:15:15] [INFO] Chargement de robot_3d_0160-> 232/331 | 70%
[2026-04-02 12:15:15] [INFO] Chargement de robot_3d_0161-> 233/331 | 70%
[2026-04-02 12:15:15] [INFO] Chargement de robot_3d_0162-> 234/331 | 70%
[2026-04-02 12:15:15] [INFO] Chargement de robot_3d_0163-> 235/331 | 70%
[2026-04-02 12:15:15] [INFO] Chargement de robot_3d_0164-> 236/331 | 71%
[2026-04-02 12:15:15] [INFO] Chargement de robot_3d_0165-> 237/331 | 71%
[2026-04-02 12:15:15] [INFO] Chargement de robot_3d_0166-> 238/331 | 71%
[2026-04-02 12:15:15] [INFO] Chargement de robot_3d_0167-> 239/331 | 72%
[2026-04-02 12:15:15] [INFO] Chargement de robot_3d_0169-> 241/331 | 72%
[2026-04-02 12:15:15] [INFO] Chargement de robot_3d_0169-> 241/331 | 72%
[2026-04-02 12:15:15] [INFO] Chargement de robot_3d_0170-> 242/331 | 73%
[2026-04-02 12:15:15] [INFO] Chargement de robot_3d_0171-> 243/331 | 73%
[2026-04-02 12:15:15] [INFO] Chargement de robot_3d_0173-> 245/331 | 74%
[2026-04-02 12:15:15] [INFO] Chargement de robot_3d_0174-> 246/331 | 74%
[2026-04-02 12:15:15] [INFO] Chargement de robot_3d_0175-> 247/331 | 74%
[2026-04-02 12:15:15] [INFO] Chargement de robot_3d_0176-> 248/331 | 74%
[2026-04-02 12:15:15] [INFO] Chargement de robot_3d_0177-> 249/331 | 75%
[2026-04-02 12:15:15] [INFO] Chargement de robot_3d_0178-> 250/331 | 75%
[2026-04-02 12:15:15] [INFO] Chargement de robot_3d_0179-> 251/331 | 75%
[2026-04-02 12:15:15] [INFO] Chargement de robot_3d_0180-> 252/331 | 76%
[2026-04-02 12:15:15] [INFO] Chargement de robot_3d_0181-> 253/331 | 76%
[2026-04-02 12:15:15] [INFO] Chargement de robot_3d_0182-> 254/331 | 76%
[2026-04-02 12:15:15] [INFO] Chargement de robot_3d_0183-> 255/331 | 77%
[2026-04-02 12:15:15] [INFO] Chargement de robot_3d_0184-> 256/331 | 77%
[2026-04-02 12:15:15] [INFO] Chargement de robot_3d_0185-> 257/331 | 77%
[2026-04-02 12:15:15] [INFO] Chargement de robot_3d_0186-> 258/331 | 77%
[2026-04-02 12:15:15] [INFO] Chargement de robot_3d_0187-> 259/331 | 78%
[2026-04-02 12:15:15] [INFO] Chargement de robot_3d_0188-> 260/331 | 78%
[2026-04-02 12:15:15] [INFO] Chargement de robot_3d_0189-> 261/331 | 78%
[2026-04-02 12:15:15] [INFO] Chargement de robot_3d_0190-> 262/331 | 79%
[2026-04-02 12:15:15] [INFO] Chargement de robot_3d_0191-> 263/331 | 79%
[2026-04-02 12:15:15] [INFO] Chargement de robot_3d_0192-> 264/331 | 79%
[2026-04-02 12:15:15] [INFO] Chargement de robot_3d_0194-> 266/331 | 80%
[2026-04-02 12:15:15] [INFO] Chargement de robot_3d_0195-> 267/331 | 80%
[2026-04-02 12:15:15] [INFO] Chargement de robot_3d_0196-> 268/331 | 80%
[2026-04-02 12:15:15] [INFO] Chargement de robot_3d_0197-> 269/331 | 81%
[2026-04-02 12:15:15] [INFO] Chargement de robot_3d_0198-> 270/331 | 81%
[2026-04-02 12:15:15] [INFO] Chargement de robot_3d_0199-> 271/331 | 81%
[2026-04-02 12:15:15] [INFO] Chargement de robot_3d_0200-> 272/331 | 82%
[2026-04-02 12:15:15] [INFO] Chargement de robot_3d_0201-> 273/331 | 82%
[2026-04-02 12:15:15] [INFO] Chargement de robot_3d_0202-> 274/331 | 82%
[2026-04-02 12:15:15] [INFO] Chargement de robot_3d_0203-> 275/331 | 83%
[2026-04-02 12:15:15] [INFO] Chargement de robot_3d_0204-> 276/331 | 83%
[2026-04-02 12:15:15] [INFO] Chargement de robot_3d_0206-> 278/331 | 83%
[2026-04-02 12:15:15] [INFO] Chargement de robot_3d_0207-> 279/331 | 84%
[2026-04-02 12:15:15] [INFO] Chargement de robot_3d_0208-> 280/331 | 84%
[2026-04-02 12:15:15] [INFO] Chargement de robot_3d_0210-> 282/331 | 85%
[2026-04-02 12:15:15] [INFO] Chargement de robot_3d_0211-> 283/331 | 85%
[2026-04-02 12:15:15] [INFO] Chargement de robot_3d_0212-> 284/331 | 85%
[2026-04-02 12:15:15] [INFO] Chargement de robot_3d_0213-> 285/331 | 86%
[2026-04-02 12:15:15] [INFO] Chargement de robot_3d_0214-> 286/331 | 86%
[2026-04-02 12:15:15] [INFO] Chargement de robot_3d_0216-> 288/331 | 87%
[2026-04-02 12:15:15] [INFO] Chargement de robot_3d_0217-> 289/331 | 87%
[2026-04-02 12:15:15] [INFO] Chargement de robot_3d_0218-> 290/331 | 87%
[2026-04-02 12:15:15] [INFO] Chargement de robot_3d_0220-> 292/331 | 88%
[2026-04-02 12:15:15] [INFO] Chargement de robot_3d_0221-> 293/331 | 88%
[2026-04-02 12:15:15] [INFO] Chargement de robot_3d_0222-> 294/331 | 88%
[2026-04-02 12:15:15] [INFO] Chargement de robot_3d_0223-> 295/331 | 89%
[2026-04-02 12:15:15] [INFO] Chargement de robot_3d_0225-> 297/331 | 89%
[2026-04-02 12:15:15] [INFO] Chargement de robot_3d_0226-> 298/331 | 90%
[2026-04-02 12:15:15] [INFO] Chargement de robot_3d_0226-> 298/331 | 90%
[2026-04-02 12:15:15] [INFO] Chargement de robot_3d_0227-> 299/331 | 90%
[2026-04-02 12:15:15] [INFO] Chargement de robot_3d_0228-> 300/331 | 90%
[2026-04-02 12:15:15] [INFO] Chargement de robot_3d_0229-> 301/331 | 90%
[2026-04-02 12:15:15] [INFO] Chargement de robot_3d_0230-> 302/331 | 91%
[2026-04-02 12:15:15] [INFO] Chargement de robot_3d_0231-> 303/331 | 91%
[2026-04-02 12:15:15] [INFO] Chargement de robot_3d_0232-> 304/331 | 91%
[2026-04-02 12:15:15] [INFO] Chargement de robot_3d_0234-> 306/331 | 92%
[2026-04-02 12:15:15] [INFO] Chargement de robot_3d_0234-> 306/331 | 92%
[2026-04-02 12:15:15] [INFO] Chargement de robot_3d_0235-> 307/331 | 92%
[2026-04-02 12:15:15] [INFO] Chargement de robot_3d_0236-> 308/331 | 93%
[2026-04-02 12:15:15] [INFO] Chargement de robot_3d_0237-> 309/331 | 93%
[2026-04-02 12:15:15] [INFO] Chargement de robot_3d_0238-> 310/331 | 93%
[2026-04-02 12:15:15] [INFO] Chargement de robot_3d_0240-> 312/331 | 94%
[2026-04-02 12:15:15] [INFO] Chargement de water_0-> 313/331 | 94%
[2026-04-02 12:15:15] [INFO] Chargement de water_2-> 315/331 | 95%
[2026-04-02 12:15:15] [INFO] Chargement de water_4-> 317/331 | 95%
[2026-04-02 12:15:15] [INFO] Chargement de water_7-> 320/331 | 96%
[2026-04-02 12:15:15] [INFO] Chargement de lava_4-> 325/331 | 98%
[2026-04-02 12:15:15] [INFO] Chargement de lava_7-> 328/331 | 99%
[2026-04-02 12:15:15] [INFO] Chargement de rocket_1-> 330/331 | 99%
[2026-04-02 12:15:16] [INFO] Assets chargés, redirect vers play_menu
[2026-04-02 12:15:16] [INFO] Entrez dans play_menu avec le compte test1.json
[2026-04-02 12:15:50] [INFO] 



+///////////////////////////////////////////////////////////////////////////+

                Démarrage de Nexus Extraction

+///////////////////////////////////////////////////////////////////////////+

[2026-04-02 12:15:50] [INFO] 
+---------------------------- Bienvenue ! ----------------------------+

Bienvenue dans Nexus Extraction. Si vous lisez ceci, c’est que vous vous
trouvez actuellement dans les logs du jeu. Si vous êtes un joueur lambda,
cette fenêtre ne vous intéressera pas, mais ne la fermez pas, car cette
action entraînera la fermeture du jeu.

En cas de problème ou de plantage du jeu, merci de contacter le développeur
à l’adresse e-mail suivante : mouyelv@sjb-liege.org
en joignant les fichiers de logs qui se trouvent dans le dossier "logs/".

Merci de jouer à Nexus Extraction et bon jeu ;)

+-------------------------------- LOGS --------------------------------+

[2026-04-02 12:15:50] [INFO] Main Menu
[2026-04-02 12:15:51] [INFO] Entrez dans compte
[2026-04-02 12:15:51] [INFO] Entrez dans load_menu avec le compte -> test1.json
[2026-04-02 12:15:51] [INFO] Chargement de title-> 1/331 | 0%
[2026-04-02 12:15:51] [INFO] Chargement de creator-> 2/331 | 0%
[2026-04-02 12:15:51] [INFO] Chargement de the_void-> 4/331 | 1%
[2026-04-02 12:15:51] [INFO] Chargement de underground_1-> 6/331 | 1%
[2026-04-02 12:15:51] [INFO] Chargement de underground_1-> 6/331 | 1%
[2026-04-02 12:15:51] [INFO] Chargement de underground_2-> 7/331 | 2%
[2026-04-02 12:15:51] [INFO] Chargement de underground_3-> 8/331 | 2%
[2026-04-02 12:15:51] [INFO] Chargement de btn_play_menu-> 9/331 | 2%
[2026-04-02 12:15:51] [INFO] Chargement de btn_boutique_menu-> 10/331 | 3%
[2026-04-02 12:15:51] [INFO] Chargement de btn_boutique_menu-> 10/331 | 3%
[2026-04-02 12:15:51] [INFO] Chargement de btn_boutique_menu-> 10/331 | 3%
[2026-04-02 12:15:51] [INFO] Chargement de btn_option_menu-> 11/331 | 3%
[2026-04-02 12:15:51] [INFO] Chargement de btn_option_menu-> 11/331 | 3%
[2026-04-02 12:15:51] [INFO] Chargement de btn_play-> 12/331 | 3%
[2026-04-02 12:15:51] [INFO] Chargement de btn_play-> 12/331 | 3%
[2026-04-02 12:15:51] [INFO] Chargement de btn_quitter-> 13/331 | 3%
[2026-04-02 12:15:52] [INFO] Chargement de btn_quitter-> 13/331 | 3%
[2026-04-02 12:15:52] [INFO] Chargement de boutique_frame-> 18/331 | 5%
[2026-04-02 12:15:52] [INFO] Chargement de inventory-> 21/331 | 6%
[2026-04-02 12:15:52] [INFO] Chargement de pression_icon-> 24/331 | 7%
[2026-04-02 12:15:52] [INFO] Chargement de dirt-> 25/331 | 7%
[2026-04-02 12:15:52] [INFO] Chargement de deepslate_iron_ore-> 41/331 | 12%
[2026-04-02 12:15:52] [INFO] Chargement de robot_8-> 61/331 | 18%
[2026-04-02 12:15:52] [INFO] Chargement de robot_100-> 68/331 | 20%
[2026-04-02 12:15:52] [INFO] Chargement de robot_3d_0002-> 74/331 | 22%
[2026-04-02 12:15:52] [INFO] Chargement de robot_3d_0003-> 75/331 | 22%
[2026-04-02 12:15:52] [INFO] Chargement de robot_3d_0003-> 75/331 | 22%
[2026-04-02 12:15:52] [INFO] Chargement de robot_3d_0005-> 77/331 | 23%
[2026-04-02 12:15:52] [INFO] Chargement de robot_3d_0006-> 78/331 | 23%
[2026-04-02 12:15:52] [INFO] Chargement de robot_3d_0009-> 81/331 | 24%
[2026-04-02 12:15:52] [INFO] Chargement de robot_3d_0010-> 82/331 | 24%
[2026-04-02 12:15:52] [INFO] Chargement de robot_3d_0011-> 83/331 | 25%
[2026-04-02 12:15:52] [INFO] Chargement de robot_3d_0011-> 83/331 | 25%
[2026-04-02 12:15:52] [INFO] Chargement de robot_3d_0012-> 84/331 | 25%
[2026-04-02 12:15:52] [INFO] Chargement de robot_3d_0014-> 86/331 | 25%
[2026-04-02 12:15:52] [INFO] Chargement de robot_3d_0015-> 87/331 | 26%
[2026-04-02 12:15:52] [INFO] Chargement de robot_3d_0017-> 89/331 | 26%
[2026-04-02 12:15:52] [INFO] Chargement de robot_3d_0018-> 90/331 | 27%
[2026-04-02 12:15:52] [INFO] Chargement de robot_3d_0019-> 91/331 | 27%
[2026-04-02 12:15:52] [INFO] Chargement de robot_3d_0020-> 92/331 | 27%
[2026-04-02 12:15:52] [INFO] Chargement de robot_3d_0022-> 94/331 | 28%
[2026-04-02 12:15:52] [INFO] Chargement de robot_3d_0024-> 96/331 | 29%
[2026-04-02 12:15:52] [INFO] Chargement de robot_3d_0024-> 96/331 | 29%
[2026-04-02 12:15:52] [INFO] Chargement de robot_3d_0026-> 98/331 | 29%
[2026-04-02 12:15:52] [INFO] Chargement de robot_3d_0028-> 100/331 | 30%
[2026-04-02 12:15:52] [INFO] Chargement de robot_3d_0029-> 101/331 | 30%
[2026-04-02 12:15:52] [INFO] Chargement de robot_3d_0030-> 102/331 | 30%
[2026-04-02 12:15:52] [INFO] Chargement de robot_3d_0032-> 104/331 | 31%
[2026-04-02 12:15:52] [INFO] Chargement de robot_3d_0032-> 104/331 | 31%
[2026-04-02 12:15:52] [INFO] Chargement de robot_3d_0034-> 106/331 | 32%
[2026-04-02 12:15:52] [INFO] Chargement de robot_3d_0034-> 106/331 | 32%
[2026-04-02 12:15:52] [INFO] Chargement de robot_3d_0036-> 108/331 | 32%
[2026-04-02 12:15:52] [INFO] Chargement de robot_3d_0037-> 109/331 | 32%
[2026-04-02 12:15:52] [INFO] Chargement de robot_3d_0038-> 110/331 | 33%
[2026-04-02 12:15:52] [INFO] Chargement de robot_3d_0039-> 111/331 | 33%
[2026-04-02 12:15:52] [INFO] Chargement de robot_3d_0040-> 112/331 | 33%
[2026-04-02 12:15:52] [INFO] Chargement de robot_3d_0041-> 113/331 | 34%
[2026-04-02 12:15:52] [INFO] Chargement de robot_3d_0043-> 115/331 | 34%
[2026-04-02 12:15:52] [INFO] Chargement de robot_3d_0043-> 115/331 | 34%
[2026-04-02 12:15:52] [INFO] Chargement de robot_3d_0045-> 117/331 | 35%
[2026-04-02 12:15:52] [INFO] Chargement de robot_3d_0047-> 119/331 | 35%
[2026-04-02 12:15:52] [INFO] Chargement de robot_3d_0048-> 120/331 | 36%
[2026-04-02 12:15:52] [INFO] Chargement de robot_3d_0049-> 121/331 | 36%
[2026-04-02 12:15:52] [INFO] Chargement de robot_3d_0049-> 121/331 | 36%
[2026-04-02 12:15:52] [INFO] Chargement de robot_3d_0050-> 122/331 | 36%
[2026-04-02 12:15:52] [INFO] Chargement de robot_3d_0051-> 123/331 | 37%
[2026-04-02 12:15:52] [INFO] Chargement de robot_3d_0052-> 124/331 | 37%
[2026-04-02 12:15:52] [INFO] Chargement de robot_3d_0053-> 125/331 | 37%
[2026-04-02 12:15:52] [INFO] Chargement de robot_3d_0054-> 126/331 | 38%
[2026-04-02 12:15:52] [INFO] Chargement de robot_3d_0056-> 128/331 | 38%
[2026-04-02 12:15:52] [INFO] Chargement de robot_3d_0057-> 129/331 | 38%
[2026-04-02 12:15:52] [INFO] Chargement de robot_3d_0058-> 130/331 | 39%
[2026-04-02 12:15:52] [INFO] Chargement de robot_3d_0059-> 131/331 | 39%
[2026-04-02 12:15:52] [INFO] Chargement de robot_3d_0060-> 132/331 | 39%
[2026-04-02 12:15:52] [INFO] Chargement de robot_3d_0062-> 134/331 | 40%
[2026-04-02 12:15:52] [INFO] Chargement de robot_3d_0063-> 135/331 | 40%
[2026-04-02 12:15:52] [INFO] Chargement de robot_3d_0064-> 136/331 | 41%
[2026-04-02 12:15:53] [INFO] Chargement de robot_3d_0066-> 138/331 | 41%
[2026-04-02 12:15:53] [INFO] Chargement de robot_3d_0067-> 139/331 | 41%
[2026-04-02 12:15:53] [INFO] Chargement de robot_3d_0069-> 141/331 | 42%
[2026-04-02 12:15:53] [INFO] Chargement de robot_3d_0071-> 143/331 | 43%
[2026-04-02 12:15:53] [INFO] Chargement de robot_3d_0073-> 145/331 | 43%
[2026-04-02 12:15:53] [INFO] Chargement de robot_3d_0074-> 146/331 | 44%
[2026-04-02 12:15:53] [INFO] Chargement de robot_3d_0075-> 147/331 | 44%
[2026-04-02 12:15:53] [INFO] Chargement de robot_3d_0076-> 148/331 | 44%
[2026-04-02 12:15:53] [INFO] Chargement de robot_3d_0077-> 149/331 | 45%
[2026-04-02 12:15:53] [INFO] Chargement de robot_3d_0078-> 150/331 | 45%
[2026-04-02 12:15:53] [INFO] Chargement de robot_3d_0079-> 151/331 | 45%
[2026-04-02 12:15:53] [INFO] Chargement de robot_3d_0080-> 152/331 | 45%
[2026-04-02 12:15:53] [INFO] Chargement de robot_3d_0081-> 153/331 | 46%
[2026-04-02 12:15:53] [INFO] Chargement de robot_3d_0082-> 154/331 | 46%
[2026-04-02 12:15:53] [INFO] Chargement de robot_3d_0084-> 156/331 | 47%
[2026-04-02 12:15:53] [INFO] Chargement de robot_3d_0084-> 156/331 | 47%
[2026-04-02 12:15:53] [INFO] Chargement de robot_3d_0085-> 157/331 | 47%
[2026-04-02 12:15:53] [INFO] Chargement de robot_3d_0086-> 158/331 | 47%
[2026-04-02 12:15:53] [INFO] Chargement de robot_3d_0087-> 159/331 | 48%
[2026-04-02 12:15:53] [INFO] Chargement de robot_3d_0088-> 160/331 | 48%
[2026-04-02 12:15:53] [INFO] Chargement de robot_3d_0089-> 161/331 | 48%
[2026-04-02 12:15:53] [INFO] Chargement de robot_3d_0091-> 163/331 | 49%
[2026-04-02 12:15:53] [INFO] Chargement de robot_3d_0092-> 164/331 | 49%
[2026-04-02 12:15:53] [INFO] Chargement de robot_3d_0093-> 165/331 | 49%
[2026-04-02 12:15:53] [INFO] Chargement de robot_3d_0094-> 166/331 | 50%
[2026-04-02 12:15:53] [INFO] Chargement de robot_3d_0095-> 167/331 | 50%
[2026-04-02 12:15:53] [INFO] Chargement de robot_3d_0096-> 168/331 | 50%
[2026-04-02 12:15:53] [INFO] Chargement de robot_3d_0097-> 169/331 | 51%
[2026-04-02 12:15:53] [INFO] Chargement de robot_3d_0099-> 171/331 | 51%
[2026-04-02 12:15:53] [INFO] Chargement de robot_3d_0100-> 172/331 | 51%
[2026-04-02 12:15:53] [INFO] Chargement de robot_3d_0101-> 173/331 | 52%
[2026-04-02 12:15:53] [INFO] Chargement de robot_3d_0103-> 175/331 | 52%
[2026-04-02 12:15:53] [INFO] Chargement de robot_3d_0104-> 176/331 | 53%
[2026-04-02 12:15:53] [INFO] Chargement de robot_3d_0105-> 177/331 | 53%
[2026-04-02 12:15:53] [INFO] Chargement de robot_3d_0107-> 179/331 | 54%
[2026-04-02 12:15:53] [INFO] Chargement de robot_3d_0109-> 181/331 | 54%
[2026-04-02 12:15:53] [INFO] Chargement de robot_3d_0111-> 183/331 | 55%
[2026-04-02 12:15:53] [INFO] Chargement de robot_3d_0112-> 184/331 | 55%
[2026-04-02 12:15:53] [INFO] Chargement de robot_3d_0113-> 185/331 | 55%
[2026-04-02 12:15:53] [INFO] Chargement de robot_3d_0115-> 187/331 | 56%
[2026-04-02 12:15:53] [INFO] Chargement de robot_3d_0115-> 187/331 | 56%
[2026-04-02 12:15:53] [INFO] Chargement de robot_3d_0117-> 189/331 | 57%
[2026-04-02 12:15:53] [INFO] Chargement de robot_3d_0118-> 190/331 | 57%
[2026-04-02 12:15:53] [INFO] Chargement de robot_3d_0119-> 191/331 | 57%
[2026-04-02 12:15:53] [INFO] Chargement de robot_3d_0120-> 192/331 | 58%
[2026-04-02 12:15:53] [INFO] Chargement de robot_3d_0121-> 193/331 | 58%
[2026-04-02 12:15:53] [INFO] Chargement de robot_3d_0122-> 194/331 | 58%
[2026-04-02 12:15:53] [INFO] Chargement de robot_3d_0123-> 195/331 | 58%
[2026-04-02 12:15:53] [INFO] Chargement de robot_3d_0124-> 196/331 | 59%
[2026-04-02 12:15:53] [INFO] Chargement de robot_3d_0125-> 197/331 | 59%
[2026-04-02 12:15:53] [INFO] Chargement de robot_3d_0126-> 198/331 | 59%
[2026-04-02 12:15:53] [INFO] Chargement de robot_3d_0128-> 200/331 | 60%
[2026-04-02 12:15:53] [INFO] Chargement de robot_3d_0130-> 202/331 | 61%
[2026-04-02 12:15:53] [INFO] Chargement de robot_3d_0130-> 202/331 | 61%
[2026-04-02 12:15:53] [INFO] Chargement de robot_3d_0131-> 203/331 | 61%
[2026-04-02 12:15:53] [INFO] Chargement de robot_3d_0132-> 204/331 | 61%
[2026-04-02 12:15:53] [INFO] Chargement de robot_3d_0133-> 205/331 | 61%
[2026-04-02 12:15:53] [INFO] Chargement de robot_3d_0135-> 207/331 | 62%
[2026-04-02 12:15:53] [INFO] Chargement de robot_3d_0136-> 208/331 | 62%
[2026-04-02 12:15:53] [INFO] Chargement de robot_3d_0137-> 209/331 | 63%
[2026-04-02 12:15:53] [INFO] Chargement de robot_3d_0138-> 210/331 | 63%
[2026-04-02 12:15:53] [INFO] Chargement de robot_3d_0139-> 211/331 | 63%
[2026-04-02 12:15:53] [INFO] Chargement de robot_3d_0140-> 212/331 | 64%
[2026-04-02 12:15:53] [INFO] Chargement de robot_3d_0141-> 213/331 | 64%
[2026-04-02 12:15:53] [INFO] Chargement de robot_3d_0142-> 214/331 | 64%
[2026-04-02 12:15:53] [INFO] Chargement de robot_3d_0143-> 215/331 | 64%
[2026-04-02 12:15:53] [INFO] Chargement de robot_3d_0144-> 216/331 | 65%
[2026-04-02 12:15:53] [INFO] Chargement de robot_3d_0146-> 218/331 | 65%
[2026-04-02 12:15:53] [INFO] Chargement de robot_3d_0147-> 219/331 | 66%
[2026-04-02 12:15:53] [INFO] Chargement de robot_3d_0148-> 220/331 | 66%
[2026-04-02 12:15:53] [INFO] Chargement de robot_3d_0150-> 222/331 | 67%
[2026-04-02 12:15:53] [INFO] Chargement de robot_3d_0151-> 223/331 | 67%
[2026-04-02 12:15:53] [INFO] Chargement de robot_3d_0153-> 225/331 | 67%
[2026-04-02 12:15:53] [INFO] Chargement de robot_3d_0154-> 226/331 | 68%
[2026-04-02 12:15:53] [INFO] Chargement de robot_3d_0155-> 227/331 | 68%
[2026-04-02 12:15:53] [INFO] Chargement de robot_3d_0157-> 229/331 | 69%
[2026-04-02 12:15:53] [INFO] Chargement de robot_3d_0158-> 230/331 | 69%
[2026-04-02 12:15:53] [INFO] Chargement de robot_3d_0159-> 231/331 | 69%
[2026-04-02 12:15:53] [INFO] Chargement de robot_3d_0160-> 232/331 | 70%
[2026-04-02 12:15:53] [INFO] Chargement de robot_3d_0161-> 233/331 | 70%
[2026-04-02 12:15:53] [INFO] Chargement de robot_3d_0162-> 234/331 | 70%
[2026-04-02 12:15:53] [INFO] Chargement de robot_3d_0163-> 235/331 | 70%
[2026-04-02 12:15:53] [INFO] Chargement de robot_3d_0164-> 236/331 | 71%
[2026-04-02 12:15:53] [INFO] Chargement de robot_3d_0165-> 237/331 | 71%
[2026-04-02 12:15:53] [INFO] Chargement de robot_3d_0166-> 238/331 | 71%
[2026-04-02 12:15:53] [INFO] Chargement de robot_3d_0167-> 239/331 | 72%
[2026-04-02 12:15:53] [INFO] Chargement de robot_3d_0169-> 241/331 | 72%
[2026-04-02 12:15:53] [INFO] Chargement de robot_3d_0170-> 242/331 | 73%
[2026-04-02 12:15:53] [INFO] Chargement de robot_3d_0171-> 243/331 | 73%
[2026-04-02 12:15:53] [INFO] Chargement de robot_3d_0173-> 245/331 | 74%
[2026-04-02 12:15:53] [INFO] Chargement de robot_3d_0174-> 246/331 | 74%
[2026-04-02 12:15:53] [INFO] Chargement de robot_3d_0176-> 248/331 | 74%
[2026-04-02 12:15:53] [INFO] Chargement de robot_3d_0177-> 249/331 | 75%
[2026-04-02 12:15:53] [INFO] Chargement de robot_3d_0178-> 250/331 | 75%
[2026-04-02 12:15:53] [INFO] Chargement de robot_3d_0180-> 252/331 | 76%
[2026-04-02 12:15:53] [INFO] Chargement de robot_3d_0181-> 253/331 | 76%
[2026-04-02 12:15:53] [INFO] Chargement de robot_3d_0182-> 254/331 | 76%
[2026-04-02 12:15:53] [INFO] Chargement de robot_3d_0183-> 255/331 | 77%
[2026-04-02 12:15:53] [INFO] Chargement de robot_3d_0184-> 256/331 | 77%
[2026-04-02 12:15:53] [INFO] Chargement de robot_3d_0185-> 257/331 | 77%
[2026-04-02 12:15:53] [INFO] Chargement de robot_3d_0186-> 258/331 | 77%
[2026-04-02 12:15:53] [INFO] Chargement de robot_3d_0187-> 259/331 | 78%
[2026-04-02 12:15:53] [INFO] Chargement de robot_3d_0188-> 260/331 | 78%
[2026-04-02 12:15:53] [INFO] Chargement de robot_3d_0189-> 261/331 | 78%
[2026-04-02 12:15:53] [INFO] Chargement de robot_3d_0190-> 262/331 | 79%
[2026-04-02 12:15:53] [INFO] Chargement de robot_3d_0191-> 263/331 | 79%
[2026-04-02 12:15:53] [INFO] Chargement de robot_3d_0193-> 265/331 | 80%
[2026-04-02 12:15:53] [INFO] Chargement de robot_3d_0194-> 266/331 | 80%
[2026-04-02 12:15:53] [INFO] Chargement de robot_3d_0195-> 267/331 | 80%
[2026-04-02 12:15:53] [INFO] Chargement de robot_3d_0196-> 268/331 | 80%
[2026-04-02 12:15:54] [INFO] Chargement de robot_3d_0198-> 270/331 | 81%
[2026-04-02 12:15:54] [INFO] Chargement de robot_3d_0199-> 271/331 | 81%
[2026-04-02 12:15:54] [INFO] Chargement de robot_3d_0200-> 272/331 | 82%
[2026-04-02 12:15:54] [INFO] Chargement de robot_3d_0202-> 274/331 | 82%
[2026-04-02 12:15:54] [INFO] Chargement de robot_3d_0203-> 275/331 | 83%
[2026-04-02 12:15:54] [INFO] Chargement de robot_3d_0205-> 277/331 | 83%
[2026-04-02 12:15:54] [INFO] Chargement de robot_3d_0206-> 278/331 | 83%
[2026-04-02 12:15:54] [INFO] Chargement de robot_3d_0207-> 279/331 | 84%
[2026-04-02 12:15:54] [INFO] Chargement de robot_3d_0208-> 280/331 | 84%
[2026-04-02 12:15:54] [INFO] Chargement de robot_3d_0209-> 281/331 | 84%
[2026-04-02 12:15:54] [INFO] Chargement de robot_3d_0210-> 282/331 | 85%
[2026-04-02 12:15:54] [INFO] Chargement de robot_3d_0211-> 283/331 | 85%
[2026-04-02 12:15:54] [INFO] Chargement de robot_3d_0212-> 284/331 | 85%
[2026-04-02 12:15:54] [INFO] Chargement de robot_3d_0214-> 286/331 | 86%
[2026-04-02 12:15:54] [INFO] Chargement de robot_3d_0214-> 286/331 | 86%
[2026-04-02 12:15:54] [INFO] Chargement de robot_3d_0215-> 287/331 | 86%
[2026-04-02 12:15:54] [INFO] Chargement de robot_3d_0217-> 289/331 | 87%
[2026-04-02 12:15:54] [INFO] Chargement de robot_3d_0218-> 290/331 | 87%
[2026-04-02 12:15:54] [INFO] Chargement de robot_3d_0219-> 291/331 | 87%
[2026-04-02 12:15:54] [INFO] Chargement de robot_3d_0220-> 292/331 | 88%
[2026-04-02 12:15:54] [INFO] Chargement de robot_3d_0221-> 293/331 | 88%
[2026-04-02 12:15:54] [INFO] Chargement de robot_3d_0222-> 294/331 | 88%
[2026-04-02 12:15:54] [INFO] Chargement de robot_3d_0223-> 295/331 | 89%
[2026-04-02 12:15:54] [INFO] Chargement de robot_3d_0224-> 296/331 | 89%
[2026-04-02 12:15:54] [INFO] Chargement de robot_3d_0225-> 297/331 | 89%
[2026-04-02 12:15:54] [INFO] Chargement de robot_3d_0226-> 298/331 | 90%
[2026-04-02 12:15:54] [INFO] Chargement de robot_3d_0227-> 299/331 | 90%
[2026-04-02 12:15:54] [INFO] Chargement de robot_3d_0228-> 300/331 | 90%
[2026-04-02 12:15:54] [INFO] Chargement de robot_3d_0230-> 302/331 | 91%
[2026-04-02 12:15:54] [INFO] Chargement de robot_3d_0231-> 303/331 | 91%
[2026-04-02 12:15:54] [INFO] Chargement de robot_3d_0232-> 304/331 | 91%
[2026-04-02 12:15:54] [INFO] Chargement de robot_3d_0233-> 305/331 | 92%
[2026-04-02 12:15:54] [INFO] Chargement de robot_3d_0234-> 306/331 | 92%
[2026-04-02 12:15:54] [INFO] Chargement de robot_3d_0235-> 307/331 | 92%
[2026-04-02 12:15:54] [INFO] Chargement de robot_3d_0236-> 308/331 | 93%
[2026-04-02 12:15:54] [INFO] Chargement de robot_3d_0237-> 309/331 | 93%
[2026-04-02 12:15:54] [INFO] Chargement de robot_3d_0238-> 310/331 | 93%
[2026-04-02 12:15:54] [INFO] Chargement de robot_3d_0239-> 311/331 | 93%
[2026-04-02 12:15:54] [INFO] Chargement de robot_3d_0240-> 312/331 | 94%
[2026-04-02 12:15:54] [INFO] Chargement de lava_3-> 324/331 | 97%
[2026-04-02 12:15:54] [INFO] Chargement de rocket_1-> 330/331 | 99%
[2026-04-02 12:15:54] [INFO] Assets chargés, redirect vers play_menu
[2026-04-02 12:15:54] [INFO] Entrez dans play_menu avec le compte test1.json
[2026-04-02 12:16:04] [ERROR] play_menu ->
Traceback (most recent call last):
  File "c:\Users\elvin\Desktop\informatique_tfe\tfe\src\data\object\games\play_menu.py", line 97, in play_menu
    screen.blit(BACKGROUND, (0, 0))
pygame.error: display Surface quit
[2026-04-02 12:16:04] [INFO] Compte choisi -> True
[2026-04-02 12:16:04] [INFO] Main Menu
[2026-04-02 12:16:05] [INFO] +------ Fin du jeux -----+
[2026-04-02 12:16:32] [INFO] 



+///////////////////////////////////////////////////////////////////////////+

                Démarrage de Nexus Extraction

+///////////////////////////////////////////////////////////////////////////+

[2026-04-02 12:16:32] [INFO] 
+---------------------------- Bienvenue ! ----------------------------+

Bienvenue dans Nexus Extraction. Si vous lisez ceci, c’est que vous vous
trouvez actuellement dans les logs du jeu. Si vous êtes un joueur lambda,
cette fenêtre ne vous intéressera pas, mais ne la fermez pas, car cette
action entraînera la fermeture du jeu.

En cas de problème ou de plantage du jeu, merci de contacter le développeur
à l’adresse e-mail suivante : mouyelv@sjb-liege.org
en joignant les fichiers de logs qui se trouvent dans le dossier "logs/".

Merci de jouer à Nexus Extraction et bon jeu ;)

+-------------------------------- LOGS --------------------------------+

[2026-04-02 12:16:33] [INFO] Main Menu
[2026-04-02 12:16:33] [INFO] Entrez dans compte
[2026-04-02 12:16:34] [INFO] Entrez dans load_menu avec le compte -> test1.json
[2026-04-02 12:16:34] [INFO] Chargement de title-> 1/331 | 0%
[2026-04-02 12:16:34] [INFO] Chargement de creator-> 2/331 | 0%
[2026-04-02 12:16:34] [INFO] Chargement de music_creator-> 3/331 | 0%
[2026-04-02 12:16:34] [INFO] Chargement de the_void-> 4/331 | 1%
[2026-04-02 12:16:34] [INFO] Chargement de the_void_full-> 5/331 | 1%
[2026-04-02 12:16:34] [INFO] Chargement de underground_1-> 6/331 | 1%
[2026-04-02 12:16:34] [INFO] Chargement de underground_2-> 7/331 | 2%
[2026-04-02 12:16:34] [INFO] Chargement de underground_3-> 8/331 | 2%
[2026-04-02 12:16:34] [INFO] Chargement de btn_play_menu-> 9/331 | 2%
[2026-04-02 12:16:34] [INFO] Chargement de btn_play_menu-> 9/331 | 2%
[2026-04-02 12:16:34] [INFO] Chargement de btn_boutique_menu-> 10/331 | 3%
[2026-04-02 12:16:34] [INFO] Chargement de btn_boutique_menu-> 10/331 | 3%
[2026-04-02 12:16:34] [INFO] Chargement de btn_option_menu-> 11/331 | 3%
[2026-04-02 12:16:34] [INFO] Chargement de btn_option_menu-> 11/331 | 3%
[2026-04-02 12:16:34] [INFO] Chargement de btn_option_menu-> 11/331 | 3%
[2026-04-02 12:16:34] [INFO] Chargement de btn_play-> 12/331 | 3%
[2026-04-02 12:16:34] [INFO] Chargement de btn_play-> 12/331 | 3%
[2026-04-02 12:16:34] [INFO] Chargement de btn_play-> 12/331 | 3%
[2026-04-02 12:16:34] [INFO] Chargement de btn_quitter-> 13/331 | 3%
[2026-04-02 12:16:34] [INFO] Chargement de btn_quitter-> 13/331 | 3%
[2026-04-02 12:16:34] [INFO] Chargement de refresh_btn-> 15/331 | 4%
[2026-04-02 12:16:34] [INFO] Chargement de refresh_btn-> 15/331 | 4%
[2026-04-02 12:16:34] [INFO] Chargement de boutique_frame-> 18/331 | 5%
[2026-04-02 12:16:34] [INFO] Chargement de boutique_pression-> 20/331 | 6%
[2026-04-02 12:16:34] [INFO] Chargement de blue_storm-> 22/331 | 6%
[2026-04-02 12:16:34] [INFO] Chargement de pression_icon-> 24/331 | 7%
[2026-04-02 12:16:34] [INFO] Chargement de deepslate_iron_ore-> 41/331 | 12%
[2026-04-02 12:16:34] [INFO] Chargement de deepslate-> 48/331 | 14%
[2026-04-02 12:16:34] [INFO] Chargement de robot_2-> 55/331 | 16%
[2026-04-02 12:16:34] [INFO] Chargement de robot_50-> 65/331 | 19%
[2026-04-02 12:16:34] [INFO] Chargement de robot_3d_0002-> 74/331 | 22%
[2026-04-02 12:16:34] [INFO] Chargement de robot_3d_0003-> 75/331 | 22%
[2026-04-02 12:16:34] [INFO] Chargement de robot_3d_0003-> 75/331 | 22%
[2026-04-02 12:16:34] [INFO] Chargement de robot_3d_0005-> 77/331 | 23%
[2026-04-02 12:16:34] [INFO] Chargement de robot_3d_0007-> 79/331 | 23%
[2026-04-02 12:16:34] [INFO] Chargement de robot_3d_0007-> 79/331 | 23%
[2026-04-02 12:16:34] [INFO] Chargement de robot_3d_0008-> 80/331 | 24%
[2026-04-02 12:16:34] [INFO] Chargement de robot_3d_0009-> 81/331 | 24%
[2026-04-02 12:16:34] [INFO] Chargement de robot_3d_0011-> 83/331 | 25%
[2026-04-02 12:16:35] [INFO] Chargement de robot_3d_0011-> 83/331 | 25%
[2026-04-02 12:16:35] [INFO] Chargement de robot_3d_0013-> 85/331 | 25%
[2026-04-02 12:16:35] [INFO] Chargement de robot_3d_0013-> 85/331 | 25%
[2026-04-02 12:16:35] [INFO] Chargement de robot_3d_0015-> 87/331 | 26%
[2026-04-02 12:16:35] [INFO] Chargement de robot_3d_0016-> 88/331 | 26%
[2026-04-02 12:16:35] [INFO] Chargement de robot_3d_0016-> 88/331 | 26%
[2026-04-02 12:16:35] [INFO] Chargement de robot_3d_0017-> 89/331 | 26%
[2026-04-02 12:16:35] [INFO] Chargement de robot_3d_0019-> 91/331 | 27%
[2026-04-02 12:16:35] [INFO] Chargement de robot_3d_0021-> 93/331 | 28%
[2026-04-02 12:16:35] [INFO] Chargement de robot_3d_0022-> 94/331 | 28%
[2026-04-02 12:16:35] [INFO] Chargement de robot_3d_0022-> 94/331 | 28%
[2026-04-02 12:16:35] [INFO] Chargement de robot_3d_0024-> 96/331 | 29%
[2026-04-02 12:16:35] [INFO] Chargement de robot_3d_0025-> 97/331 | 29%
[2026-04-02 12:16:35] [INFO] Chargement de robot_3d_0025-> 97/331 | 29%
[2026-04-02 12:16:35] [INFO] Chargement de robot_3d_0026-> 98/331 | 29%
[2026-04-02 12:16:35] [INFO] Chargement de robot_3d_0029-> 101/331 | 30%
[2026-04-02 12:16:35] [INFO] Chargement de robot_3d_0030-> 102/331 | 30%
[2026-04-02 12:16:35] [INFO] Chargement de robot_3d_0031-> 103/331 | 31%
[2026-04-02 12:16:35] [INFO] Chargement de robot_3d_0033-> 105/331 | 31%
[2026-04-02 12:16:35] [INFO] Chargement de robot_3d_0035-> 107/331 | 32%
[2026-04-02 12:16:35] [INFO] Chargement de robot_3d_0036-> 108/331 | 32%
[2026-04-02 12:16:35] [INFO] Chargement de robot_3d_0036-> 108/331 | 32%
[2026-04-02 12:16:35] [INFO] Chargement de robot_3d_0038-> 110/331 | 33%
[2026-04-02 12:16:35] [INFO] Chargement de robot_3d_0039-> 111/331 | 33%
[2026-04-02 12:16:35] [INFO] Chargement de robot_3d_0041-> 113/331 | 34%
[2026-04-02 12:16:35] [INFO] Chargement de robot_3d_0041-> 113/331 | 34%
[2026-04-02 12:16:35] [INFO] Chargement de robot_3d_0042-> 114/331 | 34%
[2026-04-02 12:16:35] [INFO] Chargement de robot_3d_0043-> 115/331 | 34%
[2026-04-02 12:16:35] [INFO] Chargement de robot_3d_0045-> 117/331 | 35%
[2026-04-02 12:16:35] [INFO] Chargement de robot_3d_0046-> 118/331 | 35%
[2026-04-02 12:16:35] [INFO] Chargement de robot_3d_0047-> 119/331 | 35%
[2026-04-02 12:16:35] [INFO] Chargement de robot_3d_0049-> 121/331 | 36%
[2026-04-02 12:16:35] [INFO] Chargement de robot_3d_0050-> 122/331 | 36%
[2026-04-02 12:16:35] [INFO] Chargement de robot_3d_0051-> 123/331 | 37%
[2026-04-02 12:16:35] [INFO] Chargement de robot_3d_0052-> 124/331 | 37%
[2026-04-02 12:16:35] [INFO] Chargement de robot_3d_0053-> 125/331 | 37%
[2026-04-02 12:16:35] [INFO] Chargement de robot_3d_0054-> 126/331 | 38%
[2026-04-02 12:16:35] [INFO] Chargement de robot_3d_0055-> 127/331 | 38%
[2026-04-02 12:16:35] [INFO] Chargement de robot_3d_0056-> 128/331 | 38%
[2026-04-02 12:16:35] [INFO] Chargement de robot_3d_0057-> 129/331 | 38%
[2026-04-02 12:16:35] [INFO] Chargement de robot_3d_0058-> 130/331 | 39%
[2026-04-02 12:16:35] [INFO] Chargement de robot_3d_0059-> 131/331 | 39%
[2026-04-02 12:16:35] [INFO] Chargement de robot_3d_0060-> 132/331 | 39%
[2026-04-02 12:16:35] [INFO] Chargement de robot_3d_0061-> 133/331 | 40%
[2026-04-02 12:16:35] [INFO] Chargement de robot_3d_0062-> 134/331 | 40%
[2026-04-02 12:16:35] [INFO] Chargement de robot_3d_0063-> 135/331 | 40%
[2026-04-02 12:16:35] [INFO] Chargement de robot_3d_0064-> 136/331 | 41%
[2026-04-02 12:16:35] [INFO] Chargement de robot_3d_0066-> 138/331 | 41%
[2026-04-02 12:16:35] [INFO] Chargement de robot_3d_0067-> 139/331 | 41%
[2026-04-02 12:16:35] [INFO] Chargement de robot_3d_0069-> 141/331 | 42%
[2026-04-02 12:16:35] [INFO] Chargement de robot_3d_0070-> 142/331 | 42%
[2026-04-02 12:16:35] [INFO] Chargement de robot_3d_0071-> 143/331 | 43%
[2026-04-02 12:16:35] [INFO] Chargement de robot_3d_0072-> 144/331 | 43%
[2026-04-02 12:16:35] [INFO] Chargement de robot_3d_0073-> 145/331 | 43%
[2026-04-02 12:16:35] [INFO] Chargement de robot_3d_0074-> 146/331 | 44%
[2026-04-02 12:16:35] [INFO] Chargement de robot_3d_0075-> 147/331 | 44%
[2026-04-02 12:16:35] [INFO] Chargement de robot_3d_0077-> 149/331 | 45%
[2026-04-02 12:16:35] [INFO] Chargement de robot_3d_0078-> 150/331 | 45%
[2026-04-02 12:16:35] [INFO] Chargement de robot_3d_0079-> 151/331 | 45%
[2026-04-02 12:16:35] [INFO] Chargement de robot_3d_0081-> 153/331 | 46%
[2026-04-02 12:16:35] [INFO] Chargement de robot_3d_0082-> 154/331 | 46%
[2026-04-02 12:16:35] [INFO] Chargement de robot_3d_0084-> 156/331 | 47%
[2026-04-02 12:16:35] [INFO] Chargement de robot_3d_0086-> 158/331 | 47%
[2026-04-02 12:16:35] [INFO] Chargement de robot_3d_0088-> 160/331 | 48%
[2026-04-02 12:16:35] [INFO] Chargement de robot_3d_0089-> 161/331 | 48%
[2026-04-02 12:16:35] [INFO] Chargement de robot_3d_0091-> 163/331 | 49%
[2026-04-02 12:16:35] [INFO] Chargement de robot_3d_0093-> 165/331 | 49%
[2026-04-02 12:16:35] [INFO] Chargement de robot_3d_0093-> 165/331 | 49%
[2026-04-02 12:16:35] [INFO] Chargement de robot_3d_0094-> 166/331 | 50%
[2026-04-02 12:16:35] [INFO] Chargement de robot_3d_0095-> 167/331 | 50%
[2026-04-02 12:16:35] [INFO] Chargement de robot_3d_0096-> 168/331 | 50%
[2026-04-02 12:16:35] [INFO] Chargement de robot_3d_0097-> 169/331 | 51%
[2026-04-02 12:16:35] [INFO] Chargement de robot_3d_0098-> 170/331 | 51%
[2026-04-02 12:16:35] [INFO] Chargement de robot_3d_0099-> 171/331 | 51%
[2026-04-02 12:16:35] [INFO] Chargement de robot_3d_0101-> 173/331 | 52%
[2026-04-02 12:16:35] [INFO] Chargement de robot_3d_0102-> 174/331 | 52%
[2026-04-02 12:16:35] [INFO] Chargement de robot_3d_0103-> 175/331 | 52%
[2026-04-02 12:16:35] [INFO] Chargement de robot_3d_0104-> 176/331 | 53%
[2026-04-02 12:16:35] [INFO] Chargement de robot_3d_0106-> 178/331 | 53%
[2026-04-02 12:16:35] [INFO] Chargement de robot_3d_0107-> 179/331 | 54%
[2026-04-02 12:16:35] [INFO] Chargement de robot_3d_0109-> 181/331 | 54%
[2026-04-02 12:16:35] [INFO] Chargement de robot_3d_0111-> 183/331 | 55%
[2026-04-02 12:16:35] [INFO] Chargement de robot_3d_0112-> 184/331 | 55%
[2026-04-02 12:16:35] [INFO] Chargement de robot_3d_0113-> 185/331 | 55%
[2026-04-02 12:16:35] [INFO] Chargement de robot_3d_0115-> 187/331 | 56%
[2026-04-02 12:16:35] [INFO] Chargement de robot_3d_0117-> 189/331 | 57%
[2026-04-02 12:16:35] [INFO] Chargement de robot_3d_0118-> 190/331 | 57%
[2026-04-02 12:16:35] [INFO] Chargement de robot_3d_0120-> 192/331 | 58%
[2026-04-02 12:16:35] [INFO] Chargement de robot_3d_0121-> 193/331 | 58%
[2026-04-02 12:16:35] [INFO] Chargement de robot_3d_0122-> 194/331 | 58%
[2026-04-02 12:16:36] [INFO] Chargement de robot_3d_0123-> 195/331 | 58%
[2026-04-02 12:16:36] [INFO] Chargement de robot_3d_0124-> 196/331 | 59%
[2026-04-02 12:16:36] [INFO] Chargement de robot_3d_0125-> 197/331 | 59%
[2026-04-02 12:16:36] [INFO] Chargement de robot_3d_0126-> 198/331 | 59%
[2026-04-02 12:16:36] [INFO] Chargement de robot_3d_0127-> 199/331 | 60%
[2026-04-02 12:16:36] [INFO] Chargement de robot_3d_0128-> 200/331 | 60%
[2026-04-02 12:16:36] [INFO] Chargement de robot_3d_0130-> 202/331 | 61%
[2026-04-02 12:16:36] [INFO] Chargement de robot_3d_0131-> 203/331 | 61%
[2026-04-02 12:16:36] [INFO] Chargement de robot_3d_0132-> 204/331 | 61%
[2026-04-02 12:16:36] [INFO] Chargement de robot_3d_0133-> 205/331 | 61%
[2026-04-02 12:16:36] [INFO] Chargement de robot_3d_0134-> 206/331 | 62%
[2026-04-02 12:16:36] [INFO] Chargement de robot_3d_0135-> 207/331 | 62%
[2026-04-02 12:16:36] [INFO] Chargement de robot_3d_0136-> 208/331 | 62%
[2026-04-02 12:16:36] [INFO] Chargement de robot_3d_0137-> 209/331 | 63%
[2026-04-02 12:16:36] [INFO] Chargement de robot_3d_0138-> 210/331 | 63%
[2026-04-02 12:16:36] [INFO] Chargement de robot_3d_0139-> 211/331 | 63%
[2026-04-02 12:16:36] [INFO] Chargement de robot_3d_0140-> 212/331 | 64%
[2026-04-02 12:16:36] [INFO] Chargement de robot_3d_0142-> 214/331 | 64%
[2026-04-02 12:16:36] [INFO] Chargement de robot_3d_0143-> 215/331 | 64%
[2026-04-02 12:16:36] [INFO] Chargement de robot_3d_0144-> 216/331 | 65%
[2026-04-02 12:16:36] [INFO] Chargement de robot_3d_0146-> 218/331 | 65%
[2026-04-02 12:16:36] [INFO] Chargement de robot_3d_0148-> 220/331 | 66%
[2026-04-02 12:16:36] [INFO] Chargement de robot_3d_0149-> 221/331 | 66%
[2026-04-02 12:16:36] [INFO] Chargement de robot_3d_0150-> 222/331 | 67%
[2026-04-02 12:16:36] [INFO] Chargement de robot_3d_0151-> 223/331 | 67%
[2026-04-02 12:16:36] [INFO] Chargement de robot_3d_0153-> 225/331 | 67%
[2026-04-02 12:16:36] [INFO] Chargement de robot_3d_0154-> 226/331 | 68%
[2026-04-02 12:16:36] [INFO] Chargement de robot_3d_0155-> 227/331 | 68%
[2026-04-02 12:16:36] [INFO] Chargement de robot_3d_0156-> 228/331 | 68%
[2026-04-02 12:16:36] [INFO] Chargement de robot_3d_0157-> 229/331 | 69%
[2026-04-02 12:16:36] [INFO] Chargement de robot_3d_0159-> 231/331 | 69%
[2026-04-02 12:16:36] [INFO] Chargement de robot_3d_0159-> 231/331 | 69%
[2026-04-02 12:16:36] [INFO] Chargement de robot_3d_0160-> 232/331 | 70%
[2026-04-02 12:16:36] [INFO] Chargement de robot_3d_0161-> 233/331 | 70%
[2026-04-02 12:16:36] [INFO] Chargement de robot_3d_0162-> 234/331 | 70%
[2026-04-02 12:16:36] [INFO] Chargement de robot_3d_0163-> 235/331 | 70%
[2026-04-02 12:16:36] [INFO] Chargement de robot_3d_0164-> 236/331 | 71%
[2026-04-02 12:16:36] [INFO] Chargement de robot_3d_0165-> 237/331 | 71%
[2026-04-02 12:16:36] [INFO] Chargement de robot_3d_0167-> 239/331 | 72%
[2026-04-02 12:16:36] [INFO] Chargement de robot_3d_0168-> 240/331 | 72%
[2026-04-02 12:16:36] [INFO] Chargement de robot_3d_0169-> 241/331 | 72%
[2026-04-02 12:16:36] [INFO] Chargement de robot_3d_0170-> 242/331 | 73%
[2026-04-02 12:16:36] [INFO] Chargement de robot_3d_0172-> 244/331 | 73%
[2026-04-02 12:16:36] [INFO] Chargement de robot_3d_0173-> 245/331 | 74%
[2026-04-02 12:16:36] [INFO] Chargement de robot_3d_0174-> 246/331 | 74%
[2026-04-02 12:16:36] [INFO] Chargement de robot_3d_0176-> 248/331 | 74%
[2026-04-02 12:16:36] [INFO] Chargement de robot_3d_0178-> 250/331 | 75%
[2026-04-02 12:16:36] [INFO] Chargement de robot_3d_0179-> 251/331 | 75%
[2026-04-02 12:16:36] [INFO] Chargement de robot_3d_0181-> 253/331 | 76%
[2026-04-02 12:16:36] [INFO] Chargement de robot_3d_0182-> 254/331 | 76%
[2026-04-02 12:16:36] [INFO] Chargement de robot_3d_0183-> 255/331 | 77%
[2026-04-02 12:16:36] [INFO] Chargement de robot_3d_0184-> 256/331 | 77%
[2026-04-02 12:16:36] [INFO] Chargement de robot_3d_0185-> 257/331 | 77%
[2026-04-02 12:16:36] [INFO] Chargement de robot_3d_0186-> 258/331 | 77%
[2026-04-02 12:16:36] [INFO] Chargement de robot_3d_0187-> 259/331 | 78%
[2026-04-02 12:16:36] [INFO] Chargement de robot_3d_0188-> 260/331 | 78%
[2026-04-02 12:16:36] [INFO] Chargement de robot_3d_0189-> 261/331 | 78%
[2026-04-02 12:16:36] [INFO] Chargement de robot_3d_0190-> 262/331 | 79%
[2026-04-02 12:16:36] [INFO] Chargement de robot_3d_0191-> 263/331 | 79%
[2026-04-02 12:16:36] [INFO] Chargement de robot_3d_0193-> 265/331 | 80%
[2026-04-02 12:16:36] [INFO] Chargement de robot_3d_0195-> 267/331 | 80%
[2026-04-02 12:16:36] [INFO] Chargement de robot_3d_0196-> 268/331 | 80%
[2026-04-02 12:16:36] [INFO] Chargement de robot_3d_0197-> 269/331 | 81%
[2026-04-02 12:16:36] [INFO] Chargement de robot_3d_0199-> 271/331 | 81%
[2026-04-02 12:16:36] [INFO] Chargement de robot_3d_0200-> 272/331 | 82%
[2026-04-02 12:16:36] [INFO] Chargement de robot_3d_0201-> 273/331 | 82%
[2026-04-02 12:16:36] [INFO] Chargement de robot_3d_0203-> 275/331 | 83%
[2026-04-02 12:16:36] [INFO] Chargement de robot_3d_0205-> 277/331 | 83%
[2026-04-02 12:16:36] [INFO] Chargement de robot_3d_0206-> 278/331 | 83%
[2026-04-02 12:16:36] [INFO] Chargement de robot_3d_0207-> 279/331 | 84%
[2026-04-02 12:16:36] [INFO] Chargement de robot_3d_0208-> 280/331 | 84%
[2026-04-02 12:16:36] [INFO] Chargement de robot_3d_0209-> 281/331 | 84%
[2026-04-02 12:16:36] [INFO] Chargement de robot_3d_0210-> 282/331 | 85%
[2026-04-02 12:16:36] [INFO] Chargement de robot_3d_0212-> 284/331 | 85%
[2026-04-02 12:16:36] [INFO] Chargement de robot_3d_0213-> 285/331 | 86%
[2026-04-02 12:16:36] [INFO] Chargement de robot_3d_0214-> 286/331 | 86%
[2026-04-02 12:16:36] [INFO] Chargement de robot_3d_0216-> 288/331 | 87%
[2026-04-02 12:16:36] [INFO] Chargement de robot_3d_0217-> 289/331 | 87%
[2026-04-02 12:16:36] [INFO] Chargement de robot_3d_0218-> 290/331 | 87%
[2026-04-02 12:16:36] [INFO] Chargement de robot_3d_0219-> 291/331 | 87%
[2026-04-02 12:16:36] [INFO] Chargement de robot_3d_0220-> 292/331 | 88%
[2026-04-02 12:16:36] [INFO] Chargement de robot_3d_0221-> 293/331 | 88%
[2026-04-02 12:16:36] [INFO] Chargement de robot_3d_0222-> 294/331 | 88%
[2026-04-02 12:16:36] [INFO] Chargement de robot_3d_0223-> 295/331 | 89%
[2026-04-02 12:16:36] [INFO] Chargement de robot_3d_0224-> 296/331 | 89%
[2026-04-02 12:16:36] [INFO] Chargement de robot_3d_0225-> 297/331 | 89%
[2026-04-02 12:16:36] [INFO] Chargement de robot_3d_0226-> 298/331 | 90%
[2026-04-02 12:16:36] [INFO] Chargement de robot_3d_0227-> 299/331 | 90%
[2026-04-02 12:16:36] [INFO] Chargement de robot_3d_0228-> 300/331 | 90%
[2026-04-02 12:16:36] [INFO] Chargement de robot_3d_0229-> 301/331 | 90%
[2026-04-02 12:16:36] [INFO] Chargement de robot_3d_0230-> 302/331 | 91%
[2026-04-02 12:16:36] [INFO] Chargement de robot_3d_0232-> 304/331 | 91%
[2026-04-02 12:16:36] [INFO] Chargement de robot_3d_0233-> 305/331 | 92%
[2026-04-02 12:16:36] [INFO] Chargement de robot_3d_0234-> 306/331 | 92%
[2026-04-02 12:16:36] [INFO] Chargement de robot_3d_0235-> 307/331 | 92%
[2026-04-02 12:16:36] [INFO] Chargement de robot_3d_0237-> 309/331 | 93%
[2026-04-02 12:16:36] [INFO] Chargement de robot_3d_0238-> 310/331 | 93%
[2026-04-02 12:16:36] [INFO] Chargement de robot_3d_0239-> 311/331 | 93%
[2026-04-02 12:16:36] [INFO] Chargement de robot_3d_0240-> 312/331 | 94%
[2026-04-02 12:16:36] [INFO] Chargement de lava_0-> 321/331 | 96%
[2026-04-02 12:16:37] [INFO] Assets chargés, redirect vers play_menu
[2026-04-02 12:16:37] [INFO] Entrez dans play_menu avec le compte test1.json
[2026-04-02 12:17:10] [INFO] Entrez dans play_menu avec le compte test1.json
[2026-04-02 12:18:45] [INFO] 



+///////////////////////////////////////////////////////////////////////////+

                Démarrage de Nexus Extraction

+///////////////////////////////////////////////////////////////////////////+

[2026-04-02 12:18:45] [INFO] 
+---------------------------- Bienvenue ! ----------------------------+

Bienvenue dans Nexus Extraction. Si vous lisez ceci, c’est que vous vous
trouvez actuellement dans les logs du jeu. Si vous êtes un joueur lambda,
cette fenêtre ne vous intéressera pas, mais ne la fermez pas, car cette
action entraînera la fermeture du jeu.

En cas de problème ou de plantage du jeu, merci de contacter le développeur
à l’adresse e-mail suivante : mouyelv@sjb-liege.org
en joignant les fichiers de logs qui se trouvent dans le dossier "logs/".

Merci de jouer à Nexus Extraction et bon jeu ;)

+-------------------------------- LOGS --------------------------------+

[2026-04-02 12:18:45] [INFO] Main Menu
[2026-04-02 12:18:46] [INFO] Entrez dans compte
[2026-04-02 12:18:46] [INFO] Entrez dans load_menu avec le compte -> test1.json
[2026-04-02 12:18:46] [INFO] Chargement de title-> 1/331 | 0%
[2026-04-02 12:18:46] [INFO] Chargement de creator-> 2/331 | 0%
[2026-04-02 12:18:46] [INFO] Chargement de the_void-> 4/331 | 1%
[2026-04-02 12:18:46] [INFO] Chargement de the_void-> 4/331 | 1%
[2026-04-02 12:18:46] [INFO] Chargement de the_void_full-> 5/331 | 1%
[2026-04-02 12:18:46] [INFO] Chargement de underground_1-> 6/331 | 1%
[2026-04-02 12:18:46] [INFO] Chargement de underground_2-> 7/331 | 2%
[2026-04-02 12:18:46] [INFO] Chargement de underground_3-> 8/331 | 2%
[2026-04-02 12:18:46] [INFO] Chargement de btn_play_menu-> 9/331 | 2%
[2026-04-02 12:18:46] [INFO] Chargement de btn_play_menu-> 9/331 | 2%
[2026-04-02 12:18:46] [INFO] Chargement de btn_play_menu-> 9/331 | 2%
[2026-04-02 12:18:46] [INFO] Chargement de btn_boutique_menu-> 10/331 | 3%
[2026-04-02 12:18:46] [INFO] Chargement de btn_boutique_menu-> 10/331 | 3%
[2026-04-02 12:18:46] [INFO] Chargement de btn_option_menu-> 11/331 | 3%
[2026-04-02 12:18:46] [INFO] Chargement de btn_option_menu-> 11/331 | 3%
[2026-04-02 12:18:46] [INFO] Chargement de btn_option_menu-> 11/331 | 3%
[2026-04-02 12:18:46] [INFO] Chargement de btn_play-> 12/331 | 3%
[2026-04-02 12:18:46] [INFO] Chargement de btn_play-> 12/331 | 3%
[2026-04-02 12:18:46] [INFO] Chargement de btn_quitter-> 13/331 | 3%
[2026-04-02 12:18:46] [INFO] Chargement de btn_quitter-> 13/331 | 3%
[2026-04-02 12:18:46] [INFO] Chargement de btn_quitter-> 13/331 | 3%
[2026-04-02 12:18:46] [INFO] Chargement de barre_laterale-> 16/331 | 4%
[2026-04-02 12:18:46] [INFO] Chargement de boutique_frame-> 18/331 | 5%
[2026-04-02 12:18:46] [INFO] Chargement de boutique_pression-> 20/331 | 6%
[2026-04-02 12:18:46] [INFO] Chargement de danger-> 23/331 | 6%
[2026-04-02 12:18:46] [INFO] Chargement de pression_icon-> 24/331 | 7%
[2026-04-02 12:18:46] [INFO] Chargement de oak_log-> 33/331 | 9%
[2026-04-02 12:18:46] [INFO] Chargement de deepslate_lapis_ore-> 45/331 | 13%
[2026-04-02 12:18:46] [INFO] Chargement de robot_1-> 54/331 | 16%
[2026-04-02 12:18:47] [INFO] Chargement de robot_30-> 63/331 | 19%
[2026-04-02 12:18:47] [INFO] Chargement de bird_1-> 70/331 | 21%
[2026-04-02 12:18:47] [INFO] Chargement de robot_3d_0002-> 74/331 | 22%
[2026-04-02 12:18:47] [INFO] Chargement de robot_3d_0003-> 75/331 | 22%
[2026-04-02 12:18:47] [INFO] Chargement de robot_3d_0003-> 75/331 | 22%
[2026-04-02 12:18:47] [INFO] Chargement de robot_3d_0004-> 76/331 | 22%
[2026-04-02 12:18:47] [INFO] Chargement de robot_3d_0006-> 78/331 | 23%
[2026-04-02 12:18:47] [INFO] Chargement de robot_3d_0006-> 78/331 | 23%
[2026-04-02 12:18:47] [INFO] Chargement de robot_3d_0007-> 79/331 | 23%
[2026-04-02 12:18:47] [INFO] Chargement de robot_3d_0008-> 80/331 | 24%
[2026-04-02 12:18:47] [INFO] Chargement de robot_3d_0010-> 82/331 | 24%
[2026-04-02 12:18:47] [INFO] Chargement de robot_3d_0012-> 84/331 | 25%
[2026-04-02 12:18:47] [INFO] Chargement de robot_3d_0012-> 84/331 | 25%
[2026-04-02 12:18:47] [INFO] Chargement de robot_3d_0014-> 86/331 | 25%
[2026-04-02 12:18:47] [INFO] Chargement de robot_3d_0015-> 87/331 | 26%
[2026-04-02 12:18:47] [INFO] Chargement de robot_3d_0016-> 88/331 | 26%
[2026-04-02 12:18:47] [INFO] Chargement de robot_3d_0018-> 90/331 | 27%
[2026-04-02 12:18:47] [INFO] Chargement de robot_3d_0019-> 91/331 | 27%
[2026-04-02 12:18:47] [INFO] Chargement de robot_3d_0020-> 92/331 | 27%
[2026-04-02 12:18:47] [INFO] Chargement de robot_3d_0021-> 93/331 | 28%
[2026-04-02 12:18:47] [INFO] Chargement de robot_3d_0022-> 94/331 | 28%
[2026-04-02 12:18:47] [INFO] Chargement de robot_3d_0023-> 95/331 | 28%
[2026-04-02 12:18:47] [INFO] Chargement de robot_3d_0025-> 97/331 | 29%
[2026-04-02 12:18:47] [INFO] Chargement de robot_3d_0026-> 98/331 | 29%
[2026-04-02 12:18:47] [INFO] Chargement de robot_3d_0027-> 99/331 | 29%
[2026-04-02 12:18:47] [INFO] Chargement de robot_3d_0029-> 101/331 | 30%
[2026-04-02 12:18:47] [INFO] Chargement de robot_3d_0030-> 102/331 | 30%
[2026-04-02 12:18:47] [INFO] Chargement de robot_3d_0031-> 103/331 | 31%
[2026-04-02 12:18:47] [INFO] Chargement de robot_3d_0033-> 105/331 | 31%
[2026-04-02 12:18:47] [INFO] Chargement de robot_3d_0034-> 106/331 | 32%
[2026-04-02 12:18:47] [INFO] Chargement de robot_3d_0035-> 107/331 | 32%
[2026-04-02 12:18:47] [INFO] Chargement de robot_3d_0036-> 108/331 | 32%
[2026-04-02 12:18:47] [INFO] Chargement de robot_3d_0039-> 111/331 | 33%
[2026-04-02 12:18:47] [INFO] Chargement de robot_3d_0040-> 112/331 | 33%
[2026-04-02 12:18:47] [INFO] Chargement de robot_3d_0041-> 113/331 | 34%
[2026-04-02 12:18:47] [INFO] Chargement de robot_3d_0042-> 114/331 | 34%
[2026-04-02 12:18:47] [INFO] Chargement de robot_3d_0044-> 116/331 | 35%
[2026-04-02 12:18:47] [INFO] Chargement de robot_3d_0045-> 117/331 | 35%
[2026-04-02 12:18:47] [INFO] Chargement de robot_3d_0046-> 118/331 | 35%
[2026-04-02 12:18:47] [INFO] Chargement de robot_3d_0047-> 119/331 | 35%
[2026-04-02 12:18:47] [INFO] Chargement de robot_3d_0048-> 120/331 | 36%
[2026-04-02 12:18:47] [INFO] Chargement de robot_3d_0049-> 121/331 | 36%
[2026-04-02 12:18:47] [INFO] Chargement de robot_3d_0051-> 123/331 | 37%
[2026-04-02 12:18:47] [INFO] Chargement de robot_3d_0052-> 124/331 | 37%
[2026-04-02 12:18:47] [INFO] Chargement de robot_3d_0053-> 125/331 | 37%
[2026-04-02 12:18:47] [INFO] Chargement de robot_3d_0055-> 127/331 | 38%
[2026-04-02 12:18:47] [INFO] Chargement de robot_3d_0057-> 129/331 | 38%
[2026-04-02 12:18:47] [INFO] Chargement de robot_3d_0057-> 129/331 | 38%
[2026-04-02 12:18:47] [INFO] Chargement de robot_3d_0058-> 130/331 | 39%
[2026-04-02 12:18:47] [INFO] Chargement de robot_3d_0059-> 131/331 | 39%
[2026-04-02 12:18:47] [INFO] Chargement de robot_3d_0061-> 133/331 | 40%
[2026-04-02 12:18:47] [INFO] Chargement de robot_3d_0063-> 135/331 | 40%
[2026-04-02 12:18:47] [INFO] Chargement de robot_3d_0065-> 137/331 | 41%
[2026-04-02 12:18:47] [INFO] Chargement de robot_3d_0067-> 139/331 | 41%
[2026-04-02 12:18:47] [INFO] Chargement de robot_3d_0069-> 141/331 | 42%
[2026-04-02 12:18:47] [INFO] Chargement de robot_3d_0071-> 143/331 | 43%
[2026-04-02 12:18:47] [INFO] Chargement de robot_3d_0073-> 145/331 | 43%
[2026-04-02 12:18:47] [INFO] Chargement de robot_3d_0074-> 146/331 | 44%
[2026-04-02 12:18:47] [INFO] Chargement de robot_3d_0075-> 147/331 | 44%
[2026-04-02 12:18:47] [INFO] Chargement de robot_3d_0077-> 149/331 | 45%
[2026-04-02 12:18:47] [INFO] Chargement de robot_3d_0078-> 150/331 | 45%
[2026-04-02 12:18:47] [INFO] Chargement de robot_3d_0080-> 152/331 | 45%
[2026-04-02 12:18:47] [INFO] Chargement de robot_3d_0081-> 153/331 | 46%
[2026-04-02 12:18:47] [INFO] Chargement de robot_3d_0082-> 154/331 | 46%
[2026-04-02 12:18:47] [INFO] Chargement de robot_3d_0084-> 156/331 | 47%
[2026-04-02 12:18:47] [INFO] Chargement de robot_3d_0084-> 156/331 | 47%
[2026-04-02 12:18:47] [INFO] Chargement de robot_3d_0085-> 157/331 | 47%
[2026-04-02 12:18:47] [INFO] Chargement de robot_3d_0086-> 158/331 | 47%
[2026-04-02 12:18:47] [INFO] Chargement de robot_3d_0087-> 159/331 | 48%
[2026-04-02 12:18:48] [INFO] Chargement de robot_3d_0089-> 161/331 | 48%
[2026-04-02 12:18:48] [INFO] Chargement de robot_3d_0091-> 163/331 | 49%
[2026-04-02 12:18:48] [INFO] Chargement de robot_3d_0091-> 163/331 | 49%
[2026-04-02 12:18:48] [INFO] Chargement de robot_3d_0093-> 165/331 | 49%
[2026-04-02 12:18:48] [INFO] Chargement de robot_3d_0095-> 167/331 | 50%
[2026-04-02 12:18:48] [INFO] Chargement de robot_3d_0096-> 168/331 | 50%
[2026-04-02 12:18:48] [INFO] Chargement de robot_3d_0097-> 169/331 | 51%
[2026-04-02 12:18:48] [INFO] Chargement de robot_3d_0099-> 171/331 | 51%
[2026-04-02 12:18:48] [INFO] Chargement de robot_3d_0101-> 173/331 | 52%
[2026-04-02 12:18:48] [INFO] Chargement de robot_3d_0102-> 174/331 | 52%
[2026-04-02 12:18:48] [INFO] Chargement de robot_3d_0103-> 175/331 | 52%
[2026-04-02 12:18:48] [INFO] Chargement de robot_3d_0104-> 176/331 | 53%
[2026-04-02 12:18:48] [INFO] Chargement de robot_3d_0106-> 178/331 | 53%
[2026-04-02 12:18:48] [INFO] Chargement de robot_3d_0107-> 179/331 | 54%
[2026-04-02 12:18:48] [INFO] Chargement de robot_3d_0108-> 180/331 | 54%
[2026-04-02 12:18:48] [INFO] Chargement de robot_3d_0110-> 182/331 | 54%
[2026-04-02 12:18:48] [INFO] Chargement de robot_3d_0112-> 184/331 | 55%
[2026-04-02 12:18:48] [INFO] Chargement de robot_3d_0114-> 186/331 | 56%
[2026-04-02 12:18:48] [INFO] Chargement de robot_3d_0116-> 188/331 | 56%
[2026-04-02 12:18:48] [INFO] Chargement de robot_3d_0117-> 189/331 | 57%
[2026-04-02 12:18:48] [INFO] Chargement de robot_3d_0118-> 190/331 | 57%
[2026-04-02 12:18:48] [INFO] Chargement de robot_3d_0120-> 192/331 | 58%
[2026-04-02 12:18:48] [INFO] Chargement de robot_3d_0122-> 194/331 | 58%
[2026-04-02 12:18:48] [INFO] Chargement de robot_3d_0123-> 195/331 | 58%
[2026-04-02 12:18:48] [INFO] Chargement de robot_3d_0124-> 196/331 | 59%
[2026-04-02 12:18:48] [INFO] Chargement de robot_3d_0125-> 197/331 | 59%
[2026-04-02 12:18:48] [INFO] Chargement de robot_3d_0126-> 198/331 | 59%
[2026-04-02 12:18:48] [INFO] Chargement de robot_3d_0128-> 200/331 | 60%
[2026-04-02 12:18:48] [INFO] Chargement de robot_3d_0130-> 202/331 | 61%
[2026-04-02 12:18:48] [INFO] Chargement de robot_3d_0132-> 204/331 | 61%
[2026-04-02 12:18:48] [INFO] Chargement de robot_3d_0133-> 205/331 | 61%
[2026-04-02 12:18:48] [INFO] Chargement de robot_3d_0135-> 207/331 | 62%
[2026-04-02 12:18:48] [INFO] Chargement de robot_3d_0136-> 208/331 | 62%
[2026-04-02 12:18:48] [INFO] Chargement de robot_3d_0137-> 209/331 | 63%
[2026-04-02 12:18:48] [INFO] Chargement de robot_3d_0139-> 211/331 | 63%
[2026-04-02 12:18:48] [INFO] Chargement de robot_3d_0140-> 212/331 | 64%
[2026-04-02 12:18:48] [INFO] Chargement de robot_3d_0142-> 214/331 | 64%
[2026-04-02 12:18:48] [INFO] Chargement de robot_3d_0142-> 214/331 | 64%
[2026-04-02 12:18:48] [INFO] Chargement de robot_3d_0144-> 216/331 | 65%
[2026-04-02 12:18:48] [INFO] Chargement de robot_3d_0146-> 218/331 | 65%
[2026-04-02 12:18:48] [INFO] Chargement de robot_3d_0147-> 219/331 | 66%
[2026-04-02 12:18:48] [INFO] Chargement de robot_3d_0149-> 221/331 | 66%
[2026-04-02 12:18:48] [INFO] Chargement de robot_3d_0151-> 223/331 | 67%
[2026-04-02 12:18:48] [INFO] Chargement de robot_3d_0153-> 225/331 | 67%
[2026-04-02 12:18:48] [INFO] Chargement de robot_3d_0155-> 227/331 | 68%
[2026-04-02 12:18:48] [INFO] Chargement de robot_3d_0157-> 229/331 | 69%
[2026-04-02 12:18:48] [INFO] Chargement de robot_3d_0158-> 230/331 | 69%
[2026-04-02 12:18:48] [INFO] Chargement de robot_3d_0159-> 231/331 | 69%
[2026-04-02 12:18:48] [INFO] Chargement de robot_3d_0160-> 232/331 | 70%
[2026-04-02 12:18:48] [INFO] Chargement de robot_3d_0162-> 234/331 | 70%
[2026-04-02 12:18:48] [INFO] Chargement de robot_3d_0163-> 235/331 | 70%
[2026-04-02 12:18:48] [INFO] Chargement de robot_3d_0164-> 236/331 | 71%
[2026-04-02 12:18:48] [INFO] Chargement de robot_3d_0165-> 237/331 | 71%
[2026-04-02 12:18:48] [INFO] Chargement de robot_3d_0166-> 238/331 | 71%
[2026-04-02 12:18:48] [INFO] Chargement de robot_3d_0167-> 239/331 | 72%
[2026-04-02 12:18:48] [INFO] Chargement de robot_3d_0168-> 240/331 | 72%
[2026-04-02 12:18:48] [INFO] Chargement de robot_3d_0170-> 242/331 | 73%
[2026-04-02 12:18:48] [INFO] Chargement de robot_3d_0173-> 245/331 | 74%
[2026-04-02 12:18:48] [INFO] Chargement de robot_3d_0178-> 250/331 | 75%
[2026-04-02 12:18:48] [INFO] Chargement de robot_3d_0181-> 253/331 | 76%
[2026-04-02 12:18:48] [INFO] Chargement de robot_3d_0182-> 254/331 | 76%
[2026-04-02 12:18:48] [INFO] Chargement de robot_3d_0184-> 256/331 | 77%
[2026-04-02 12:18:48] [INFO] Chargement de robot_3d_0185-> 257/331 | 77%
[2026-04-02 12:18:48] [INFO] Chargement de robot_3d_0187-> 259/331 | 78%
[2026-04-02 12:18:48] [INFO] Chargement de robot_3d_0189-> 261/331 | 78%
[2026-04-02 12:18:48] [INFO] Chargement de robot_3d_0191-> 263/331 | 79%
[2026-04-02 12:18:48] [INFO] Chargement de robot_3d_0193-> 265/331 | 80%
[2026-04-02 12:18:48] [INFO] Chargement de robot_3d_0195-> 267/331 | 80%
[2026-04-02 12:18:48] [INFO] Chargement de robot_3d_0197-> 269/331 | 81%
[2026-04-02 12:18:48] [INFO] Chargement de robot_3d_0199-> 271/331 | 81%
[2026-04-02 12:18:48] [INFO] Chargement de robot_3d_0201-> 273/331 | 82%
[2026-04-02 12:18:48] [INFO] Chargement de robot_3d_0202-> 274/331 | 82%
[2026-04-02 12:18:48] [INFO] Chargement de robot_3d_0204-> 276/331 | 83%
[2026-04-02 12:18:48] [INFO] Chargement de robot_3d_0205-> 277/331 | 83%
[2026-04-02 12:18:48] [INFO] Chargement de robot_3d_0207-> 279/331 | 84%
[2026-04-02 12:18:48] [INFO] Chargement de robot_3d_0209-> 281/331 | 84%
[2026-04-02 12:18:48] [INFO] Chargement de robot_3d_0211-> 283/331 | 85%
[2026-04-02 12:18:48] [INFO] Chargement de robot_3d_0212-> 284/331 | 85%
[2026-04-02 12:18:48] [INFO] Chargement de robot_3d_0213-> 285/331 | 86%
[2026-04-02 12:18:48] [INFO] Chargement de robot_3d_0214-> 286/331 | 86%
[2026-04-02 12:18:48] [INFO] Chargement de robot_3d_0216-> 288/331 | 87%
[2026-04-02 12:18:48] [INFO] Chargement de robot_3d_0217-> 289/331 | 87%
[2026-04-02 12:18:49] [INFO] Chargement de robot_3d_0218-> 290/331 | 87%
[2026-04-02 12:18:49] [INFO] Chargement de robot_3d_0220-> 292/331 | 88%
[2026-04-02 12:18:49] [INFO] Chargement de robot_3d_0221-> 293/331 | 88%
[2026-04-02 12:18:49] [INFO] Chargement de robot_3d_0222-> 294/331 | 88%
[2026-04-02 12:18:49] [INFO] Chargement de robot_3d_0223-> 295/331 | 89%
[2026-04-02 12:18:49] [INFO] Chargement de robot_3d_0224-> 296/331 | 89%
[2026-04-02 12:18:49] [INFO] Chargement de robot_3d_0225-> 297/331 | 89%
[2026-04-02 12:18:49] [INFO] Chargement de robot_3d_0227-> 299/331 | 90%
[2026-04-02 12:18:49] [INFO] Chargement de robot_3d_0228-> 300/331 | 90%
[2026-04-02 12:18:49] [INFO] Chargement de robot_3d_0229-> 301/331 | 90%
[2026-04-02 12:18:49] [INFO] Chargement de robot_3d_0230-> 302/331 | 91%
[2026-04-02 12:18:49] [INFO] Chargement de robot_3d_0231-> 303/331 | 91%
[2026-04-02 12:18:49] [INFO] Chargement de robot_3d_0232-> 304/331 | 91%
[2026-04-02 12:18:49] [INFO] Chargement de robot_3d_0233-> 305/331 | 92%
[2026-04-02 12:18:49] [INFO] Chargement de robot_3d_0234-> 306/331 | 92%
[2026-04-02 12:18:49] [INFO] Chargement de robot_3d_0235-> 307/331 | 92%
[2026-04-02 12:18:49] [INFO] Chargement de robot_3d_0236-> 308/331 | 93%
[2026-04-02 12:18:49] [INFO] Chargement de robot_3d_0237-> 309/331 | 93%
[2026-04-02 12:18:49] [INFO] Chargement de robot_3d_0238-> 310/331 | 93%
[2026-04-02 12:18:49] [INFO] Chargement de robot_3d_0239-> 311/331 | 93%
[2026-04-02 12:18:49] [INFO] Chargement de robot_3d_0240-> 312/331 | 94%
[2026-04-02 12:18:49] [INFO] Chargement de water_6-> 319/331 | 96%
[2026-04-02 12:18:49] [INFO] Chargement de rocket_0-> 329/331 | 99%
[2026-04-02 12:18:49] [INFO] Assets chargés, redirect vers play_menu
[2026-04-02 12:18:49] [INFO] Entrez dans play_menu avec le compte test1.json
[2026-04-02 12:19:43] [INFO] Compte choisi -> True
[2026-04-02 12:19:43] [INFO] Main Menu
[2026-04-02 12:19:43] [INFO] +------ Fin du jeux -----+
[2026-04-11 00:43:41] [INFO] 



+///////////////////////////////////////////////////////////////////////////+

                Démarrage de Nexus Extraction

+///////////////////////////////////////////////////////////////////////////+

[2026-04-11 00:43:41] [INFO] 
+---------------------------- Bienvenue ! ----------------------------+

Bienvenue dans Nexus Extraction. Si vous lisez ceci, c’est que vous vous
trouvez actuellement dans les logs du jeu. Si vous êtes un joueur lambda,
cette fenêtre ne vous intéressera pas, mais ne la fermez pas, car cette
action entraînera la fermeture du jeu.

En cas de problème ou de plantage du jeu, merci de contacter le développeur
à l’adresse e-mail suivante : mouyelv@sjb-liege.org
en joignant les fichiers de logs qui se trouvent dans le dossier "logs/".

Merci de jouer à Nexus Extraction et bon jeu ;)

+-------------------------------- LOGS --------------------------------+

[2026-04-11 00:43:42] [INFO] Main Menu
[2026-04-11 00:43:44] [INFO] Entrez dans compte
[2026-04-11 00:43:45] [INFO] Entrez dans load_menu avec le compte -> test1.json
[2026-04-11 00:43:45] [INFO] Chargement de title-> 1/331 | 0%
[2026-04-11 00:43:45] [INFO] Chargement de creator-> 2/331 | 0%
[2026-04-11 00:43:45] [INFO] Chargement de creator-> 2/331 | 0%
[2026-04-11 00:43:45] [INFO] Chargement de creator-> 2/331 | 0%
[2026-04-11 00:43:45] [INFO] Chargement de creator-> 2/331 | 0%
[2026-04-11 00:43:45] [INFO] Chargement de creator-> 2/331 | 0%
[2026-04-11 00:43:45] [INFO] Chargement de creator-> 2/331 | 0%
[2026-04-11 00:43:45] [INFO] Chargement de the_void_full-> 5/331 | 1%
[2026-04-11 00:43:45] [INFO] Chargement de the_void_full-> 5/331 | 1%
[2026-04-11 00:43:45] [INFO] Chargement de underground_1-> 6/331 | 1%
[2026-04-11 00:43:45] [INFO] Chargement de underground_2-> 7/331 | 2%
[2026-04-11 00:43:45] [INFO] Chargement de underground_2-> 7/331 | 2%
[2026-04-11 00:43:45] [INFO] Chargement de underground_2-> 7/331 | 2%
[2026-04-11 00:43:45] [INFO] Chargement de underground_2-> 7/331 | 2%
[2026-04-11 00:43:45] [INFO] Chargement de underground_2-> 7/331 | 2%
[2026-04-11 00:43:45] [INFO] Chargement de underground_2-> 7/331 | 2%
[2026-04-11 00:43:45] [INFO] Chargement de underground_2-> 7/331 | 2%
[2026-04-11 00:43:45] [INFO] Chargement de underground_3-> 8/331 | 2%
[2026-04-11 00:43:46] [INFO] Chargement de btn_play_menu-> 9/331 | 2%
[2026-04-11 00:43:46] [INFO] Chargement de btn_play_menu-> 9/331 | 2%
[2026-04-11 00:43:46] [INFO] Chargement de btn_boutique_menu-> 10/331 | 3%
[2026-04-11 00:43:46] [INFO] Chargement de btn_boutique_menu-> 10/331 | 3%
[2026-04-11 00:43:46] [INFO] Chargement de btn_option_menu-> 11/331 | 3%
[2026-04-11 00:43:46] [INFO] Chargement de btn_option_menu-> 11/331 | 3%
[2026-04-11 00:43:46] [INFO] Chargement de btn_option_menu-> 11/331 | 3%
[2026-04-11 00:43:46] [INFO] Chargement de btn_play-> 12/331 | 3%
[2026-04-11 00:43:46] [INFO] Chargement de btn_play-> 12/331 | 3%
[2026-04-11 00:43:46] [INFO] Chargement de btn_quitter-> 13/331 | 3%
[2026-04-11 00:43:46] [INFO] Chargement de btn_quitter-> 13/331 | 3%
[2026-04-11 00:43:46] [INFO] Chargement de refresh_btn-> 15/331 | 4%
[2026-04-11 00:43:46] [INFO] Chargement de barre_laterale-> 16/331 | 4%
[2026-04-11 00:43:46] [INFO] Chargement de boutique_bg-> 17/331 | 5%
[2026-04-11 00:43:46] [INFO] Chargement de boutique_pression-> 20/331 | 6%
[2026-04-11 00:43:46] [INFO] Chargement de inventory-> 21/331 | 6%
[2026-04-11 00:43:46] [INFO] Chargement de danger-> 23/331 | 6%
[2026-04-11 00:43:46] [INFO] Chargement de pression_icon-> 24/331 | 7%
[2026-04-11 00:43:46] [INFO] Chargement de stairs-> 28/331 | 8%
[2026-04-11 00:43:46] [INFO] Chargement de oak_planks-> 32/331 | 9%
[2026-04-11 00:43:46] [INFO] Chargement de oak_strairs_R-> 35/331 | 10%
[2026-04-11 00:43:46] [INFO] Chargement de raw_iron_block-> 40/331 | 12%
[2026-04-11 00:43:46] [INFO] Chargement de cobbled_deepslate-> 44/331 | 13%
[2026-04-11 00:43:46] [INFO] Chargement de deepslate-> 48/331 | 14%
[2026-04-11 00:43:46] [INFO] Chargement de robot_0-> 53/331 | 16%
[2026-04-11 00:43:47] [INFO] Chargement de robot_5-> 58/331 | 17%
[2026-04-11 00:43:47] [INFO] Chargement de robot_20-> 62/331 | 18%
[2026-04-11 00:43:47] [INFO] Chargement de robot_50-> 65/331 | 19%
[2026-04-11 00:43:47] [INFO] Chargement de bird_1-> 70/331 | 21%
[2026-04-11 00:43:47] [INFO] Chargement de robot_3d_0002-> 74/331 | 22%
[2026-04-11 00:43:47] [INFO] Chargement de robot_3d_0003-> 75/331 | 22%
[2026-04-11 00:43:47] [INFO] Chargement de robot_3d_0004-> 76/331 | 22%
[2026-04-11 00:43:47] [INFO] Chargement de robot_3d_0006-> 78/331 | 23%
[2026-04-11 00:43:47] [INFO] Chargement de robot_3d_0007-> 79/331 | 23%
[2026-04-11 00:43:47] [INFO] Chargement de robot_3d_0008-> 80/331 | 24%
[2026-04-11 00:43:47] [INFO] Chargement de robot_3d_0009-> 81/331 | 24%
[2026-04-11 00:43:47] [INFO] Chargement de robot_3d_0011-> 83/331 | 25%
[2026-04-11 00:43:47] [INFO] Chargement de robot_3d_0012-> 84/331 | 25%
[2026-04-11 00:43:47] [INFO] Chargement de robot_3d_0013-> 85/331 | 25%
[2026-04-11 00:43:47] [INFO] Chargement de robot_3d_0014-> 86/331 | 25%
[2026-04-11 00:43:47] [INFO] Chargement de robot_3d_0015-> 87/331 | 26%
[2026-04-11 00:43:47] [INFO] Chargement de robot_3d_0016-> 88/331 | 26%
[2026-04-11 00:43:47] [INFO] Chargement de robot_3d_0017-> 89/331 | 26%
[2026-04-11 00:43:47] [INFO] Chargement de robot_3d_0018-> 90/331 | 27%
[2026-04-11 00:43:47] [INFO] Chargement de robot_3d_0020-> 92/331 | 27%
[2026-04-11 00:43:47] [INFO] Chargement de robot_3d_0020-> 92/331 | 27%
[2026-04-11 00:43:48] [INFO] Chargement de robot_3d_0021-> 93/331 | 28%
[2026-04-11 00:43:48] [INFO] Chargement de robot_3d_0022-> 94/331 | 28%
[2026-04-11 00:43:48] [INFO] Chargement de robot_3d_0023-> 95/331 | 28%
[2026-04-11 00:43:48] [INFO] Chargement de robot_3d_0024-> 96/331 | 29%
[2026-04-11 00:43:48] [INFO] Chargement de robot_3d_0025-> 97/331 | 29%
[2026-04-11 00:43:48] [INFO] Chargement de robot_3d_0026-> 98/331 | 29%
[2026-04-11 00:43:48] [INFO] Chargement de robot_3d_0027-> 99/331 | 29%
[2026-04-11 00:43:48] [INFO] Chargement de robot_3d_0028-> 100/331 | 30%
[2026-04-11 00:43:48] [INFO] Chargement de robot_3d_0029-> 101/331 | 30%
[2026-04-11 00:43:48] [INFO] Chargement de robot_3d_0030-> 102/331 | 30%
[2026-04-11 00:43:48] [INFO] Chargement de robot_3d_0031-> 103/331 | 31%
[2026-04-11 00:43:48] [INFO] Chargement de robot_3d_0032-> 104/331 | 31%
[2026-04-11 00:43:48] [INFO] Chargement de robot_3d_0033-> 105/331 | 31%
[2026-04-11 00:43:48] [INFO] Chargement de robot_3d_0034-> 106/331 | 32%
[2026-04-11 00:43:48] [INFO] Chargement de robot_3d_0035-> 107/331 | 32%
[2026-04-11 00:43:48] [INFO] Chargement de robot_3d_0036-> 108/331 | 32%
[2026-04-11 00:43:48] [INFO] Chargement de robot_3d_0037-> 109/331 | 32%
[2026-04-11 00:43:48] [INFO] Chargement de robot_3d_0038-> 110/331 | 33%
[2026-04-11 00:43:48] [INFO] Chargement de robot_3d_0039-> 111/331 | 33%
[2026-04-11 00:43:48] [INFO] Chargement de robot_3d_0040-> 112/331 | 33%
[2026-04-11 00:43:48] [INFO] Chargement de robot_3d_0041-> 113/331 | 34%
[2026-04-11 00:43:48] [INFO] Chargement de robot_3d_0042-> 114/331 | 34%
[2026-04-11 00:43:48] [INFO] Chargement de robot_3d_0043-> 115/331 | 34%
[2026-04-11 00:43:48] [INFO] Chargement de robot_3d_0044-> 116/331 | 35%
[2026-04-11 00:43:48] [INFO] Chargement de robot_3d_0045-> 117/331 | 35%
[2026-04-11 00:43:48] [INFO] Chargement de robot_3d_0046-> 118/331 | 35%
[2026-04-11 00:43:48] [INFO] Chargement de robot_3d_0047-> 119/331 | 35%
[2026-04-11 00:43:48] [INFO] Chargement de robot_3d_0048-> 120/331 | 36%
[2026-04-11 00:43:48] [INFO] Chargement de robot_3d_0049-> 121/331 | 36%
[2026-04-11 00:43:48] [INFO] Chargement de robot_3d_0050-> 122/331 | 36%
[2026-04-11 00:43:48] [INFO] Chargement de robot_3d_0051-> 123/331 | 37%
[2026-04-11 00:43:48] [INFO] Chargement de robot_3d_0052-> 124/331 | 37%
[2026-04-11 00:43:48] [INFO] Chargement de robot_3d_0053-> 125/331 | 37%
[2026-04-11 00:43:48] [INFO] Chargement de robot_3d_0054-> 126/331 | 38%
[2026-04-11 00:43:48] [INFO] Chargement de robot_3d_0055-> 127/331 | 38%
[2026-04-11 00:43:48] [INFO] Chargement de robot_3d_0056-> 128/331 | 38%
[2026-04-11 00:43:48] [INFO] Chargement de robot_3d_0057-> 129/331 | 38%
[2026-04-11 00:43:48] [INFO] Chargement de robot_3d_0058-> 130/331 | 39%
[2026-04-11 00:43:48] [INFO] Chargement de robot_3d_0059-> 131/331 | 39%
[2026-04-11 00:43:48] [INFO] Chargement de robot_3d_0060-> 132/331 | 39%
[2026-04-11 00:43:48] [INFO] Chargement de robot_3d_0061-> 133/331 | 40%
[2026-04-11 00:43:48] [INFO] Chargement de robot_3d_0062-> 134/331 | 40%
[2026-04-11 00:43:48] [INFO] Chargement de robot_3d_0063-> 135/331 | 40%
[2026-04-11 00:43:49] [INFO] Chargement de robot_3d_0064-> 136/331 | 41%
[2026-04-11 00:43:49] [INFO] Chargement de robot_3d_0065-> 137/331 | 41%
[2026-04-11 00:43:49] [INFO] Chargement de robot_3d_0066-> 138/331 | 41%
[2026-04-11 00:43:49] [INFO] Chargement de robot_3d_0067-> 139/331 | 41%
[2026-04-11 00:43:49] [INFO] Chargement de robot_3d_0068-> 140/331 | 42%
[2026-04-11 00:43:49] [INFO] Chargement de robot_3d_0069-> 141/331 | 42%
[2026-04-11 00:43:49] [INFO] Chargement de robot_3d_0070-> 142/331 | 42%
[2026-04-11 00:43:49] [INFO] Chargement de robot_3d_0071-> 143/331 | 43%
[2026-04-11 00:43:49] [INFO] Chargement de robot_3d_0072-> 144/331 | 43%
[2026-04-11 00:43:49] [INFO] Chargement de robot_3d_0073-> 145/331 | 43%
[2026-04-11 00:43:49] [INFO] Chargement de robot_3d_0074-> 146/331 | 44%
[2026-04-11 00:43:49] [INFO] Chargement de robot_3d_0075-> 147/331 | 44%
[2026-04-11 00:43:49] [INFO] Chargement de robot_3d_0076-> 148/331 | 44%
[2026-04-11 00:43:49] [INFO] Chargement de robot_3d_0077-> 149/331 | 45%
[2026-04-11 00:43:49] [INFO] Chargement de robot_3d_0078-> 150/331 | 45%
[2026-04-11 00:43:49] [INFO] Chargement de robot_3d_0079-> 151/331 | 45%
[2026-04-11 00:43:49] [INFO] Chargement de robot_3d_0080-> 152/331 | 45%
[2026-04-11 00:43:49] [INFO] Chargement de robot_3d_0081-> 153/331 | 46%
[2026-04-11 00:43:49] [INFO] Chargement de robot_3d_0082-> 154/331 | 46%
[2026-04-11 00:43:49] [INFO] Chargement de robot_3d_0083-> 155/331 | 46%
[2026-04-11 00:43:49] [INFO] Chargement de robot_3d_0084-> 156/331 | 47%
[2026-04-11 00:43:49] [INFO] Chargement de robot_3d_0085-> 157/331 | 47%
[2026-04-11 00:43:49] [INFO] Chargement de robot_3d_0086-> 158/331 | 47%
[2026-04-11 00:43:49] [INFO] Chargement de robot_3d_0087-> 159/331 | 48%
[2026-04-11 00:43:49] [INFO] Chargement de robot_3d_0089-> 161/331 | 48%
[2026-04-11 00:43:49] [INFO] Chargement de robot_3d_0090-> 162/331 | 48%
[2026-04-11 00:43:49] [INFO] Chargement de robot_3d_0091-> 163/331 | 49%
[2026-04-11 00:43:49] [INFO] Chargement de robot_3d_0092-> 164/331 | 49%
[2026-04-11 00:43:49] [INFO] Chargement de robot_3d_0093-> 165/331 | 49%
[2026-04-11 00:43:49] [INFO] Chargement de robot_3d_0094-> 166/331 | 50%
[2026-04-11 00:43:49] [INFO] Chargement de robot_3d_0095-> 167/331 | 50%
[2026-04-11 00:43:49] [INFO] Chargement de robot_3d_0096-> 168/331 | 50%
[2026-04-11 00:43:49] [INFO] Chargement de robot_3d_0097-> 169/331 | 51%
[2026-04-11 00:43:49] [INFO] Chargement de robot_3d_0098-> 170/331 | 51%
[2026-04-11 00:43:49] [INFO] Chargement de robot_3d_0099-> 171/331 | 51%
[2026-04-11 00:43:49] [INFO] Chargement de robot_3d_0100-> 172/331 | 51%
[2026-04-11 00:43:49] [INFO] Chargement de robot_3d_0101-> 173/331 | 52%
[2026-04-11 00:43:49] [INFO] Chargement de robot_3d_0102-> 174/331 | 52%
[2026-04-11 00:43:49] [INFO] Chargement de robot_3d_0103-> 175/331 | 52%
[2026-04-11 00:43:49] [INFO] Chargement de robot_3d_0104-> 176/331 | 53%
[2026-04-11 00:43:49] [INFO] Chargement de robot_3d_0105-> 177/331 | 53%
[2026-04-11 00:43:49] [INFO] Chargement de robot_3d_0106-> 178/331 | 53%
[2026-04-11 00:43:49] [INFO] Chargement de robot_3d_0107-> 179/331 | 54%
[2026-04-11 00:43:49] [INFO] Chargement de robot_3d_0108-> 180/331 | 54%
[2026-04-11 00:43:49] [INFO] Chargement de robot_3d_0109-> 181/331 | 54%
[2026-04-11 00:43:50] [INFO] Chargement de robot_3d_0110-> 182/331 | 54%
[2026-04-11 00:43:50] [INFO] Chargement de robot_3d_0111-> 183/331 | 55%
[2026-04-11 00:43:50] [INFO] Chargement de robot_3d_0112-> 184/331 | 55%
[2026-04-11 00:43:50] [INFO] Chargement de robot_3d_0113-> 185/331 | 55%
[2026-04-11 00:43:50] [INFO] Chargement de robot_3d_0114-> 186/331 | 56%
[2026-04-11 00:43:50] [INFO] Chargement de robot_3d_0115-> 187/331 | 56%
[2026-04-11 00:43:50] [INFO] Chargement de robot_3d_0116-> 188/331 | 56%
[2026-04-11 00:43:50] [INFO] Chargement de robot_3d_0117-> 189/331 | 57%
[2026-04-11 00:43:50] [INFO] Chargement de robot_3d_0118-> 190/331 | 57%
[2026-04-11 00:43:50] [INFO] Chargement de robot_3d_0119-> 191/331 | 57%
[2026-04-11 00:43:50] [INFO] Chargement de robot_3d_0120-> 192/331 | 58%
[2026-04-11 00:43:50] [INFO] Chargement de robot_3d_0121-> 193/331 | 58%
[2026-04-11 00:43:50] [INFO] Chargement de robot_3d_0122-> 194/331 | 58%
[2026-04-11 00:43:50] [INFO] Chargement de robot_3d_0123-> 195/331 | 58%
[2026-04-11 00:43:50] [INFO] Chargement de robot_3d_0124-> 196/331 | 59%
[2026-04-11 00:43:50] [INFO] Chargement de robot_3d_0125-> 197/331 | 59%
[2026-04-11 00:43:50] [INFO] Chargement de robot_3d_0126-> 198/331 | 59%
[2026-04-11 00:43:50] [INFO] Chargement de robot_3d_0127-> 199/331 | 60%
[2026-04-11 00:43:50] [INFO] Chargement de robot_3d_0128-> 200/331 | 60%
[2026-04-11 00:43:50] [INFO] Chargement de robot_3d_0129-> 201/331 | 60%
[2026-04-11 00:43:50] [INFO] Chargement de robot_3d_0130-> 202/331 | 61%
[2026-04-11 00:43:50] [INFO] Chargement de robot_3d_0131-> 203/331 | 61%
[2026-04-11 00:43:50] [INFO] Chargement de robot_3d_0132-> 204/331 | 61%
[2026-04-11 00:43:50] [INFO] Chargement de robot_3d_0133-> 205/331 | 61%
[2026-04-11 00:43:50] [INFO] Chargement de robot_3d_0134-> 206/331 | 62%
[2026-04-11 00:43:50] [INFO] Chargement de robot_3d_0135-> 207/331 | 62%
[2026-04-11 00:43:50] [INFO] Chargement de robot_3d_0136-> 208/331 | 62%
[2026-04-11 00:43:50] [INFO] Chargement de robot_3d_0137-> 209/331 | 63%
[2026-04-11 00:43:50] [INFO] Chargement de robot_3d_0138-> 210/331 | 63%
[2026-04-11 00:43:50] [INFO] Chargement de robot_3d_0139-> 211/331 | 63%
[2026-04-11 00:43:50] [INFO] Chargement de robot_3d_0140-> 212/331 | 64%
[2026-04-11 00:43:50] [INFO] Chargement de robot_3d_0141-> 213/331 | 64%
[2026-04-11 00:43:50] [INFO] Chargement de robot_3d_0142-> 214/331 | 64%
[2026-04-11 00:43:50] [INFO] Chargement de robot_3d_0143-> 215/331 | 64%
[2026-04-11 00:43:50] [INFO] Chargement de robot_3d_0144-> 216/331 | 65%
[2026-04-11 00:43:50] [INFO] Chargement de robot_3d_0145-> 217/331 | 65%
[2026-04-11 00:43:50] [INFO] Chargement de robot_3d_0146-> 218/331 | 65%
[2026-04-11 00:43:50] [INFO] Chargement de robot_3d_0147-> 219/331 | 66%
[2026-04-11 00:43:50] [INFO] Chargement de robot_3d_0148-> 220/331 | 66%
[2026-04-11 00:43:50] [INFO] Chargement de robot_3d_0149-> 221/331 | 66%
[2026-04-11 00:43:50] [INFO] Chargement de robot_3d_0150-> 222/331 | 67%
[2026-04-11 00:43:50] [INFO] Chargement de robot_3d_0151-> 223/331 | 67%
[2026-04-11 00:43:50] [INFO] Chargement de robot_3d_0152-> 224/331 | 67%
[2026-04-11 00:43:50] [INFO] Chargement de robot_3d_0153-> 225/331 | 67%
[2026-04-11 00:43:51] [INFO] Chargement de robot_3d_0154-> 226/331 | 68%
[2026-04-11 00:43:51] [INFO] Chargement de robot_3d_0155-> 227/331 | 68%
[2026-04-11 00:43:51] [INFO] Chargement de robot_3d_0156-> 228/331 | 68%
[2026-04-11 00:43:51] [INFO] Chargement de robot_3d_0157-> 229/331 | 69%
[2026-04-11 00:43:51] [INFO] Chargement de robot_3d_0158-> 230/331 | 69%
[2026-04-11 00:43:51] [INFO] Chargement de robot_3d_0159-> 231/331 | 69%
[2026-04-11 00:43:51] [INFO] Chargement de robot_3d_0160-> 232/331 | 70%
[2026-04-11 00:43:51] [INFO] Chargement de robot_3d_0161-> 233/331 | 70%
[2026-04-11 00:43:51] [INFO] Chargement de robot_3d_0162-> 234/331 | 70%
[2026-04-11 00:43:51] [INFO] Chargement de robot_3d_0163-> 235/331 | 70%
[2026-04-11 00:43:51] [INFO] Chargement de robot_3d_0164-> 236/331 | 71%
[2026-04-11 00:43:51] [INFO] Chargement de robot_3d_0165-> 237/331 | 71%
[2026-04-11 00:43:51] [INFO] Chargement de robot_3d_0166-> 238/331 | 71%
[2026-04-11 00:43:51] [INFO] Chargement de robot_3d_0167-> 239/331 | 72%
[2026-04-11 00:43:51] [INFO] Chargement de robot_3d_0168-> 240/331 | 72%
[2026-04-11 00:43:51] [INFO] Chargement de robot_3d_0169-> 241/331 | 72%
[2026-04-11 00:43:51] [INFO] Chargement de robot_3d_0170-> 242/331 | 73%
[2026-04-11 00:43:51] [INFO] Chargement de robot_3d_0171-> 243/331 | 73%
[2026-04-11 00:43:51] [INFO] Chargement de robot_3d_0172-> 244/331 | 73%
[2026-04-11 00:43:51] [INFO] Chargement de robot_3d_0173-> 245/331 | 74%
[2026-04-11 00:43:51] [INFO] Chargement de robot_3d_0174-> 246/331 | 74%
[2026-04-11 00:43:51] [INFO] Chargement de robot_3d_0175-> 247/331 | 74%
[2026-04-11 00:43:51] [INFO] Chargement de robot_3d_0176-> 248/331 | 74%
[2026-04-11 00:43:51] [INFO] Chargement de robot_3d_0177-> 249/331 | 75%
[2026-04-11 00:43:51] [INFO] Chargement de robot_3d_0178-> 250/331 | 75%
[2026-04-11 00:43:51] [INFO] Chargement de robot_3d_0179-> 251/331 | 75%
[2026-04-11 00:43:51] [INFO] Chargement de robot_3d_0180-> 252/331 | 76%
[2026-04-11 00:43:51] [INFO] Chargement de robot_3d_0181-> 253/331 | 76%
[2026-04-11 00:43:51] [INFO] Chargement de robot_3d_0182-> 254/331 | 76%
[2026-04-11 00:43:51] [INFO] Chargement de robot_3d_0183-> 255/331 | 77%
[2026-04-11 00:43:51] [INFO] Chargement de robot_3d_0184-> 256/331 | 77%
[2026-04-11 00:43:51] [INFO] Chargement de robot_3d_0185-> 257/331 | 77%
[2026-04-11 00:43:51] [INFO] Chargement de robot_3d_0186-> 258/331 | 77%
[2026-04-11 00:43:51] [INFO] Chargement de robot_3d_0187-> 259/331 | 78%
[2026-04-11 00:43:51] [INFO] Chargement de robot_3d_0188-> 260/331 | 78%
[2026-04-11 00:43:51] [INFO] Chargement de robot_3d_0189-> 261/331 | 78%
[2026-04-11 00:43:51] [INFO] Chargement de robot_3d_0190-> 262/331 | 79%
[2026-04-11 00:43:51] [INFO] Chargement de robot_3d_0191-> 263/331 | 79%
[2026-04-11 00:43:51] [INFO] Chargement de robot_3d_0192-> 264/331 | 79%
[2026-04-11 00:43:51] [INFO] Chargement de robot_3d_0193-> 265/331 | 80%
[2026-04-11 00:43:51] [INFO] Chargement de robot_3d_0194-> 266/331 | 80%
[2026-04-11 00:43:51] [INFO] Chargement de robot_3d_0195-> 267/331 | 80%
[2026-04-11 00:43:51] [INFO] Chargement de robot_3d_0196-> 268/331 | 80%
[2026-04-11 00:43:51] [INFO] Chargement de robot_3d_0197-> 269/331 | 81%
[2026-04-11 00:43:51] [INFO] Chargement de robot_3d_0198-> 270/331 | 81%
[2026-04-11 00:43:52] [INFO] Chargement de robot_3d_0199-> 271/331 | 81%
[2026-04-11 00:43:52] [INFO] Chargement de robot_3d_0200-> 272/331 | 82%
[2026-04-11 00:43:52] [INFO] Chargement de robot_3d_0201-> 273/331 | 82%
[2026-04-11 00:43:52] [INFO] Chargement de robot_3d_0202-> 274/331 | 82%
[2026-04-11 00:43:52] [INFO] Chargement de robot_3d_0203-> 275/331 | 83%
[2026-04-11 00:43:52] [INFO] Chargement de robot_3d_0204-> 276/331 | 83%
[2026-04-11 00:43:52] [INFO] Chargement de robot_3d_0205-> 277/331 | 83%
[2026-04-11 00:43:52] [INFO] Chargement de robot_3d_0206-> 278/331 | 83%
[2026-04-11 00:43:52] [INFO] Chargement de robot_3d_0207-> 279/331 | 84%
[2026-04-11 00:43:52] [INFO] Chargement de robot_3d_0208-> 280/331 | 84%
[2026-04-11 00:43:52] [INFO] Chargement de robot_3d_0209-> 281/331 | 84%
[2026-04-11 00:43:52] [INFO] Chargement de robot_3d_0210-> 282/331 | 85%
[2026-04-11 00:43:52] [INFO] Chargement de robot_3d_0211-> 283/331 | 85%
[2026-04-11 00:43:52] [INFO] Chargement de robot_3d_0212-> 284/331 | 85%
[2026-04-11 00:43:52] [INFO] Chargement de robot_3d_0213-> 285/331 | 86%
[2026-04-11 00:43:52] [INFO] Chargement de robot_3d_0215-> 287/331 | 86%
[2026-04-11 00:43:52] [INFO] Chargement de robot_3d_0216-> 288/331 | 87%
[2026-04-11 00:43:52] [INFO] Chargement de robot_3d_0217-> 289/331 | 87%
[2026-04-11 00:43:52] [INFO] Chargement de robot_3d_0218-> 290/331 | 87%
[2026-04-11 00:43:52] [INFO] Chargement de robot_3d_0219-> 291/331 | 87%
[2026-04-11 00:43:52] [INFO] Chargement de robot_3d_0220-> 292/331 | 88%
[2026-04-11 00:43:52] [INFO] Chargement de robot_3d_0221-> 293/331 | 88%
[2026-04-11 00:43:52] [INFO] Chargement de robot_3d_0222-> 294/331 | 88%
[2026-04-11 00:43:52] [INFO] Chargement de robot_3d_0223-> 295/331 | 89%
[2026-04-11 00:43:52] [INFO] Chargement de robot_3d_0224-> 296/331 | 89%
[2026-04-11 00:43:52] [INFO] Chargement de robot_3d_0225-> 297/331 | 89%
[2026-04-11 00:43:52] [INFO] Chargement de robot_3d_0226-> 298/331 | 90%
[2026-04-11 00:43:52] [INFO] Chargement de robot_3d_0227-> 299/331 | 90%
[2026-04-11 00:43:52] [INFO] Chargement de robot_3d_0228-> 300/331 | 90%
[2026-04-11 00:43:52] [INFO] Chargement de robot_3d_0229-> 301/331 | 90%
[2026-04-11 00:43:52] [INFO] Chargement de robot_3d_0230-> 302/331 | 91%
[2026-04-11 00:43:52] [INFO] Chargement de robot_3d_0231-> 303/331 | 91%
[2026-04-11 00:43:52] [INFO] Chargement de robot_3d_0233-> 305/331 | 92%
[2026-04-11 00:43:52] [INFO] Chargement de robot_3d_0234-> 306/331 | 92%
[2026-04-11 00:43:52] [INFO] Chargement de robot_3d_0235-> 307/331 | 92%
[2026-04-11 00:43:52] [INFO] Chargement de robot_3d_0236-> 308/331 | 93%
[2026-04-11 00:43:52] [INFO] Chargement de robot_3d_0237-> 309/331 | 93%
[2026-04-11 00:43:52] [INFO] Chargement de robot_3d_0238-> 310/331 | 93%
[2026-04-11 00:43:52] [INFO] Chargement de robot_3d_0239-> 311/331 | 93%
[2026-04-11 00:43:52] [INFO] Chargement de robot_3d_0240-> 312/331 | 94%
[2026-04-11 00:43:52] [INFO] Chargement de water_1-> 314/331 | 94%
[2026-04-11 00:43:52] [INFO] Chargement de water_4-> 317/331 | 95%
[2026-04-11 00:43:53] [INFO] Chargement de water_6-> 319/331 | 96%
[2026-04-11 00:43:53] [INFO] Chargement de lava_0-> 321/331 | 96%
[2026-04-11 00:43:53] [INFO] Chargement de lava_2-> 323/331 | 97%
[2026-04-11 00:43:53] [INFO] Chargement de lava_4-> 325/331 | 98%
[2026-04-11 00:43:53] [INFO] Chargement de lava_7-> 328/331 | 99%
[2026-04-11 00:43:53] [INFO] Chargement de rocket_1-> 330/331 | 99%
[2026-04-11 00:43:53] [INFO] Assets chargés, redirect vers play_menu
[2026-04-11 00:43:53] [INFO] Entrez dans play_menu avec le compte test1.json
[2026-04-11 00:45:13] [ERROR] play ->
Traceback (most recent call last):
  File "d:\informatique_tfe\tfe\src\data\object\games\play.py", line 252, in play
    maps,new_maps_check = robot.update(maps, collision_tiles)
                          ^^^^^^^^^^^^^^^^^^^^^^^^^^^^^^^^^^^
  File "d:\informatique_tfe\tfe\src\data\object\personnages\robot.py", line 208, in update
    maps = self.move_input(maps, collision_tiles)
           ^^^^^^^^^^^^^^^^^^^^^^^^^^^^^^^^^^^^^^
  File "d:\informatique_tfe\tfe\src\data\object\personnages\robot.py", line 170, in move_input
    self.block[maps[above][block_x]] += 1
    ~~~~~~~~~~^^^^^^^^^^^^^^^^^^^^^^
KeyError: 'water'
[2026-04-11 00:48:42] [INFO] 



+///////////////////////////////////////////////////////////////////////////+

                Démarrage de Nexus Extraction

+///////////////////////////////////////////////////////////////////////////+

[2026-04-11 00:48:42] [INFO] 
+---------------------------- Bienvenue ! ----------------------------+

Bienvenue dans Nexus Extraction. Si vous lisez ceci, c’est que vous vous
trouvez actuellement dans les logs du jeu. Si vous êtes un joueur lambda,
cette fenêtre ne vous intéressera pas, mais ne la fermez pas, car cette
action entraînera la fermeture du jeu.

En cas de problème ou de plantage du jeu, merci de contacter le développeur
à l’adresse e-mail suivante : mouyelv@sjb-liege.org
en joignant les fichiers de logs qui se trouvent dans le dossier "logs/".

Merci de jouer à Nexus Extraction et bon jeu ;)

+-------------------------------- LOGS --------------------------------+

[2026-04-11 00:48:42] [INFO] Main Menu
[2026-04-11 00:48:43] [INFO] Entrez dans compte
[2026-04-11 00:48:44] [INFO] Entrez dans load_menu avec le compte -> test1.json
[2026-04-11 00:48:44] [INFO] Chargement de title-> 1/331 | 0%
[2026-04-11 00:48:44] [INFO] Chargement de creator-> 2/331 | 0%
[2026-04-11 00:48:44] [INFO] Chargement de the_void-> 4/331 | 1%
[2026-04-11 00:48:44] [INFO] Chargement de the_void_full-> 5/331 | 1%
[2026-04-11 00:48:44] [INFO] Chargement de underground_1-> 6/331 | 1%
[2026-04-11 00:48:44] [INFO] Chargement de underground_2-> 7/331 | 2%
[2026-04-11 00:48:44] [INFO] Chargement de underground_3-> 8/331 | 2%
[2026-04-11 00:48:44] [INFO] Chargement de btn_play_menu-> 9/331 | 2%
[2026-04-11 00:48:44] [INFO] Chargement de btn_play_menu-> 9/331 | 2%
[2026-04-11 00:48:44] [INFO] Chargement de btn_play_menu-> 9/331 | 2%
[2026-04-11 00:48:44] [INFO] Chargement de btn_boutique_menu-> 10/331 | 3%
[2026-04-11 00:48:44] [INFO] Chargement de btn_option_menu-> 11/331 | 3%
[2026-04-11 00:48:44] [INFO] Chargement de btn_option_menu-> 11/331 | 3%
[2026-04-11 00:48:44] [INFO] Chargement de btn_play-> 12/331 | 3%
[2026-04-11 00:48:44] [INFO] Chargement de btn_play-> 12/331 | 3%
[2026-04-11 00:48:44] [INFO] Chargement de btn_quitter-> 13/331 | 3%
[2026-04-11 00:48:44] [INFO] Chargement de btn_quitter-> 13/331 | 3%
[2026-04-11 00:48:44] [INFO] Chargement de btn_compte-> 14/331 | 4%
[2026-04-11 00:48:44] [INFO] Chargement de refresh_btn-> 15/331 | 4%
[2026-04-11 00:48:44] [INFO] Chargement de boutique_frame-> 18/331 | 5%
[2026-04-11 00:48:44] [INFO] Chargement de boutique_pression-> 20/331 | 6%
[2026-04-11 00:48:44] [INFO] Chargement de blue_storm-> 22/331 | 6%
[2026-04-11 00:48:44] [INFO] Chargement de pression_icon-> 24/331 | 7%
[2026-04-11 00:48:44] [INFO] Chargement de emerald_ore-> 31/331 | 9%
[2026-04-11 00:48:44] [INFO] Chargement de deepslate_coal_ore-> 38/331 | 11%
[2026-04-11 00:48:44] [INFO] Chargement de lapis_ore-> 46/331 | 13%
[2026-04-11 00:48:44] [INFO] Chargement de robot_0-> 53/331 | 16%
[2026-04-11 00:48:44] [INFO] Chargement de robot_6-> 59/331 | 17%
[2026-04-11 00:48:44] [INFO] Chargement de robot_75-> 66/331 | 19%
[2026-04-11 00:48:44] [INFO] Chargement de robot_3d_0001-> 73/331 | 22%
[2026-04-11 00:48:44] [INFO] Chargement de robot_3d_0002-> 74/331 | 22%
[2026-04-11 00:48:44] [INFO] Chargement de robot_3d_0003-> 75/331 | 22%
[2026-04-11 00:48:44] [INFO] Chargement de robot_3d_0004-> 76/331 | 22%
[2026-04-11 00:48:44] [INFO] Chargement de robot_3d_0005-> 77/331 | 23%
[2026-04-11 00:48:44] [INFO] Chargement de robot_3d_0007-> 79/331 | 23%
[2026-04-11 00:48:44] [INFO] Chargement de robot_3d_0008-> 80/331 | 24%
[2026-04-11 00:48:44] [INFO] Chargement de robot_3d_0008-> 80/331 | 24%
[2026-04-11 00:48:44] [INFO] Chargement de robot_3d_0010-> 82/331 | 24%
[2026-04-11 00:48:44] [INFO] Chargement de robot_3d_0011-> 83/331 | 25%
[2026-04-11 00:48:45] [INFO] Chargement de robot_3d_0012-> 84/331 | 25%
[2026-04-11 00:48:45] [INFO] Chargement de robot_3d_0013-> 85/331 | 25%
[2026-04-11 00:48:45] [INFO] Chargement de robot_3d_0014-> 86/331 | 25%
[2026-04-11 00:48:45] [INFO] Chargement de robot_3d_0014-> 86/331 | 25%
[2026-04-11 00:48:45] [INFO] Chargement de robot_3d_0016-> 88/331 | 26%
[2026-04-11 00:48:45] [INFO] Chargement de robot_3d_0017-> 89/331 | 26%
[2026-04-11 00:48:45] [INFO] Chargement de robot_3d_0018-> 90/331 | 27%
[2026-04-11 00:48:45] [INFO] Chargement de robot_3d_0019-> 91/331 | 27%
[2026-04-11 00:48:45] [INFO] Chargement de robot_3d_0020-> 92/331 | 27%
[2026-04-11 00:48:45] [INFO] Chargement de robot_3d_0020-> 92/331 | 27%
[2026-04-11 00:48:45] [INFO] Chargement de robot_3d_0021-> 93/331 | 28%
[2026-04-11 00:48:45] [INFO] Chargement de robot_3d_0023-> 95/331 | 28%
[2026-04-11 00:48:45] [INFO] Chargement de robot_3d_0023-> 95/331 | 28%
[2026-04-11 00:48:45] [INFO] Chargement de robot_3d_0025-> 97/331 | 29%
[2026-04-11 00:48:45] [INFO] Chargement de robot_3d_0025-> 97/331 | 29%
[2026-04-11 00:48:45] [INFO] Chargement de robot_3d_0027-> 99/331 | 29%
[2026-04-11 00:48:45] [INFO] Chargement de robot_3d_0028-> 100/331 | 30%
[2026-04-11 00:48:45] [INFO] Chargement de robot_3d_0028-> 100/331 | 30%
[2026-04-11 00:48:45] [INFO] Chargement de robot_3d_0030-> 102/331 | 30%
[2026-04-11 00:48:45] [INFO] Chargement de robot_3d_0031-> 103/331 | 31%
[2026-04-11 00:48:45] [INFO] Chargement de robot_3d_0031-> 103/331 | 31%
[2026-04-11 00:48:45] [INFO] Chargement de robot_3d_0032-> 104/331 | 31%
[2026-04-11 00:48:45] [INFO] Chargement de robot_3d_0033-> 105/331 | 31%
[2026-04-11 00:48:45] [INFO] Chargement de robot_3d_0035-> 107/331 | 32%
[2026-04-11 00:48:45] [INFO] Chargement de robot_3d_0035-> 107/331 | 32%
[2026-04-11 00:48:45] [INFO] Chargement de robot_3d_0036-> 108/331 | 32%
[2026-04-11 00:48:45] [INFO] Chargement de robot_3d_0037-> 109/331 | 32%
[2026-04-11 00:48:45] [INFO] Chargement de robot_3d_0038-> 110/331 | 33%
[2026-04-11 00:48:45] [INFO] Chargement de robot_3d_0040-> 112/331 | 33%
[2026-04-11 00:48:45] [INFO] Chargement de robot_3d_0041-> 113/331 | 34%
[2026-04-11 00:48:45] [INFO] Chargement de robot_3d_0042-> 114/331 | 34%
[2026-04-11 00:48:45] [INFO] Chargement de robot_3d_0043-> 115/331 | 34%
[2026-04-11 00:48:45] [INFO] Chargement de robot_3d_0044-> 116/331 | 35%
[2026-04-11 00:48:45] [INFO] Chargement de robot_3d_0045-> 117/331 | 35%
[2026-04-11 00:48:45] [INFO] Chargement de robot_3d_0046-> 118/331 | 35%
[2026-04-11 00:48:45] [INFO] Chargement de robot_3d_0047-> 119/331 | 35%
[2026-04-11 00:48:45] [INFO] Chargement de robot_3d_0048-> 120/331 | 36%
[2026-04-11 00:48:45] [INFO] Chargement de robot_3d_0049-> 121/331 | 36%
[2026-04-11 00:48:45] [INFO] Chargement de robot_3d_0050-> 122/331 | 36%
[2026-04-11 00:48:45] [INFO] Chargement de robot_3d_0051-> 123/331 | 37%
[2026-04-11 00:48:45] [INFO] Chargement de robot_3d_0052-> 124/331 | 37%
[2026-04-11 00:48:45] [INFO] Chargement de robot_3d_0053-> 125/331 | 37%
[2026-04-11 00:48:45] [INFO] Chargement de robot_3d_0054-> 126/331 | 38%
[2026-04-11 00:48:45] [INFO] Chargement de robot_3d_0055-> 127/331 | 38%
[2026-04-11 00:48:45] [INFO] Chargement de robot_3d_0056-> 128/331 | 38%
[2026-04-11 00:48:45] [INFO] Chargement de robot_3d_0057-> 129/331 | 38%
[2026-04-11 00:48:45] [INFO] Chargement de robot_3d_0058-> 130/331 | 39%
[2026-04-11 00:48:45] [INFO] Chargement de robot_3d_0059-> 131/331 | 39%
[2026-04-11 00:48:45] [INFO] Chargement de robot_3d_0060-> 132/331 | 39%
[2026-04-11 00:48:45] [INFO] Chargement de robot_3d_0061-> 133/331 | 40%
[2026-04-11 00:48:45] [INFO] Chargement de robot_3d_0062-> 134/331 | 40%
[2026-04-11 00:48:45] [INFO] Chargement de robot_3d_0063-> 135/331 | 40%
[2026-04-11 00:48:45] [INFO] Chargement de robot_3d_0065-> 137/331 | 41%
[2026-04-11 00:48:45] [INFO] Chargement de robot_3d_0065-> 137/331 | 41%
[2026-04-11 00:48:45] [INFO] Chargement de robot_3d_0066-> 138/331 | 41%
[2026-04-11 00:48:45] [INFO] Chargement de robot_3d_0067-> 139/331 | 41%
[2026-04-11 00:48:45] [INFO] Chargement de robot_3d_0068-> 140/331 | 42%
[2026-04-11 00:48:45] [INFO] Chargement de robot_3d_0069-> 141/331 | 42%
[2026-04-11 00:48:45] [INFO] Chargement de robot_3d_0070-> 142/331 | 42%
[2026-04-11 00:48:45] [INFO] Chargement de robot_3d_0071-> 143/331 | 43%
[2026-04-11 00:48:45] [INFO] Chargement de robot_3d_0072-> 144/331 | 43%
[2026-04-11 00:48:45] [INFO] Chargement de robot_3d_0073-> 145/331 | 43%
[2026-04-11 00:48:45] [INFO] Chargement de robot_3d_0075-> 147/331 | 44%
[2026-04-11 00:48:45] [INFO] Chargement de robot_3d_0075-> 147/331 | 44%
[2026-04-11 00:48:45] [INFO] Chargement de robot_3d_0077-> 149/331 | 45%
[2026-04-11 00:48:45] [INFO] Chargement de robot_3d_0078-> 150/331 | 45%
[2026-04-11 00:48:45] [INFO] Chargement de robot_3d_0079-> 151/331 | 45%
[2026-04-11 00:48:45] [INFO] Chargement de robot_3d_0080-> 152/331 | 45%
[2026-04-11 00:48:45] [INFO] Chargement de robot_3d_0081-> 153/331 | 46%
[2026-04-11 00:48:45] [INFO] Chargement de robot_3d_0082-> 154/331 | 46%
[2026-04-11 00:48:45] [INFO] Chargement de robot_3d_0083-> 155/331 | 46%
[2026-04-11 00:48:45] [INFO] Chargement de robot_3d_0084-> 156/331 | 47%
[2026-04-11 00:48:45] [INFO] Chargement de robot_3d_0085-> 157/331 | 47%
[2026-04-11 00:48:45] [INFO] Chargement de robot_3d_0086-> 158/331 | 47%
[2026-04-11 00:48:45] [INFO] Chargement de robot_3d_0087-> 159/331 | 48%
[2026-04-11 00:48:45] [INFO] Chargement de robot_3d_0089-> 161/331 | 48%
[2026-04-11 00:48:45] [INFO] Chargement de robot_3d_0090-> 162/331 | 48%
[2026-04-11 00:48:45] [INFO] Chargement de robot_3d_0092-> 164/331 | 49%
[2026-04-11 00:48:45] [INFO] Chargement de robot_3d_0093-> 165/331 | 49%
[2026-04-11 00:48:45] [INFO] Chargement de robot_3d_0094-> 166/331 | 50%
[2026-04-11 00:48:45] [INFO] Chargement de robot_3d_0095-> 167/331 | 50%
[2026-04-11 00:48:45] [INFO] Chargement de robot_3d_0097-> 169/331 | 51%
[2026-04-11 00:48:45] [INFO] Chargement de robot_3d_0097-> 169/331 | 51%
[2026-04-11 00:48:45] [INFO] Chargement de robot_3d_0098-> 170/331 | 51%
[2026-04-11 00:48:45] [INFO] Chargement de robot_3d_0099-> 171/331 | 51%
[2026-04-11 00:48:45] [INFO] Chargement de robot_3d_0100-> 172/331 | 51%
[2026-04-11 00:48:45] [INFO] Chargement de robot_3d_0101-> 173/331 | 52%
[2026-04-11 00:48:45] [INFO] Chargement de robot_3d_0102-> 174/331 | 52%
[2026-04-11 00:48:45] [INFO] Chargement de robot_3d_0103-> 175/331 | 52%
[2026-04-11 00:48:45] [INFO] Chargement de robot_3d_0104-> 176/331 | 53%
[2026-04-11 00:48:45] [INFO] Chargement de robot_3d_0105-> 177/331 | 53%
[2026-04-11 00:48:45] [INFO] Chargement de robot_3d_0106-> 178/331 | 53%
[2026-04-11 00:48:45] [INFO] Chargement de robot_3d_0107-> 179/331 | 54%
[2026-04-11 00:48:45] [INFO] Chargement de robot_3d_0108-> 180/331 | 54%
[2026-04-11 00:48:45] [INFO] Chargement de robot_3d_0109-> 181/331 | 54%
[2026-04-11 00:48:46] [INFO] Chargement de robot_3d_0110-> 182/331 | 54%
[2026-04-11 00:48:46] [INFO] Chargement de robot_3d_0111-> 183/331 | 55%
[2026-04-11 00:48:46] [INFO] Chargement de robot_3d_0112-> 184/331 | 55%
[2026-04-11 00:48:46] [INFO] Chargement de robot_3d_0113-> 185/331 | 55%
[2026-04-11 00:48:46] [INFO] Chargement de robot_3d_0114-> 186/331 | 56%
[2026-04-11 00:48:46] [INFO] Chargement de robot_3d_0115-> 187/331 | 56%
[2026-04-11 00:48:46] [INFO] Chargement de robot_3d_0117-> 189/331 | 57%
[2026-04-11 00:48:46] [INFO] Chargement de robot_3d_0118-> 190/331 | 57%
[2026-04-11 00:48:46] [INFO] Chargement de robot_3d_0119-> 191/331 | 57%
[2026-04-11 00:48:46] [INFO] Chargement de robot_3d_0120-> 192/331 | 58%
[2026-04-11 00:48:46] [INFO] Chargement de robot_3d_0121-> 193/331 | 58%
[2026-04-11 00:48:46] [INFO] Chargement de robot_3d_0122-> 194/331 | 58%
[2026-04-11 00:48:46] [INFO] Chargement de robot_3d_0123-> 195/331 | 58%
[2026-04-11 00:48:46] [INFO] Chargement de robot_3d_0124-> 196/331 | 59%
[2026-04-11 00:48:46] [INFO] Chargement de robot_3d_0125-> 197/331 | 59%
[2026-04-11 00:48:46] [INFO] Chargement de robot_3d_0126-> 198/331 | 59%
[2026-04-11 00:48:46] [INFO] Assets chargés, redirect vers play_menu
[2026-04-11 00:48:46] [INFO] Entrez dans play_menu avec le compte test1.json
[2026-04-11 00:48:55] [ERROR] play ->
Traceback (most recent call last):
  File "d:\informatique_tfe\tfe\src\data\object\games\play.py", line 252, in play
    maps,new_maps_check = robot.update(maps, collision_tiles)
                          ^^^^^^^^^^^^^^^^^^^^^^^^^^^^^^^^^^^
  File "d:\informatique_tfe\tfe\src\data\object\personnages\robot.py", line 209, in update
    maps = self.move_input(maps, collision_tiles)
           ^^^^^^^^^^^^^^^^^^^^^^^^^^^^^^^^^^^^^^
  File "d:\informatique_tfe\tfe\src\data\object\personnages\robot.py", line 171, in move_input
    self.block[maps[above][block_x]] += 1
    ~~~~~~~~~~^^^^^^^^^^^^^^^^^^^^^^
KeyError: 'water'
[2026-04-11 00:49:55] [INFO] 



+///////////////////////////////////////////////////////////////////////////+

                Démarrage de Nexus Extraction

+///////////////////////////////////////////////////////////////////////////+

[2026-04-11 00:49:55] [INFO] 
+---------------------------- Bienvenue ! ----------------------------+

Bienvenue dans Nexus Extraction. Si vous lisez ceci, c’est que vous vous
trouvez actuellement dans les logs du jeu. Si vous êtes un joueur lambda,
cette fenêtre ne vous intéressera pas, mais ne la fermez pas, car cette
action entraînera la fermeture du jeu.

En cas de problème ou de plantage du jeu, merci de contacter le développeur
à l’adresse e-mail suivante : mouyelv@sjb-liege.org
en joignant les fichiers de logs qui se trouvent dans le dossier "logs/".

Merci de jouer à Nexus Extraction et bon jeu ;)

+-------------------------------- LOGS --------------------------------+

[2026-04-11 00:49:55] [INFO] Main Menu
[2026-04-11 00:49:57] [INFO] Entrez dans compte
[2026-04-11 00:49:58] [INFO] Entrez dans load_menu avec le compte -> test1.json
[2026-04-11 00:49:58] [INFO] Chargement de title-> 1/331 | 0%
[2026-04-11 00:49:58] [INFO] Chargement de creator-> 2/331 | 0%
[2026-04-11 00:49:58] [INFO] Chargement de robot_6-> 59/331 | 17%
[2026-04-11 00:49:58] [INFO] Chargement de robot_100-> 68/331 | 20%
[2026-04-11 00:49:58] [INFO] Chargement de robot_3d_0002-> 74/331 | 22%
[2026-04-11 00:49:58] [INFO] Chargement de robot_3d_0002-> 74/331 | 22%
[2026-04-11 00:49:58] [INFO] Chargement de robot_3d_0003-> 75/331 | 22%
[2026-04-11 00:49:58] [INFO] Chargement de robot_3d_0005-> 77/331 | 23%
[2026-04-11 00:49:58] [INFO] Chargement de robot_3d_0005-> 77/331 | 23%
[2026-04-11 00:49:58] [INFO] Chargement de robot_3d_0007-> 79/331 | 23%
[2026-04-11 00:49:58] [INFO] Chargement de robot_3d_0008-> 80/331 | 24%
[2026-04-11 00:49:58] [INFO] Chargement de robot_3d_0008-> 80/331 | 24%
[2026-04-11 00:49:58] [INFO] Chargement de robot_3d_0010-> 82/331 | 24%
[2026-04-11 00:49:58] [INFO] Chargement de robot_3d_0011-> 83/331 | 25%
[2026-04-11 00:49:59] [INFO] Chargement de robot_3d_0011-> 83/331 | 25%
[2026-04-11 00:49:59] [INFO] Chargement de robot_3d_0013-> 85/331 | 25%
[2026-04-11 00:49:59] [INFO] Chargement de robot_3d_0013-> 85/331 | 25%
[2026-04-11 00:49:59] [INFO] Chargement de robot_3d_0014-> 86/331 | 25%
[2026-04-11 00:49:59] [INFO] Chargement de robot_3d_0016-> 88/331 | 26%
[2026-04-11 00:49:59] [INFO] Chargement de robot_3d_0016-> 88/331 | 26%
[2026-04-11 00:49:59] [INFO] Chargement de robot_3d_0017-> 89/331 | 26%
[2026-04-11 00:49:59] [INFO] Chargement de robot_3d_0019-> 91/331 | 27%
[2026-04-11 00:49:59] [INFO] Chargement de robot_3d_0019-> 91/331 | 27%
[2026-04-11 00:49:59] [INFO] Chargement de robot_3d_0020-> 92/331 | 27%
[2026-04-11 00:49:59] [INFO] Chargement de robot_3d_0021-> 93/331 | 28%
[2026-04-11 00:49:59] [INFO] Chargement de robot_3d_0022-> 94/331 | 28%
[2026-04-11 00:49:59] [INFO] Chargement de robot_3d_0023-> 95/331 | 28%
[2026-04-11 00:49:59] [INFO] Chargement de robot_3d_0024-> 96/331 | 29%
[2026-04-11 00:49:59] [INFO] Chargement de robot_3d_0026-> 98/331 | 29%
[2026-04-11 00:49:59] [INFO] Chargement de robot_3d_0026-> 98/331 | 29%
[2026-04-11 00:49:59] [INFO] Chargement de robot_3d_0028-> 100/331 | 30%
[2026-04-11 00:49:59] [INFO] Chargement de robot_3d_0029-> 101/331 | 30%
[2026-04-11 00:49:59] [INFO] Chargement de robot_3d_0030-> 102/331 | 30%
[2026-04-11 00:49:59] [INFO] Chargement de robot_3d_0030-> 102/331 | 30%
[2026-04-11 00:49:59] [INFO] Chargement de robot_3d_0032-> 104/331 | 31%
[2026-04-11 00:49:59] [INFO] Chargement de robot_3d_0032-> 104/331 | 31%
[2026-04-11 00:49:59] [INFO] Chargement de robot_3d_0034-> 106/331 | 32%
[2026-04-11 00:49:59] [INFO] Chargement de robot_3d_0035-> 107/331 | 32%
[2026-04-11 00:49:59] [INFO] Chargement de robot_3d_0036-> 108/331 | 32%
[2026-04-11 00:49:59] [INFO] Chargement de robot_3d_0036-> 108/331 | 32%
[2026-04-11 00:49:59] [INFO] Chargement de robot_3d_0038-> 110/331 | 33%
[2026-04-11 00:49:59] [INFO] Chargement de robot_3d_0039-> 111/331 | 33%
[2026-04-11 00:49:59] [INFO] Chargement de robot_3d_0040-> 112/331 | 33%
[2026-04-11 00:49:59] [INFO] Chargement de robot_3d_0042-> 114/331 | 34%
[2026-04-11 00:49:59] [INFO] Chargement de robot_3d_0043-> 115/331 | 34%
[2026-04-11 00:49:59] [INFO] Chargement de robot_3d_0044-> 116/331 | 35%
[2026-04-11 00:49:59] [INFO] Chargement de robot_3d_0044-> 116/331 | 35%
[2026-04-11 00:49:59] [INFO] Chargement de robot_3d_0046-> 118/331 | 35%
[2026-04-11 00:49:59] [INFO] Chargement de robot_3d_0047-> 119/331 | 35%
[2026-04-11 00:49:59] [INFO] Chargement de robot_3d_0048-> 120/331 | 36%
[2026-04-11 00:49:59] [INFO] Chargement de robot_3d_0049-> 121/331 | 36%
[2026-04-11 00:49:59] [INFO] Chargement de robot_3d_0050-> 122/331 | 36%
[2026-04-11 00:49:59] [INFO] Chargement de robot_3d_0051-> 123/331 | 37%
[2026-04-11 00:49:59] [INFO] Chargement de robot_3d_0051-> 123/331 | 37%
[2026-04-11 00:49:59] [INFO] Chargement de robot_3d_0053-> 125/331 | 37%
[2026-04-11 00:49:59] [INFO] Chargement de robot_3d_0054-> 126/331 | 38%
[2026-04-11 00:49:59] [INFO] Chargement de robot_3d_0054-> 126/331 | 38%
[2026-04-11 00:49:59] [INFO] Chargement de robot_3d_0055-> 127/331 | 38%
[2026-04-11 00:49:59] [INFO] Chargement de robot_3d_0056-> 128/331 | 38%
[2026-04-11 00:49:59] [INFO] Chargement de robot_3d_0057-> 129/331 | 38%
[2026-04-11 00:49:59] [INFO] Chargement de robot_3d_0059-> 131/331 | 39%
[2026-04-11 00:49:59] [INFO] Chargement de robot_3d_0059-> 131/331 | 39%
[2026-04-11 00:49:59] [INFO] Chargement de robot_3d_0060-> 132/331 | 39%
[2026-04-11 00:49:59] [INFO] Chargement de robot_3d_0061-> 133/331 | 40%
[2026-04-11 00:49:59] [INFO] Chargement de robot_3d_0063-> 135/331 | 40%
[2026-04-11 00:49:59] [INFO] Chargement de robot_3d_0064-> 136/331 | 41%
[2026-04-11 00:49:59] [INFO] Chargement de robot_3d_0065-> 137/331 | 41%
[2026-04-11 00:49:59] [INFO] Chargement de robot_3d_0066-> 138/331 | 41%
[2026-04-11 00:49:59] [INFO] Chargement de robot_3d_0067-> 139/331 | 41%
[2026-04-11 00:49:59] [INFO] Chargement de robot_3d_0070-> 142/331 | 42%
[2026-04-11 00:49:59] [INFO] Chargement de robot_3d_0072-> 144/331 | 43%
[2026-04-11 00:49:59] [INFO] Chargement de robot_3d_0072-> 144/331 | 43%
[2026-04-11 00:49:59] [INFO] Chargement de robot_3d_0073-> 145/331 | 43%
[2026-04-11 00:49:59] [INFO] Chargement de robot_3d_0074-> 146/331 | 44%
[2026-04-11 00:49:59] [INFO] Chargement de robot_3d_0076-> 148/331 | 44%
[2026-04-11 00:49:59] [INFO] Chargement de robot_3d_0076-> 148/331 | 44%
[2026-04-11 00:49:59] [INFO] Chargement de robot_3d_0077-> 149/331 | 45%
[2026-04-11 00:49:59] [INFO] Chargement de robot_3d_0078-> 150/331 | 45%
[2026-04-11 00:49:59] [INFO] Chargement de robot_3d_0079-> 151/331 | 45%
[2026-04-11 00:49:59] [INFO] Chargement de robot_3d_0080-> 152/331 | 45%
[2026-04-11 00:49:59] [INFO] Chargement de robot_3d_0081-> 153/331 | 46%
[2026-04-11 00:49:59] [INFO] Chargement de robot_3d_0082-> 154/331 | 46%
[2026-04-11 00:49:59] [INFO] Chargement de robot_3d_0083-> 155/331 | 46%
[2026-04-11 00:50:00] [INFO] Chargement de robot_3d_0085-> 157/331 | 47%
[2026-04-11 00:50:00] [INFO] Chargement de robot_3d_0086-> 158/331 | 47%
[2026-04-11 00:50:00] [INFO] Chargement de robot_3d_0087-> 159/331 | 48%
[2026-04-11 00:50:00] [INFO] Chargement de robot_3d_0089-> 161/331 | 48%
[2026-04-11 00:50:00] [INFO] Chargement de robot_3d_0091-> 163/331 | 49%
[2026-04-11 00:50:00] [INFO] Chargement de robot_3d_0092-> 164/331 | 49%
[2026-04-11 00:50:00] [INFO] Chargement de robot_3d_0093-> 165/331 | 49%
[2026-04-11 00:50:00] [INFO] Chargement de robot_3d_0094-> 166/331 | 50%
[2026-04-11 00:50:00] [INFO] Chargement de robot_3d_0095-> 167/331 | 50%
[2026-04-11 00:50:00] [INFO] Chargement de robot_3d_0096-> 168/331 | 50%
[2026-04-11 00:50:00] [INFO] Chargement de robot_3d_0098-> 170/331 | 51%
[2026-04-11 00:50:00] [INFO] Chargement de robot_3d_0098-> 170/331 | 51%
[2026-04-11 00:50:00] [INFO] Chargement de robot_3d_0099-> 171/331 | 51%
[2026-04-11 00:50:00] [INFO] Chargement de robot_3d_0100-> 172/331 | 51%
[2026-04-11 00:50:00] [INFO] Chargement de robot_3d_0102-> 174/331 | 52%
[2026-04-11 00:50:00] [INFO] Chargement de robot_3d_0102-> 174/331 | 52%
[2026-04-11 00:50:00] [INFO] Chargement de robot_3d_0104-> 176/331 | 53%
[2026-04-11 00:50:00] [INFO] Chargement de robot_3d_0105-> 177/331 | 53%
[2026-04-11 00:50:00] [INFO] Chargement de robot_3d_0106-> 178/331 | 53%
[2026-04-11 00:50:00] [INFO] Chargement de robot_3d_0107-> 179/331 | 54%
[2026-04-11 00:50:00] [INFO] Chargement de robot_3d_0109-> 181/331 | 54%
[2026-04-11 00:50:00] [INFO] Chargement de robot_3d_0110-> 182/331 | 54%
[2026-04-11 00:50:00] [INFO] Chargement de robot_3d_0111-> 183/331 | 55%
[2026-04-11 00:50:00] [INFO] Chargement de robot_3d_0113-> 185/331 | 55%
[2026-04-11 00:50:00] [INFO] Chargement de robot_3d_0113-> 185/331 | 55%
[2026-04-11 00:50:00] [INFO] Chargement de robot_3d_0114-> 186/331 | 56%
[2026-04-11 00:50:00] [INFO] Chargement de robot_3d_0116-> 188/331 | 56%
[2026-04-11 00:50:00] [INFO] Chargement de robot_3d_0117-> 189/331 | 57%
[2026-04-11 00:50:00] [INFO] Chargement de robot_3d_0119-> 191/331 | 57%
[2026-04-11 00:50:00] [INFO] Chargement de robot_3d_0120-> 192/331 | 58%
[2026-04-11 00:50:00] [INFO] Chargement de robot_3d_0121-> 193/331 | 58%
[2026-04-11 00:50:00] [INFO] Chargement de robot_3d_0122-> 194/331 | 58%
[2026-04-11 00:50:00] [INFO] Chargement de robot_3d_0123-> 195/331 | 58%
[2026-04-11 00:50:00] [INFO] Chargement de robot_3d_0124-> 196/331 | 59%
[2026-04-11 00:50:00] [INFO] Chargement de robot_3d_0125-> 197/331 | 59%
[2026-04-11 00:50:00] [INFO] Chargement de robot_3d_0126-> 198/331 | 59%
[2026-04-11 00:50:00] [INFO] Chargement de robot_3d_0127-> 199/331 | 60%
[2026-04-11 00:50:00] [INFO] Chargement de robot_3d_0128-> 200/331 | 60%
[2026-04-11 00:50:00] [INFO] Chargement de robot_3d_0129-> 201/331 | 60%
[2026-04-11 00:50:00] [INFO] Chargement de robot_3d_0130-> 202/331 | 61%
[2026-04-11 00:50:00] [INFO] Chargement de robot_3d_0131-> 203/331 | 61%
[2026-04-11 00:50:00] [INFO] Chargement de robot_3d_0132-> 204/331 | 61%
[2026-04-11 00:50:00] [INFO] Chargement de robot_3d_0133-> 205/331 | 61%
[2026-04-11 00:50:00] [INFO] Chargement de robot_3d_0134-> 206/331 | 62%
[2026-04-11 00:50:00] [INFO] Chargement de robot_3d_0135-> 207/331 | 62%
[2026-04-11 00:50:00] [INFO] Chargement de robot_3d_0136-> 208/331 | 62%
[2026-04-11 00:50:00] [INFO] Chargement de robot_3d_0137-> 209/331 | 63%
[2026-04-11 00:50:00] [INFO] Chargement de robot_3d_0138-> 210/331 | 63%
[2026-04-11 00:50:00] [INFO] Chargement de robot_3d_0139-> 211/331 | 63%
[2026-04-11 00:50:00] [INFO] Chargement de robot_3d_0140-> 212/331 | 64%
[2026-04-11 00:50:00] [INFO] Chargement de robot_3d_0141-> 213/331 | 64%
[2026-04-11 00:50:00] [INFO] Chargement de robot_3d_0142-> 214/331 | 64%
[2026-04-11 00:50:00] [INFO] Chargement de robot_3d_0144-> 216/331 | 65%
[2026-04-11 00:50:00] [INFO] Chargement de robot_3d_0145-> 217/331 | 65%
[2026-04-11 00:50:00] [INFO] Chargement de robot_3d_0147-> 219/331 | 66%
[2026-04-11 00:50:00] [INFO] Chargement de robot_3d_0148-> 220/331 | 66%
[2026-04-11 00:50:00] [INFO] Chargement de robot_3d_0150-> 222/331 | 67%
[2026-04-11 00:50:00] [INFO] Chargement de robot_3d_0152-> 224/331 | 67%
[2026-04-11 00:50:00] [INFO] Chargement de robot_3d_0154-> 226/331 | 68%
[2026-04-11 00:50:00] [INFO] Chargement de robot_3d_0155-> 227/331 | 68%
[2026-04-11 00:50:00] [INFO] Chargement de robot_3d_0156-> 228/331 | 68%
[2026-04-11 00:50:00] [INFO] Chargement de robot_3d_0158-> 230/331 | 69%
[2026-04-11 00:50:00] [INFO] Chargement de robot_3d_0159-> 231/331 | 69%
[2026-04-11 00:50:00] [INFO] Chargement de robot_3d_0160-> 232/331 | 70%
[2026-04-11 00:50:00] [INFO] Chargement de robot_3d_0161-> 233/331 | 70%
[2026-04-11 00:50:00] [INFO] Chargement de robot_3d_0162-> 234/331 | 70%
[2026-04-11 00:50:00] [INFO] Chargement de robot_3d_0163-> 235/331 | 70%
[2026-04-11 00:50:00] [INFO] Chargement de robot_3d_0164-> 236/331 | 71%
[2026-04-11 00:50:00] [INFO] Chargement de robot_3d_0165-> 237/331 | 71%
[2026-04-11 00:50:00] [INFO] Chargement de robot_3d_0166-> 238/331 | 71%
[2026-04-11 00:50:00] [INFO] Chargement de robot_3d_0167-> 239/331 | 72%
[2026-04-11 00:50:00] [INFO] Chargement de robot_3d_0168-> 240/331 | 72%
[2026-04-11 00:50:00] [INFO] Chargement de robot_3d_0169-> 241/331 | 72%
[2026-04-11 00:50:00] [INFO] Chargement de robot_3d_0170-> 242/331 | 73%
[2026-04-11 00:50:00] [INFO] Chargement de robot_3d_0171-> 243/331 | 73%
[2026-04-11 00:50:00] [INFO] Chargement de robot_3d_0172-> 244/331 | 73%
[2026-04-11 00:50:00] [INFO] Chargement de robot_3d_0173-> 245/331 | 74%
[2026-04-11 00:50:00] [INFO] Chargement de robot_3d_0174-> 246/331 | 74%
[2026-04-11 00:50:00] [INFO] Chargement de robot_3d_0175-> 247/331 | 74%
[2026-04-11 00:50:00] [INFO] Chargement de robot_3d_0176-> 248/331 | 74%
[2026-04-11 00:50:00] [INFO] Chargement de robot_3d_0177-> 249/331 | 75%
[2026-04-11 00:50:00] [INFO] Chargement de robot_3d_0178-> 250/331 | 75%
[2026-04-11 00:50:00] [INFO] Chargement de robot_3d_0179-> 251/331 | 75%
[2026-04-11 00:50:00] [INFO] Chargement de robot_3d_0180-> 252/331 | 76%
[2026-04-11 00:50:00] [INFO] Chargement de robot_3d_0181-> 253/331 | 76%
[2026-04-11 00:50:00] [INFO] Chargement de robot_3d_0183-> 255/331 | 77%
[2026-04-11 00:50:00] [INFO] Chargement de robot_3d_0183-> 255/331 | 77%
[2026-04-11 00:50:00] [INFO] Chargement de robot_3d_0184-> 256/331 | 77%
[2026-04-11 00:50:00] [INFO] Chargement de robot_3d_0185-> 257/331 | 77%
[2026-04-11 00:50:00] [INFO] Chargement de robot_3d_0187-> 259/331 | 78%
[2026-04-11 00:50:00] [INFO] Chargement de robot_3d_0188-> 260/331 | 78%
[2026-04-11 00:50:00] [INFO] Chargement de robot_3d_0190-> 262/331 | 79%
[2026-04-11 00:50:00] [INFO] Chargement de robot_3d_0191-> 263/331 | 79%
[2026-04-11 00:50:00] [INFO] Chargement de robot_3d_0192-> 264/331 | 79%
[2026-04-11 00:50:00] [INFO] Chargement de robot_3d_0193-> 265/331 | 80%
[2026-04-11 00:50:00] [INFO] Chargement de robot_3d_0194-> 266/331 | 80%
[2026-04-11 00:50:00] [INFO] Chargement de robot_3d_0195-> 267/331 | 80%
[2026-04-11 00:50:00] [INFO] Chargement de robot_3d_0196-> 268/331 | 80%
[2026-04-11 00:50:00] [INFO] Chargement de robot_3d_0198-> 270/331 | 81%
[2026-04-11 00:50:00] [INFO] Chargement de robot_3d_0199-> 271/331 | 81%
[2026-04-11 00:50:00] [INFO] Chargement de robot_3d_0200-> 272/331 | 82%
[2026-04-11 00:50:00] [INFO] Chargement de robot_3d_0201-> 273/331 | 82%
[2026-04-11 00:50:00] [INFO] Chargement de robot_3d_0202-> 274/331 | 82%
[2026-04-11 00:50:00] [INFO] Chargement de robot_3d_0203-> 275/331 | 83%
[2026-04-11 00:50:00] [INFO] Chargement de robot_3d_0204-> 276/331 | 83%
[2026-04-11 00:50:00] [INFO] Chargement de robot_3d_0205-> 277/331 | 83%
[2026-04-11 00:50:00] [INFO] Chargement de robot_3d_0206-> 278/331 | 83%
[2026-04-11 00:50:00] [INFO] Chargement de robot_3d_0207-> 279/331 | 84%
[2026-04-11 00:50:00] [INFO] Chargement de robot_3d_0208-> 280/331 | 84%
[2026-04-11 00:50:00] [INFO] Chargement de robot_3d_0209-> 281/331 | 84%
[2026-04-11 00:50:00] [INFO] Chargement de robot_3d_0210-> 282/331 | 85%
[2026-04-11 00:50:00] [INFO] Chargement de robot_3d_0211-> 283/331 | 85%
[2026-04-11 00:50:00] [INFO] Chargement de robot_3d_0212-> 284/331 | 85%
[2026-04-11 00:50:00] [INFO] Chargement de robot_3d_0213-> 285/331 | 86%
[2026-04-11 00:50:01] [INFO] Chargement de robot_3d_0214-> 286/331 | 86%
[2026-04-11 00:50:01] [INFO] Chargement de robot_3d_0215-> 287/331 | 86%
[2026-04-11 00:50:01] [INFO] Chargement de robot_3d_0216-> 288/331 | 87%
[2026-04-11 00:50:01] [INFO] Chargement de robot_3d_0217-> 289/331 | 87%
[2026-04-11 00:50:01] [INFO] Chargement de robot_3d_0218-> 290/331 | 87%
[2026-04-11 00:50:01] [INFO] Chargement de robot_3d_0219-> 291/331 | 87%
[2026-04-11 00:50:01] [INFO] Chargement de robot_3d_0220-> 292/331 | 88%
[2026-04-11 00:50:01] [INFO] Chargement de robot_3d_0221-> 293/331 | 88%
[2026-04-11 00:50:01] [INFO] Chargement de robot_3d_0222-> 294/331 | 88%
[2026-04-11 00:50:01] [INFO] Chargement de robot_3d_0223-> 295/331 | 89%
[2026-04-11 00:50:01] [INFO] Chargement de robot_3d_0224-> 296/331 | 89%
[2026-04-11 00:50:01] [INFO] Chargement de robot_3d_0225-> 297/331 | 89%
[2026-04-11 00:50:01] [INFO] Chargement de robot_3d_0226-> 298/331 | 90%
[2026-04-11 00:50:01] [INFO] Chargement de robot_3d_0227-> 299/331 | 90%
[2026-04-11 00:50:01] [INFO] Chargement de robot_3d_0228-> 300/331 | 90%
[2026-04-11 00:50:01] [INFO] Chargement de robot_3d_0229-> 301/331 | 90%
[2026-04-11 00:50:01] [INFO] Chargement de robot_3d_0230-> 302/331 | 91%
[2026-04-11 00:50:01] [INFO] Chargement de robot_3d_0232-> 304/331 | 91%
[2026-04-11 00:50:01] [INFO] Chargement de robot_3d_0232-> 304/331 | 91%
[2026-04-11 00:50:01] [INFO] Chargement de robot_3d_0233-> 305/331 | 92%
[2026-04-11 00:50:01] [INFO] Chargement de robot_3d_0234-> 306/331 | 92%
[2026-04-11 00:50:01] [INFO] Chargement de robot_3d_0235-> 307/331 | 92%
[2026-04-11 00:50:01] [INFO] Chargement de robot_3d_0236-> 308/331 | 93%
[2026-04-11 00:50:01] [INFO] Chargement de robot_3d_0237-> 309/331 | 93%
[2026-04-11 00:50:01] [INFO] Chargement de robot_3d_0238-> 310/331 | 93%
[2026-04-11 00:50:01] [INFO] Chargement de robot_3d_0239-> 311/331 | 93%
[2026-04-11 00:50:01] [INFO] Assets chargés, redirect vers play_menu
[2026-04-11 00:50:01] [INFO] Entrez dans play_menu avec le compte test1.json
[2026-04-11 00:50:12] [ERROR] play ->
Traceback (most recent call last):
  File "d:\informatique_tfe\tfe\src\data\object\games\play.py", line 252, in play
    maps,new_maps_check = robot.update(maps, collision_tiles)
                          ^^^^^^^^^^^^^^^^^^^^^^^^^^^^^^^^^^^
  File "d:\informatique_tfe\tfe\src\data\object\personnages\robot.py", line 209, in update
    maps = self.move_input(maps, collision_tiles)
           ^^^^^^^^^^^^^^^^^^^^^^^^^^^^^^^^^^^^^^
  File "d:\informatique_tfe\tfe\src\data\object\personnages\robot.py", line 171, in move_input
    self.block[maps[above][block_x]] += 1
    ~~~~~~~~~~^^^^^^^^^^^^^^^^^^^^^^
KeyError: 'water'
[2026-04-11 00:50:36] [INFO] 



+///////////////////////////////////////////////////////////////////////////+

                Démarrage de Nexus Extraction

+///////////////////////////////////////////////////////////////////////////+

[2026-04-11 00:50:36] [INFO] 
+---------------------------- Bienvenue ! ----------------------------+

Bienvenue dans Nexus Extraction. Si vous lisez ceci, c’est que vous vous
trouvez actuellement dans les logs du jeu. Si vous êtes un joueur lambda,
cette fenêtre ne vous intéressera pas, mais ne la fermez pas, car cette
action entraînera la fermeture du jeu.

En cas de problème ou de plantage du jeu, merci de contacter le développeur
à l’adresse e-mail suivante : mouyelv@sjb-liege.org
en joignant les fichiers de logs qui se trouvent dans le dossier "logs/".

Merci de jouer à Nexus Extraction et bon jeu ;)

+-------------------------------- LOGS --------------------------------+

[2026-04-11 00:50:37] [INFO] Main Menu
[2026-04-11 00:50:38] [INFO] Entrez dans compte
[2026-04-11 00:50:38] [INFO] Entrez dans load_menu avec le compte -> test1.json
[2026-04-11 00:50:38] [INFO] Chargement de title-> 1/331 | 0%
[2026-04-11 00:50:38] [INFO] Chargement de creator-> 2/331 | 0%
[2026-04-11 00:50:38] [INFO] Chargement de the_void-> 4/331 | 1%
[2026-04-11 00:50:38] [INFO] Chargement de the_void-> 4/331 | 1%
[2026-04-11 00:50:38] [INFO] Chargement de the_void_full-> 5/331 | 1%
[2026-04-11 00:50:38] [INFO] Chargement de underground_1-> 6/331 | 1%
[2026-04-11 00:50:38] [INFO] Chargement de underground_2-> 7/331 | 2%
[2026-04-11 00:50:38] [INFO] Chargement de underground_3-> 8/331 | 2%
[2026-04-11 00:50:38] [INFO] Chargement de btn_play_menu-> 9/331 | 2%
[2026-04-11 00:50:38] [INFO] Chargement de btn_play_menu-> 9/331 | 2%
[2026-04-11 00:50:38] [INFO] Chargement de btn_boutique_menu-> 10/331 | 3%
[2026-04-11 00:50:38] [INFO] Chargement de btn_boutique_menu-> 10/331 | 3%
[2026-04-11 00:50:38] [INFO] Chargement de btn_option_menu-> 11/331 | 3%
[2026-04-11 00:50:38] [INFO] Chargement de btn_option_menu-> 11/331 | 3%
[2026-04-11 00:50:38] [INFO] Chargement de btn_option_menu-> 11/331 | 3%
[2026-04-11 00:50:38] [INFO] Chargement de btn_play-> 12/331 | 3%
[2026-04-11 00:50:38] [INFO] Chargement de btn_play-> 12/331 | 3%
[2026-04-11 00:50:38] [INFO] Chargement de btn_quitter-> 13/331 | 3%
[2026-04-11 00:50:38] [INFO] Chargement de btn_quitter-> 13/331 | 3%
[2026-04-11 00:50:38] [INFO] Chargement de btn_quitter-> 13/331 | 3%
[2026-04-11 00:50:38] [INFO] Chargement de refresh_btn-> 15/331 | 4%
[2026-04-11 00:50:38] [INFO] Chargement de boutique_frame-> 18/331 | 5%
[2026-04-11 00:50:38] [INFO] Chargement de boutique_pression-> 20/331 | 6%
[2026-04-11 00:50:38] [INFO] Chargement de danger-> 23/331 | 6%
[2026-04-11 00:50:38] [INFO] Chargement de pression_icon-> 24/331 | 7%
[2026-04-11 00:50:38] [INFO] Chargement de bedrock-> 34/331 | 10%
[2026-04-11 00:50:38] [INFO] Chargement de deepslate_emerald_ore-> 43/331 | 12%
[2026-04-11 00:50:39] [INFO] Chargement de crying_obsidian-> 49/331 | 14%
[2026-04-11 00:50:39] [INFO] Chargement de robot_3-> 56/331 | 16%
[2026-04-11 00:50:39] [INFO] Chargement de robot_50-> 65/331 | 19%
[2026-04-11 00:50:39] [INFO] Chargement de robot_3d_0001-> 73/331 | 22%
[2026-04-11 00:50:39] [INFO] Chargement de robot_3d_0002-> 74/331 | 22%
[2026-04-11 00:50:39] [INFO] Chargement de robot_3d_0003-> 75/331 | 22%
[2026-04-11 00:50:39] [INFO] Chargement de robot_3d_0004-> 76/331 | 22%
[2026-04-11 00:50:39] [INFO] Chargement de robot_3d_0005-> 77/331 | 23%
[2026-04-11 00:50:39] [INFO] Chargement de robot_3d_0007-> 79/331 | 23%
[2026-04-11 00:50:39] [INFO] Chargement de robot_3d_0008-> 80/331 | 24%
[2026-04-11 00:50:39] [INFO] Chargement de robot_3d_0009-> 81/331 | 24%
[2026-04-11 00:50:39] [INFO] Chargement de robot_3d_0010-> 82/331 | 24%
[2026-04-11 00:50:39] [INFO] Chargement de robot_3d_0010-> 82/331 | 24%
[2026-04-11 00:50:39] [INFO] Chargement de robot_3d_0012-> 84/331 | 25%
[2026-04-11 00:50:39] [INFO] Chargement de robot_3d_0013-> 85/331 | 25%
[2026-04-11 00:50:39] [INFO] Chargement de robot_3d_0014-> 86/331 | 25%
[2026-04-11 00:50:39] [INFO] Chargement de robot_3d_0015-> 87/331 | 26%
[2026-04-11 00:50:39] [INFO] Chargement de robot_3d_0015-> 87/331 | 26%
[2026-04-11 00:50:39] [INFO] Chargement de robot_3d_0017-> 89/331 | 26%
[2026-04-11 00:50:39] [INFO] Chargement de robot_3d_0017-> 89/331 | 26%
[2026-04-11 00:50:39] [INFO] Chargement de robot_3d_0124-> 196/331 | 59%
[2026-04-11 00:50:39] [INFO] Chargement de robot_3d_0125-> 197/331 | 59%
[2026-04-11 00:50:39] [INFO] Chargement de robot_3d_0126-> 198/331 | 59%
[2026-04-11 00:50:39] [INFO] Chargement de robot_3d_0128-> 200/331 | 60%
[2026-04-11 00:50:39] [INFO] Chargement de robot_3d_0130-> 202/331 | 61%
[2026-04-11 00:50:39] [INFO] Chargement de robot_3d_0131-> 203/331 | 61%
[2026-04-11 00:50:39] [INFO] Chargement de robot_3d_0133-> 205/331 | 61%
[2026-04-11 00:50:39] [INFO] Chargement de robot_3d_0134-> 206/331 | 62%
[2026-04-11 00:50:39] [INFO] Chargement de robot_3d_0134-> 206/331 | 62%
[2026-04-11 00:50:39] [INFO] Chargement de robot_3d_0136-> 208/331 | 62%
[2026-04-11 00:50:39] [INFO] Chargement de robot_3d_0137-> 209/331 | 63%
[2026-04-11 00:50:39] [INFO] Chargement de robot_3d_0137-> 209/331 | 63%
[2026-04-11 00:50:39] [INFO] Chargement de robot_3d_0139-> 211/331 | 63%
[2026-04-11 00:50:39] [INFO] Chargement de robot_3d_0139-> 211/331 | 63%
[2026-04-11 00:50:39] [INFO] Chargement de robot_3d_0140-> 212/331 | 64%
[2026-04-11 00:50:39] [INFO] Chargement de robot_3d_0141-> 213/331 | 64%
[2026-04-11 00:50:39] [INFO] Chargement de robot_3d_0142-> 214/331 | 64%
[2026-04-11 00:50:39] [INFO] Chargement de robot_3d_0143-> 215/331 | 64%
[2026-04-11 00:50:39] [INFO] Chargement de robot_3d_0145-> 217/331 | 65%
[2026-04-11 00:50:39] [INFO] Chargement de robot_3d_0146-> 218/331 | 65%
[2026-04-11 00:50:40] [INFO] Chargement de robot_3d_0148-> 220/331 | 66%
[2026-04-11 00:50:40] [INFO] Chargement de robot_3d_0149-> 221/331 | 66%
[2026-04-11 00:50:40] [INFO] Chargement de robot_3d_0151-> 223/331 | 67%
[2026-04-11 00:50:40] [INFO] Chargement de robot_3d_0152-> 224/331 | 67%
[2026-04-11 00:50:40] [INFO] Chargement de robot_3d_0154-> 226/331 | 68%
[2026-04-11 00:50:40] [INFO] Chargement de robot_3d_0155-> 227/331 | 68%
[2026-04-11 00:50:40] [INFO] Chargement de robot_3d_0156-> 228/331 | 68%
[2026-04-11 00:50:40] [INFO] Chargement de robot_3d_0158-> 230/331 | 69%
[2026-04-11 00:50:40] [INFO] Chargement de robot_3d_0158-> 230/331 | 69%
[2026-04-11 00:50:40] [INFO] Chargement de robot_3d_0159-> 231/331 | 69%
[2026-04-11 00:50:40] [INFO] Chargement de robot_3d_0160-> 232/331 | 70%
[2026-04-11 00:50:40] [INFO] Chargement de robot_3d_0161-> 233/331 | 70%
[2026-04-11 00:50:40] [INFO] Chargement de robot_3d_0162-> 234/331 | 70%
[2026-04-11 00:50:40] [INFO] Chargement de robot_3d_0163-> 235/331 | 70%
[2026-04-11 00:50:40] [INFO] Chargement de robot_3d_0164-> 236/331 | 71%
[2026-04-11 00:50:40] [INFO] Chargement de robot_3d_0165-> 237/331 | 71%
[2026-04-11 00:50:40] [INFO] Chargement de robot_3d_0166-> 238/331 | 71%
[2026-04-11 00:50:40] [INFO] Chargement de robot_3d_0167-> 239/331 | 72%
[2026-04-11 00:50:40] [INFO] Chargement de robot_3d_0168-> 240/331 | 72%
[2026-04-11 00:50:40] [INFO] Chargement de robot_3d_0169-> 241/331 | 72%
[2026-04-11 00:50:40] [INFO] Chargement de robot_3d_0170-> 242/331 | 73%
[2026-04-11 00:50:40] [INFO] Chargement de robot_3d_0172-> 244/331 | 73%
[2026-04-11 00:50:40] [INFO] Chargement de robot_3d_0173-> 245/331 | 74%
[2026-04-11 00:50:40] [INFO] Chargement de robot_3d_0175-> 247/331 | 74%
[2026-04-11 00:50:40] [INFO] Chargement de robot_3d_0176-> 248/331 | 74%
[2026-04-11 00:50:40] [INFO] Chargement de robot_3d_0177-> 249/331 | 75%
[2026-04-11 00:50:40] [INFO] Chargement de robot_3d_0178-> 250/331 | 75%
[2026-04-11 00:50:40] [INFO] Chargement de robot_3d_0179-> 251/331 | 75%
[2026-04-11 00:50:40] [INFO] Chargement de robot_3d_0180-> 252/331 | 76%
[2026-04-11 00:50:40] [INFO] Chargement de robot_3d_0182-> 254/331 | 76%
[2026-04-11 00:50:40] [INFO] Chargement de robot_3d_0182-> 254/331 | 76%
[2026-04-11 00:50:40] [INFO] Chargement de robot_3d_0184-> 256/331 | 77%
[2026-04-11 00:50:40] [INFO] Chargement de robot_3d_0184-> 256/331 | 77%
[2026-04-11 00:50:40] [INFO] Chargement de robot_3d_0185-> 257/331 | 77%
[2026-04-11 00:50:40] [INFO] Chargement de robot_3d_0186-> 258/331 | 77%
[2026-04-11 00:50:40] [INFO] Chargement de robot_3d_0187-> 259/331 | 78%
[2026-04-11 00:50:40] [INFO] Chargement de robot_3d_0188-> 260/331 | 78%
[2026-04-11 00:50:40] [INFO] Chargement de robot_3d_0189-> 261/331 | 78%
[2026-04-11 00:50:40] [INFO] Chargement de robot_3d_0190-> 262/331 | 79%
[2026-04-11 00:50:40] [INFO] Chargement de robot_3d_0191-> 263/331 | 79%
[2026-04-11 00:50:40] [INFO] Chargement de robot_3d_0192-> 264/331 | 79%
[2026-04-11 00:50:40] [INFO] Chargement de robot_3d_0194-> 266/331 | 80%
[2026-04-11 00:50:40] [INFO] Chargement de robot_3d_0195-> 267/331 | 80%
[2026-04-11 00:50:40] [INFO] Chargement de robot_3d_0196-> 268/331 | 80%
[2026-04-11 00:50:40] [INFO] Chargement de robot_3d_0197-> 269/331 | 81%
[2026-04-11 00:50:40] [INFO] Chargement de robot_3d_0198-> 270/331 | 81%
[2026-04-11 00:50:40] [INFO] Chargement de robot_3d_0199-> 271/331 | 81%
[2026-04-11 00:50:40] [INFO] Chargement de robot_3d_0200-> 272/331 | 82%
[2026-04-11 00:50:40] [INFO] Chargement de robot_3d_0201-> 273/331 | 82%
[2026-04-11 00:50:40] [INFO] Chargement de robot_3d_0203-> 275/331 | 83%
[2026-04-11 00:50:40] [INFO] Chargement de robot_3d_0204-> 276/331 | 83%
[2026-04-11 00:50:40] [INFO] Chargement de robot_3d_0206-> 278/331 | 83%
[2026-04-11 00:50:40] [INFO] Chargement de robot_3d_0206-> 278/331 | 83%
[2026-04-11 00:50:40] [INFO] Chargement de robot_3d_0207-> 279/331 | 84%
[2026-04-11 00:50:40] [INFO] Chargement de robot_3d_0208-> 280/331 | 84%
[2026-04-11 00:50:40] [INFO] Chargement de robot_3d_0209-> 281/331 | 84%
[2026-04-11 00:50:40] [INFO] Chargement de robot_3d_0210-> 282/331 | 85%
[2026-04-11 00:50:40] [INFO] Chargement de robot_3d_0211-> 283/331 | 85%
[2026-04-11 00:50:40] [INFO] Chargement de robot_3d_0212-> 284/331 | 85%
[2026-04-11 00:50:40] [INFO] Chargement de robot_3d_0213-> 285/331 | 86%
[2026-04-11 00:50:40] [INFO] Chargement de robot_3d_0214-> 286/331 | 86%
[2026-04-11 00:50:40] [INFO] Chargement de robot_3d_0215-> 287/331 | 86%
[2026-04-11 00:50:40] [INFO] Chargement de robot_3d_0216-> 288/331 | 87%
[2026-04-11 00:50:40] [INFO] Chargement de robot_3d_0217-> 289/331 | 87%
[2026-04-11 00:50:40] [INFO] Chargement de robot_3d_0219-> 291/331 | 87%
[2026-04-11 00:50:40] [INFO] Chargement de robot_3d_0221-> 293/331 | 88%
[2026-04-11 00:50:40] [INFO] Chargement de robot_3d_0222-> 294/331 | 88%
[2026-04-11 00:50:40] [INFO] Chargement de robot_3d_0223-> 295/331 | 89%
[2026-04-11 00:50:40] [INFO] Chargement de robot_3d_0225-> 297/331 | 89%
[2026-04-11 00:50:40] [INFO] Chargement de robot_3d_0225-> 297/331 | 89%
[2026-04-11 00:50:40] [INFO] Chargement de robot_3d_0226-> 298/331 | 90%
[2026-04-11 00:50:40] [INFO] Chargement de robot_3d_0227-> 299/331 | 90%
[2026-04-11 00:50:40] [INFO] Chargement de robot_3d_0229-> 301/331 | 90%
[2026-04-11 00:50:40] [INFO] Chargement de robot_3d_0230-> 302/331 | 91%
[2026-04-11 00:50:40] [INFO] Chargement de robot_3d_0231-> 303/331 | 91%
[2026-04-11 00:50:40] [INFO] Chargement de robot_3d_0233-> 305/331 | 92%
[2026-04-11 00:50:40] [INFO] Chargement de robot_3d_0233-> 305/331 | 92%
[2026-04-11 00:50:40] [INFO] Chargement de robot_3d_0234-> 306/331 | 92%
[2026-04-11 00:50:40] [INFO] Chargement de robot_3d_0237-> 309/331 | 93%
[2026-04-11 00:50:40] [INFO] Chargement de robot_3d_0238-> 310/331 | 93%
[2026-04-11 00:50:40] [INFO] Chargement de robot_3d_0239-> 311/331 | 93%
[2026-04-11 00:50:40] [INFO] Chargement de robot_3d_0240-> 312/331 | 94%
[2026-04-11 00:50:40] [INFO] Chargement de lava_1-> 322/331 | 97%
[2026-04-11 00:50:40] [INFO] Chargement de rocket_1-> 330/331 | 99%
[2026-04-11 00:50:40] [INFO] Assets chargés, redirect vers play_menu
[2026-04-11 00:50:40] [INFO] Entrez dans play_menu avec le compte test1.json
[2026-04-11 00:50:49] [ERROR] play ->
Traceback (most recent call last):
  File "d:\informatique_tfe\tfe\src\data\object\games\play.py", line 252, in play
    maps,new_maps_check = robot.update(maps, collision_tiles)
                          ^^^^^^^^^^^^^^^^^^^^^^^^^^^^^^^^^^^
  File "d:\informatique_tfe\tfe\src\data\object\personnages\robot.py", line 210, in update
    maps = self.move_input(maps, collision_tiles)
           ^^^^^^^^^^^^^^^^^^^^^^^^^^^^^^^^^^^^^^
  File "d:\informatique_tfe\tfe\src\data\object\personnages\robot.py", line 172, in move_input
    self.block[maps[above][block_x]] += 1
    ~~~~~~~~~~^^^^^^^^^^^^^^^^^^^^^^
KeyError: 'lava'
[2026-04-11 00:51:16] [INFO] 



+///////////////////////////////////////////////////////////////////////////+

                Démarrage de Nexus Extraction

+///////////////////////////////////////////////////////////////////////////+

[2026-04-11 00:51:16] [INFO] 
+---------------------------- Bienvenue ! ----------------------------+

Bienvenue dans Nexus Extraction. Si vous lisez ceci, c’est que vous vous
trouvez actuellement dans les logs du jeu. Si vous êtes un joueur lambda,
cette fenêtre ne vous intéressera pas, mais ne la fermez pas, car cette
action entraînera la fermeture du jeu.

En cas de problème ou de plantage du jeu, merci de contacter le développeur
à l’adresse e-mail suivante : mouyelv@sjb-liege.org
en joignant les fichiers de logs qui se trouvent dans le dossier "logs/".

Merci de jouer à Nexus Extraction et bon jeu ;)

+-------------------------------- LOGS --------------------------------+

[2026-04-11 00:51:16] [INFO] Main Menu
[2026-04-11 00:51:17] [INFO] Entrez dans compte
[2026-04-11 00:51:18] [INFO] Entrez dans load_menu avec le compte -> test1.json
[2026-04-11 00:51:18] [INFO] Chargement de creator-> 2/331 | 0%
[2026-04-11 00:51:18] [INFO] Chargement de creator-> 2/331 | 0%
[2026-04-11 00:51:18] [INFO] Chargement de the_void-> 4/331 | 1%
[2026-04-11 00:51:18] [INFO] Chargement de the_void-> 4/331 | 1%
[2026-04-11 00:51:18] [INFO] Chargement de the_void_full-> 5/331 | 1%
[2026-04-11 00:51:18] [INFO] Chargement de underground_1-> 6/331 | 1%
[2026-04-11 00:51:18] [INFO] Chargement de underground_2-> 7/331 | 2%
[2026-04-11 00:51:18] [INFO] Chargement de underground_3-> 8/331 | 2%
[2026-04-11 00:51:18] [INFO] Chargement de btn_play_menu-> 9/331 | 2%
[2026-04-11 00:51:18] [INFO] Chargement de btn_play_menu-> 9/331 | 2%
[2026-04-11 00:51:18] [INFO] Chargement de btn_boutique_menu-> 10/331 | 3%
[2026-04-11 00:51:18] [INFO] Chargement de btn_boutique_menu-> 10/331 | 3%
[2026-04-11 00:51:18] [INFO] Chargement de btn_option_menu-> 11/331 | 3%
[2026-04-11 00:51:18] [INFO] Chargement de btn_option_menu-> 11/331 | 3%
[2026-04-11 00:51:18] [INFO] Chargement de btn_option_menu-> 11/331 | 3%
[2026-04-11 00:51:18] [INFO] Chargement de btn_play-> 12/331 | 3%
[2026-04-11 00:51:18] [INFO] Chargement de btn_play-> 12/331 | 3%
[2026-04-11 00:51:18] [INFO] Chargement de btn_play-> 12/331 | 3%
[2026-04-11 00:51:18] [INFO] Chargement de btn_quitter-> 13/331 | 3%
[2026-04-11 00:51:18] [INFO] Chargement de btn_quitter-> 13/331 | 3%
[2026-04-11 00:51:18] [INFO] Chargement de refresh_btn-> 15/331 | 4%
[2026-04-11 00:51:18] [INFO] Chargement de barre_laterale-> 16/331 | 4%
[2026-04-11 00:51:18] [INFO] Chargement de boutique_frame-> 18/331 | 5%
[2026-04-11 00:51:19] [INFO] Chargement de boutique_pression-> 20/331 | 6%
[2026-04-11 00:51:19] [INFO] Chargement de danger-> 23/331 | 6%
[2026-04-11 00:51:19] [INFO] Chargement de pression_icon-> 24/331 | 7%
[2026-04-11 00:51:19] [INFO] Chargement de diamond_ore-> 30/331 | 9%
[2026-04-11 00:51:19] [INFO] Chargement de coal_ore-> 37/331 | 11%
[2026-04-11 00:51:19] [INFO] Chargement de deepslate_lapis_ore-> 45/331 | 13%
[2026-04-11 00:51:19] [INFO] Chargement de bird_3-> 72/331 | 21%
[2026-04-11 00:51:19] [INFO] Chargement de robot_3d_0002-> 74/331 | 22%
[2026-04-11 00:51:19] [INFO] Chargement de robot_3d_0004-> 76/331 | 22%
[2026-04-11 00:51:19] [INFO] Chargement de robot_3d_0006-> 78/331 | 23%
[2026-04-11 00:51:19] [INFO] Chargement de robot_3d_0007-> 79/331 | 23%
[2026-04-11 00:51:19] [INFO] Chargement de robot_3d_0009-> 81/331 | 24%
[2026-04-11 00:51:19] [INFO] Chargement de robot_3d_0009-> 81/331 | 24%
[2026-04-11 00:51:19] [INFO] Chargement de robot_3d_0011-> 83/331 | 25%
[2026-04-11 00:51:19] [INFO] Chargement de robot_3d_0012-> 84/331 | 25%
[2026-04-11 00:51:19] [INFO] Chargement de robot_3d_0013-> 85/331 | 25%
[2026-04-11 00:51:19] [INFO] Chargement de robot_3d_0014-> 86/331 | 25%
[2026-04-11 00:51:19] [INFO] Chargement de robot_3d_0014-> 86/331 | 25%
[2026-04-11 00:51:19] [INFO] Chargement de robot_3d_0015-> 87/331 | 26%
[2026-04-11 00:51:19] [INFO] Chargement de robot_3d_0017-> 89/331 | 26%
[2026-04-11 00:51:19] [INFO] Chargement de robot_3d_0017-> 89/331 | 26%
[2026-04-11 00:51:19] [INFO] Chargement de robot_3d_0019-> 91/331 | 27%
[2026-04-11 00:51:19] [INFO] Chargement de robot_3d_0020-> 92/331 | 27%
[2026-04-11 00:51:19] [INFO] Chargement de robot_3d_0021-> 93/331 | 28%
[2026-04-11 00:51:19] [INFO] Chargement de robot_3d_0022-> 94/331 | 28%
[2026-04-11 00:51:19] [INFO] Chargement de robot_3d_0022-> 94/331 | 28%
[2026-04-11 00:51:19] [INFO] Chargement de robot_3d_0023-> 95/331 | 28%
[2026-04-11 00:51:19] [INFO] Chargement de robot_3d_0025-> 97/331 | 29%
[2026-04-11 00:51:19] [INFO] Chargement de robot_3d_0026-> 98/331 | 29%
[2026-04-11 00:51:19] [INFO] Chargement de robot_3d_0027-> 99/331 | 29%
[2026-04-11 00:51:19] [INFO] Chargement de robot_3d_0028-> 100/331 | 30%
[2026-04-11 00:51:19] [INFO] Chargement de robot_3d_0029-> 101/331 | 30%
[2026-04-11 00:51:19] [INFO] Chargement de robot_3d_0030-> 102/331 | 30%
[2026-04-11 00:51:19] [INFO] Chargement de robot_3d_0031-> 103/331 | 31%
[2026-04-11 00:51:19] [INFO] Chargement de robot_3d_0031-> 103/331 | 31%
[2026-04-11 00:51:19] [INFO] Chargement de robot_3d_0032-> 104/331 | 31%
[2026-04-11 00:51:19] [INFO] Chargement de robot_3d_0033-> 105/331 | 31%
[2026-04-11 00:51:19] [INFO] Chargement de robot_3d_0034-> 106/331 | 32%
[2026-04-11 00:51:19] [INFO] Chargement de robot_3d_0036-> 108/331 | 32%
[2026-04-11 00:51:19] [INFO] Chargement de robot_3d_0037-> 109/331 | 32%
[2026-04-11 00:51:19] [INFO] Chargement de robot_3d_0037-> 109/331 | 32%
[2026-04-11 00:51:19] [INFO] Chargement de robot_3d_0039-> 111/331 | 33%
[2026-04-11 00:51:19] [INFO] Chargement de robot_3d_0040-> 112/331 | 33%
[2026-04-11 00:51:19] [INFO] Chargement de robot_3d_0041-> 113/331 | 34%
[2026-04-11 00:51:19] [INFO] Chargement de robot_3d_0042-> 114/331 | 34%
[2026-04-11 00:51:19] [INFO] Chargement de robot_3d_0043-> 115/331 | 34%
[2026-04-11 00:51:19] [INFO] Chargement de robot_3d_0044-> 116/331 | 35%
[2026-04-11 00:51:19] [INFO] Chargement de robot_3d_0045-> 117/331 | 35%
[2026-04-11 00:51:19] [INFO] Chargement de robot_3d_0046-> 118/331 | 35%
[2026-04-11 00:51:19] [INFO] Chargement de robot_3d_0047-> 119/331 | 35%
[2026-04-11 00:51:19] [INFO] Chargement de robot_3d_0048-> 120/331 | 36%
[2026-04-11 00:51:19] [INFO] Chargement de robot_3d_0049-> 121/331 | 36%
[2026-04-11 00:51:19] [INFO] Chargement de robot_3d_0050-> 122/331 | 36%
[2026-04-11 00:51:19] [INFO] Chargement de robot_3d_0051-> 123/331 | 37%
[2026-04-11 00:51:19] [INFO] Chargement de robot_3d_0052-> 124/331 | 37%
[2026-04-11 00:51:19] [INFO] Chargement de robot_3d_0053-> 125/331 | 37%
[2026-04-11 00:51:19] [INFO] Chargement de robot_3d_0055-> 127/331 | 38%
[2026-04-11 00:51:19] [INFO] Chargement de robot_3d_0055-> 127/331 | 38%
[2026-04-11 00:51:19] [INFO] Chargement de robot_3d_0056-> 128/331 | 38%
[2026-04-11 00:51:19] [INFO] Chargement de robot_3d_0057-> 129/331 | 38%
[2026-04-11 00:51:19] [INFO] Chargement de robot_3d_0059-> 131/331 | 39%
[2026-04-11 00:51:19] [INFO] Chargement de robot_3d_0059-> 131/331 | 39%
[2026-04-11 00:51:19] [INFO] Chargement de robot_3d_0060-> 132/331 | 39%
[2026-04-11 00:51:19] [INFO] Chargement de robot_3d_0061-> 133/331 | 40%
[2026-04-11 00:51:19] [INFO] Chargement de robot_3d_0062-> 134/331 | 40%
[2026-04-11 00:51:19] [INFO] Chargement de robot_3d_0063-> 135/331 | 40%
[2026-04-11 00:51:19] [INFO] Chargement de robot_3d_0064-> 136/331 | 41%
[2026-04-11 00:51:19] [INFO] Chargement de robot_3d_0065-> 137/331 | 41%
[2026-04-11 00:51:19] [INFO] Chargement de robot_3d_0066-> 138/331 | 41%
[2026-04-11 00:51:19] [INFO] Chargement de robot_3d_0067-> 139/331 | 41%
[2026-04-11 00:51:19] [INFO] Chargement de robot_3d_0068-> 140/331 | 42%
[2026-04-11 00:51:19] [INFO] Chargement de robot_3d_0069-> 141/331 | 42%
[2026-04-11 00:51:19] [INFO] Chargement de robot_3d_0070-> 142/331 | 42%
[2026-04-11 00:51:19] [INFO] Chargement de robot_3d_0071-> 143/331 | 43%
[2026-04-11 00:51:19] [INFO] Chargement de robot_3d_0072-> 144/331 | 43%
[2026-04-11 00:51:19] [INFO] Chargement de robot_3d_0073-> 145/331 | 43%
[2026-04-11 00:51:19] [INFO] Chargement de robot_3d_0074-> 146/331 | 44%
[2026-04-11 00:51:19] [INFO] Chargement de robot_3d_0075-> 147/331 | 44%
[2026-04-11 00:51:19] [INFO] Chargement de robot_3d_0076-> 148/331 | 44%
[2026-04-11 00:51:20] [INFO] Chargement de robot_3d_0077-> 149/331 | 45%
[2026-04-11 00:51:20] [INFO] Chargement de robot_3d_0078-> 150/331 | 45%
[2026-04-11 00:51:20] [INFO] Chargement de robot_3d_0079-> 151/331 | 45%
[2026-04-11 00:51:20] [INFO] Chargement de robot_3d_0080-> 152/331 | 45%
[2026-04-11 00:51:20] [INFO] Chargement de robot_3d_0081-> 153/331 | 46%
[2026-04-11 00:51:20] [INFO] Chargement de robot_3d_0082-> 154/331 | 46%
[2026-04-11 00:51:20] [INFO] Chargement de robot_3d_0083-> 155/331 | 46%
[2026-04-11 00:51:20] [INFO] Chargement de robot_3d_0084-> 156/331 | 47%
[2026-04-11 00:51:20] [INFO] Chargement de robot_3d_0085-> 157/331 | 47%
[2026-04-11 00:51:20] [INFO] Chargement de robot_3d_0086-> 158/331 | 47%
[2026-04-11 00:51:20] [INFO] Chargement de robot_3d_0087-> 159/331 | 48%
[2026-04-11 00:51:20] [INFO] Chargement de robot_3d_0088-> 160/331 | 48%
[2026-04-11 00:51:20] [INFO] Chargement de robot_3d_0089-> 161/331 | 48%
[2026-04-11 00:51:20] [INFO] Chargement de robot_3d_0091-> 163/331 | 49%
[2026-04-11 00:51:20] [INFO] Chargement de robot_3d_0092-> 164/331 | 49%
[2026-04-11 00:51:20] [INFO] Chargement de robot_3d_0093-> 165/331 | 49%
[2026-04-11 00:51:20] [INFO] Chargement de robot_3d_0094-> 166/331 | 50%
[2026-04-11 00:51:20] [INFO] Chargement de robot_3d_0095-> 167/331 | 50%
[2026-04-11 00:51:20] [INFO] Chargement de robot_3d_0096-> 168/331 | 50%
[2026-04-11 00:51:20] [INFO] Chargement de robot_3d_0097-> 169/331 | 51%
[2026-04-11 00:51:20] [INFO] Chargement de robot_3d_0098-> 170/331 | 51%
[2026-04-11 00:51:20] [INFO] Chargement de robot_3d_0099-> 171/331 | 51%
[2026-04-11 00:51:20] [INFO] Chargement de robot_3d_0100-> 172/331 | 51%
[2026-04-11 00:51:20] [INFO] Chargement de robot_3d_0101-> 173/331 | 52%
[2026-04-11 00:51:20] [INFO] Chargement de robot_3d_0102-> 174/331 | 52%
[2026-04-11 00:51:20] [INFO] Chargement de robot_3d_0103-> 175/331 | 52%
[2026-04-11 00:51:20] [INFO] Chargement de robot_3d_0104-> 176/331 | 53%
[2026-04-11 00:51:20] [INFO] Chargement de robot_3d_0105-> 177/331 | 53%
[2026-04-11 00:51:20] [INFO] Chargement de robot_3d_0106-> 178/331 | 53%
[2026-04-11 00:51:20] [INFO] Chargement de robot_3d_0107-> 179/331 | 54%
[2026-04-11 00:51:20] [INFO] Chargement de robot_3d_0108-> 180/331 | 54%
[2026-04-11 00:51:20] [INFO] Chargement de robot_3d_0109-> 181/331 | 54%
[2026-04-11 00:51:20] [INFO] Chargement de robot_3d_0110-> 182/331 | 54%
[2026-04-11 00:51:20] [INFO] Chargement de robot_3d_0112-> 184/331 | 55%
[2026-04-11 00:51:20] [INFO] Chargement de robot_3d_0113-> 185/331 | 55%
[2026-04-11 00:51:20] [INFO] Chargement de robot_3d_0114-> 186/331 | 56%
[2026-04-11 00:51:20] [INFO] Chargement de robot_3d_0115-> 187/331 | 56%
[2026-04-11 00:51:20] [INFO] Chargement de robot_3d_0116-> 188/331 | 56%
[2026-04-11 00:51:20] [INFO] Chargement de robot_3d_0117-> 189/331 | 57%
[2026-04-11 00:51:20] [INFO] Chargement de robot_3d_0119-> 191/331 | 57%
[2026-04-11 00:51:20] [INFO] Chargement de robot_3d_0120-> 192/331 | 58%
[2026-04-11 00:51:20] [INFO] Chargement de robot_3d_0121-> 193/331 | 58%
[2026-04-11 00:51:20] [INFO] Chargement de robot_3d_0122-> 194/331 | 58%
[2026-04-11 00:51:20] [INFO] Chargement de robot_3d_0123-> 195/331 | 58%
[2026-04-11 00:51:20] [INFO] Chargement de robot_3d_0124-> 196/331 | 59%
[2026-04-11 00:51:20] [INFO] Chargement de robot_3d_0126-> 198/331 | 59%
[2026-04-11 00:51:20] [INFO] Chargement de robot_3d_0127-> 199/331 | 60%
[2026-04-11 00:51:20] [INFO] Chargement de robot_3d_0128-> 200/331 | 60%
[2026-04-11 00:51:20] [INFO] Chargement de robot_3d_0129-> 201/331 | 60%
[2026-04-11 00:51:20] [INFO] Chargement de robot_3d_0130-> 202/331 | 61%
[2026-04-11 00:51:20] [INFO] Chargement de robot_3d_0131-> 203/331 | 61%
[2026-04-11 00:51:20] [INFO] Chargement de robot_3d_0132-> 204/331 | 61%
[2026-04-11 00:51:20] [INFO] Chargement de robot_3d_0133-> 205/331 | 61%
[2026-04-11 00:51:20] [INFO] Chargement de robot_3d_0134-> 206/331 | 62%
[2026-04-11 00:51:20] [INFO] Chargement de robot_3d_0135-> 207/331 | 62%
[2026-04-11 00:51:20] [INFO] Chargement de robot_3d_0227-> 299/331 | 90%
[2026-04-11 00:51:20] [INFO] Chargement de robot_3d_0228-> 300/331 | 90%
[2026-04-11 00:51:20] [INFO] Chargement de robot_3d_0229-> 301/331 | 90%
[2026-04-11 00:51:20] [INFO] Chargement de robot_3d_0230-> 302/331 | 91%
[2026-04-11 00:51:20] [INFO] Chargement de robot_3d_0231-> 303/331 | 91%
[2026-04-11 00:51:20] [INFO] Chargement de robot_3d_0232-> 304/331 | 91%
[2026-04-11 00:51:20] [INFO] Chargement de robot_3d_0233-> 305/331 | 92%
[2026-04-11 00:51:20] [INFO] Chargement de robot_3d_0234-> 306/331 | 92%
[2026-04-11 00:51:20] [INFO] Chargement de robot_3d_0235-> 307/331 | 92%
[2026-04-11 00:51:20] [INFO] Chargement de robot_3d_0236-> 308/331 | 93%
[2026-04-11 00:51:20] [INFO] Chargement de robot_3d_0238-> 310/331 | 93%
[2026-04-11 00:51:20] [INFO] Chargement de robot_3d_0238-> 310/331 | 93%
[2026-04-11 00:51:20] [INFO] Chargement de robot_3d_0239-> 311/331 | 93%
[2026-04-11 00:51:20] [INFO] Chargement de robot_3d_0240-> 312/331 | 94%
[2026-04-11 00:51:20] [INFO] Chargement de lava_0-> 321/331 | 96%
[2026-04-11 00:51:21] [INFO] Assets chargés, redirect vers play_menu
[2026-04-11 00:51:21] [INFO] Entrez dans play_menu avec le compte test1.json
[2026-04-11 00:51:37] [ERROR] play ->
Traceback (most recent call last):
  File "d:\informatique_tfe\tfe\src\data\object\games\play.py", line 252, in play
    maps,new_maps_check = robot.update(maps, collision_tiles)
                          ^^^^^^^^^^^^^^^^^^^^^^^^^^^^^^^^^^^
  File "d:\informatique_tfe\tfe\src\data\object\personnages\robot.py", line 210, in update
    maps = self.move_input(maps, collision_tiles)
           ^^^^^^^^^^^^^^^^^^^^^^^^^^^^^^^^^^^^^^
  File "d:\informatique_tfe\tfe\src\data\object\personnages\robot.py", line 172, in move_input
    self.block[maps[above][block_x]] += 1
    ~~~~~~~~~~^^^^^^^^^^^^^^^^^^^^^^
KeyError: 'lava'
[2026-04-11 00:54:31] [INFO] 



+///////////////////////////////////////////////////////////////////////////+

                Démarrage de Nexus Extraction

+///////////////////////////////////////////////////////////////////////////+

[2026-04-11 00:54:31] [INFO] 
+---------------------------- Bienvenue ! ----------------------------+

Bienvenue dans Nexus Extraction. Si vous lisez ceci, c’est que vous vous
trouvez actuellement dans les logs du jeu. Si vous êtes un joueur lambda,
cette fenêtre ne vous intéressera pas, mais ne la fermez pas, car cette
action entraînera la fermeture du jeu.

En cas de problème ou de plantage du jeu, merci de contacter le développeur
à l’adresse e-mail suivante : mouyelv@sjb-liege.org
en joignant les fichiers de logs qui se trouvent dans le dossier "logs/".

Merci de jouer à Nexus Extraction et bon jeu ;)

+-------------------------------- LOGS --------------------------------+

[2026-04-11 00:54:32] [INFO] Main Menu
[2026-04-11 00:54:33] [INFO] Entrez dans compte
[2026-04-11 00:54:34] [INFO] Entrez dans load_menu avec le compte -> test1.json
[2026-04-11 00:54:34] [INFO] Chargement de creator-> 2/331 | 0%
[2026-04-11 00:54:34] [INFO] Chargement de creator-> 2/331 | 0%
[2026-04-11 00:54:34] [INFO] Chargement de music_creator-> 3/331 | 0%
[2026-04-11 00:54:34] [INFO] Chargement de the_void-> 4/331 | 1%
[2026-04-11 00:54:34] [INFO] Chargement de the_void-> 4/331 | 1%
[2026-04-11 00:54:34] [INFO] Chargement de the_void_full-> 5/331 | 1%
[2026-04-11 00:54:34] [INFO] Chargement de the_void_full-> 5/331 | 1%
[2026-04-11 00:54:34] [INFO] Chargement de underground_1-> 6/331 | 1%
[2026-04-11 00:54:34] [INFO] Chargement de underground_2-> 7/331 | 2%
[2026-04-11 00:54:34] [INFO] Chargement de underground_2-> 7/331 | 2%
[2026-04-11 00:54:34] [INFO] Chargement de underground_3-> 8/331 | 2%
[2026-04-11 00:54:34] [INFO] Chargement de underground_3-> 8/331 | 2%
[2026-04-11 00:54:34] [INFO] Chargement de underground_3-> 8/331 | 2%
[2026-04-11 00:54:34] [INFO] Chargement de btn_play_menu-> 9/331 | 2%
[2026-04-11 00:54:34] [INFO] Chargement de btn_play_menu-> 9/331 | 2%
[2026-04-11 00:54:34] [INFO] Chargement de btn_play_menu-> 9/331 | 2%
[2026-04-11 00:54:34] [INFO] Chargement de btn_play_menu-> 9/331 | 2%
[2026-04-11 00:54:34] [INFO] Chargement de btn_play_menu-> 9/331 | 2%
[2026-04-11 00:54:34] [INFO] Chargement de btn_boutique_menu-> 10/331 | 3%
[2026-04-11 00:54:34] [INFO] Chargement de btn_boutique_menu-> 10/331 | 3%
[2026-04-11 00:54:34] [INFO] Chargement de btn_boutique_menu-> 10/331 | 3%
[2026-04-11 00:54:34] [INFO] Chargement de btn_boutique_menu-> 10/331 | 3%
[2026-04-11 00:54:34] [INFO] Chargement de btn_boutique_menu-> 10/331 | 3%
[2026-04-11 00:54:34] [INFO] Chargement de btn_option_menu-> 11/331 | 3%
[2026-04-11 00:54:34] [INFO] Chargement de btn_option_menu-> 11/331 | 3%
[2026-04-11 00:54:34] [INFO] Chargement de btn_play-> 12/331 | 3%
[2026-04-11 00:54:34] [INFO] Chargement de btn_play-> 12/331 | 3%
[2026-04-11 00:54:34] [INFO] Chargement de btn_quitter-> 13/331 | 3%
[2026-04-11 00:54:34] [INFO] Chargement de btn_quitter-> 13/331 | 3%
[2026-04-11 00:54:34] [INFO] Chargement de btn_compte-> 14/331 | 4%
[2026-04-11 00:54:34] [INFO] Chargement de barre_laterale-> 16/331 | 4%
[2026-04-11 00:54:34] [INFO] Chargement de boutique_bg-> 17/331 | 5%
[2026-04-11 00:54:34] [INFO] Chargement de boutique_bg-> 17/331 | 5%
[2026-04-11 00:54:34] [INFO] Chargement de boutique_energy-> 19/331 | 5%
[2026-04-11 00:54:34] [INFO] Chargement de boutique_energy-> 19/331 | 5%
[2026-04-11 00:54:34] [INFO] Chargement de boutique_pression-> 20/331 | 6%
[2026-04-11 00:54:34] [INFO] Chargement de inventory-> 21/331 | 6%
[2026-04-11 00:54:35] [INFO] Chargement de blue_storm-> 22/331 | 6%
[2026-04-11 00:54:35] [INFO] Chargement de danger-> 23/331 | 6%
[2026-04-11 00:54:35] [INFO] Chargement de danger-> 23/331 | 6%
[2026-04-11 00:54:35] [INFO] Chargement de pression_icon-> 24/331 | 7%
[2026-04-11 00:54:35] [INFO] Chargement de dirt-> 25/331 | 7%
[2026-04-11 00:54:35] [INFO] Chargement de oak_planks-> 32/331 | 9%
[2026-04-11 00:54:35] [INFO] Chargement de raw_iron_block-> 40/331 | 12%
[2026-04-11 00:54:35] [INFO] Chargement de lapis_ore-> 46/331 | 13%
[2026-04-11 00:54:35] [INFO] Chargement de robot_0-> 53/331 | 16%
[2026-04-11 00:54:35] [INFO] Chargement de robot_5-> 58/331 | 17%
[2026-04-11 00:54:35] [INFO] Chargement de robot_20-> 62/331 | 18%
[2026-04-11 00:54:35] [INFO] Chargement de bird_0-> 69/331 | 20%
[2026-04-11 00:54:35] [INFO] Chargement de robot_3d_0001-> 73/331 | 22%
[2026-04-11 00:54:35] [INFO] Chargement de robot_3d_0003-> 75/331 | 22%
[2026-04-11 00:54:35] [INFO] Chargement de robot_3d_0004-> 76/331 | 22%
[2026-04-11 00:54:35] [INFO] Chargement de robot_3d_0005-> 77/331 | 23%
[2026-04-11 00:54:35] [INFO] Chargement de robot_3d_0006-> 78/331 | 23%
[2026-04-11 00:54:35] [INFO] Chargement de robot_3d_0006-> 78/331 | 23%
[2026-04-11 00:54:35] [INFO] Chargement de robot_3d_0007-> 79/331 | 23%
[2026-04-11 00:54:35] [INFO] Chargement de robot_3d_0008-> 80/331 | 24%
[2026-04-11 00:54:35] [INFO] Chargement de robot_3d_0009-> 81/331 | 24%
[2026-04-11 00:54:35] [INFO] Chargement de robot_3d_0010-> 82/331 | 24%
[2026-04-11 00:54:35] [INFO] Chargement de robot_3d_0012-> 84/331 | 25%
[2026-04-11 00:54:35] [INFO] Chargement de robot_3d_0013-> 85/331 | 25%
[2026-04-11 00:54:35] [INFO] Chargement de robot_3d_0014-> 86/331 | 25%
[2026-04-11 00:54:35] [INFO] Chargement de robot_3d_0015-> 87/331 | 26%
[2026-04-11 00:54:35] [INFO] Chargement de robot_3d_0015-> 87/331 | 26%
[2026-04-11 00:54:35] [INFO] Chargement de robot_3d_0016-> 88/331 | 26%
[2026-04-11 00:54:35] [INFO] Chargement de robot_3d_0017-> 89/331 | 26%
[2026-04-11 00:54:35] [INFO] Chargement de robot_3d_0018-> 90/331 | 27%
[2026-04-11 00:54:35] [INFO] Chargement de robot_3d_0019-> 91/331 | 27%
[2026-04-11 00:54:35] [INFO] Chargement de robot_3d_0020-> 92/331 | 27%
[2026-04-11 00:54:35] [INFO] Chargement de robot_3d_0021-> 93/331 | 28%
[2026-04-11 00:54:35] [INFO] Chargement de robot_3d_0022-> 94/331 | 28%
[2026-04-11 00:54:35] [INFO] Chargement de robot_3d_0023-> 95/331 | 28%
[2026-04-11 00:54:35] [INFO] Chargement de robot_3d_0024-> 96/331 | 29%
[2026-04-11 00:54:35] [INFO] Chargement de robot_3d_0025-> 97/331 | 29%
[2026-04-11 00:54:35] [INFO] Chargement de robot_3d_0026-> 98/331 | 29%
[2026-04-11 00:54:35] [INFO] Chargement de robot_3d_0027-> 99/331 | 29%
[2026-04-11 00:54:35] [INFO] Chargement de robot_3d_0028-> 100/331 | 30%
[2026-04-11 00:54:35] [INFO] Chargement de robot_3d_0029-> 101/331 | 30%
[2026-04-11 00:54:35] [INFO] Chargement de robot_3d_0030-> 102/331 | 30%
[2026-04-11 00:54:35] [INFO] Chargement de robot_3d_0031-> 103/331 | 31%
[2026-04-11 00:54:35] [INFO] Chargement de robot_3d_0032-> 104/331 | 31%
[2026-04-11 00:54:35] [INFO] Chargement de robot_3d_0033-> 105/331 | 31%
[2026-04-11 00:54:35] [INFO] Chargement de robot_3d_0034-> 106/331 | 32%
[2026-04-11 00:54:35] [INFO] Chargement de robot_3d_0035-> 107/331 | 32%
[2026-04-11 00:54:35] [INFO] Chargement de robot_3d_0036-> 108/331 | 32%
[2026-04-11 00:54:35] [INFO] Chargement de robot_3d_0036-> 108/331 | 32%
[2026-04-11 00:54:35] [INFO] Chargement de robot_3d_0036-> 108/331 | 32%
[2026-04-11 00:54:35] [INFO] Chargement de robot_3d_0037-> 109/331 | 32%
[2026-04-11 00:54:35] [INFO] Chargement de robot_3d_0038-> 110/331 | 33%
[2026-04-11 00:54:35] [INFO] Chargement de robot_3d_0039-> 111/331 | 33%
[2026-04-11 00:54:35] [INFO] Chargement de robot_3d_0040-> 112/331 | 33%
[2026-04-11 00:54:35] [INFO] Chargement de robot_3d_0041-> 113/331 | 34%
[2026-04-11 00:54:35] [INFO] Chargement de robot_3d_0042-> 114/331 | 34%
[2026-04-11 00:54:35] [INFO] Chargement de robot_3d_0043-> 115/331 | 34%
[2026-04-11 00:54:35] [INFO] Chargement de robot_3d_0044-> 116/331 | 35%
[2026-04-11 00:54:35] [INFO] Chargement de robot_3d_0045-> 117/331 | 35%
[2026-04-11 00:54:35] [INFO] Chargement de robot_3d_0046-> 118/331 | 35%
[2026-04-11 00:54:35] [INFO] Chargement de robot_3d_0047-> 119/331 | 35%
[2026-04-11 00:54:35] [INFO] Chargement de robot_3d_0048-> 120/331 | 36%
[2026-04-11 00:54:35] [INFO] Chargement de robot_3d_0049-> 121/331 | 36%
[2026-04-11 00:54:35] [INFO] Chargement de robot_3d_0050-> 122/331 | 36%
[2026-04-11 00:54:35] [INFO] Chargement de robot_3d_0051-> 123/331 | 37%
[2026-04-11 00:54:35] [INFO] Chargement de robot_3d_0051-> 123/331 | 37%
[2026-04-11 00:54:35] [INFO] Chargement de robot_3d_0052-> 124/331 | 37%
[2026-04-11 00:54:35] [INFO] Chargement de robot_3d_0053-> 125/331 | 37%
[2026-04-11 00:54:35] [INFO] Chargement de robot_3d_0053-> 125/331 | 37%
[2026-04-11 00:54:35] [INFO] Chargement de robot_3d_0054-> 126/331 | 38%
[2026-04-11 00:54:35] [INFO] Chargement de robot_3d_0054-> 126/331 | 38%
[2026-04-11 00:54:35] [INFO] Chargement de robot_3d_0055-> 127/331 | 38%
[2026-04-11 00:54:35] [INFO] Chargement de robot_3d_0055-> 127/331 | 38%
[2026-04-11 00:54:35] [INFO] Chargement de robot_3d_0056-> 128/331 | 38%
[2026-04-11 00:54:35] [INFO] Chargement de robot_3d_0056-> 128/331 | 38%
[2026-04-11 00:54:35] [INFO] Chargement de robot_3d_0057-> 129/331 | 38%
[2026-04-11 00:54:35] [INFO] Chargement de robot_3d_0058-> 130/331 | 39%
[2026-04-11 00:54:35] [INFO] Chargement de robot_3d_0058-> 130/331 | 39%
[2026-04-11 00:54:35] [INFO] Chargement de robot_3d_0059-> 131/331 | 39%
[2026-04-11 00:54:35] [INFO] Chargement de robot_3d_0060-> 132/331 | 39%
[2026-04-11 00:54:36] [INFO] Chargement de robot_3d_0061-> 133/331 | 40%
[2026-04-11 00:54:36] [INFO] Chargement de robot_3d_0061-> 133/331 | 40%
[2026-04-11 00:54:36] [INFO] Chargement de robot_3d_0062-> 134/331 | 40%
[2026-04-11 00:54:36] [INFO] Chargement de robot_3d_0062-> 134/331 | 40%
[2026-04-11 00:54:36] [INFO] Chargement de robot_3d_0063-> 135/331 | 40%
[2026-04-11 00:54:36] [INFO] Chargement de robot_3d_0063-> 135/331 | 40%
[2026-04-11 00:54:36] [INFO] Chargement de robot_3d_0064-> 136/331 | 41%
[2026-04-11 00:54:36] [INFO] Chargement de robot_3d_0064-> 136/331 | 41%
[2026-04-11 00:54:36] [INFO] Chargement de robot_3d_0065-> 137/331 | 41%
[2026-04-11 00:54:36] [INFO] Chargement de robot_3d_0066-> 138/331 | 41%
[2026-04-11 00:54:36] [INFO] Chargement de robot_3d_0067-> 139/331 | 41%
[2026-04-11 00:54:36] [INFO] Chargement de robot_3d_0068-> 140/331 | 42%
[2026-04-11 00:54:36] [INFO] Chargement de robot_3d_0068-> 140/331 | 42%
[2026-04-11 00:54:36] [INFO] Chargement de robot_3d_0069-> 141/331 | 42%
[2026-04-11 00:54:36] [INFO] Chargement de robot_3d_0069-> 141/331 | 42%
[2026-04-11 00:54:36] [INFO] Chargement de robot_3d_0070-> 142/331 | 42%
[2026-04-11 00:54:36] [INFO] Chargement de robot_3d_0070-> 142/331 | 42%
[2026-04-11 00:54:36] [INFO] Chargement de robot_3d_0071-> 143/331 | 43%
[2026-04-11 00:54:36] [INFO] Chargement de robot_3d_0071-> 143/331 | 43%
[2026-04-11 00:54:36] [INFO] Chargement de robot_3d_0072-> 144/331 | 43%
[2026-04-11 00:54:36] [INFO] Chargement de robot_3d_0073-> 145/331 | 43%
[2026-04-11 00:54:36] [INFO] Chargement de robot_3d_0073-> 145/331 | 43%
[2026-04-11 00:54:36] [INFO] Chargement de robot_3d_0074-> 146/331 | 44%
[2026-04-11 00:54:36] [INFO] Chargement de robot_3d_0074-> 146/331 | 44%
[2026-04-11 00:54:36] [INFO] Chargement de robot_3d_0075-> 147/331 | 44%
[2026-04-11 00:54:36] [INFO] Chargement de robot_3d_0075-> 147/331 | 44%
[2026-04-11 00:54:36] [INFO] Chargement de robot_3d_0076-> 148/331 | 44%
[2026-04-11 00:54:36] [INFO] Chargement de robot_3d_0076-> 148/331 | 44%
[2026-04-11 00:54:36] [INFO] Chargement de robot_3d_0077-> 149/331 | 45%
[2026-04-11 00:54:36] [INFO] Chargement de robot_3d_0078-> 150/331 | 45%
[2026-04-11 00:54:36] [INFO] Chargement de robot_3d_0078-> 150/331 | 45%
[2026-04-11 00:54:36] [INFO] Chargement de robot_3d_0079-> 151/331 | 45%
[2026-04-11 00:54:36] [INFO] Chargement de robot_3d_0080-> 152/331 | 45%
[2026-04-11 00:54:36] [INFO] Chargement de robot_3d_0080-> 152/331 | 45%
[2026-04-11 00:54:36] [INFO] Chargement de robot_3d_0081-> 153/331 | 46%
[2026-04-11 00:54:36] [INFO] Chargement de robot_3d_0081-> 153/331 | 46%
[2026-04-11 00:54:36] [INFO] Chargement de robot_3d_0081-> 153/331 | 46%
[2026-04-11 00:54:36] [INFO] Chargement de robot_3d_0081-> 153/331 | 46%
[2026-04-11 00:54:36] [INFO] Chargement de robot_3d_0082-> 154/331 | 46%
[2026-04-11 00:54:36] [INFO] Chargement de robot_3d_0082-> 154/331 | 46%
[2026-04-11 00:54:36] [INFO] Chargement de robot_3d_0082-> 154/331 | 46%
[2026-04-11 00:54:36] [INFO] Chargement de robot_3d_0082-> 154/331 | 46%
[2026-04-11 00:54:36] [INFO] Chargement de robot_3d_0083-> 155/331 | 46%
[2026-04-11 00:54:36] [INFO] Chargement de robot_3d_0083-> 155/331 | 46%
[2026-04-11 00:54:36] [INFO] Chargement de robot_3d_0083-> 155/331 | 46%
[2026-04-11 00:54:36] [INFO] Chargement de robot_3d_0083-> 155/331 | 46%
[2026-04-11 00:54:36] [INFO] Chargement de robot_3d_0084-> 156/331 | 47%
[2026-04-11 00:54:36] [INFO] Chargement de robot_3d_0085-> 157/331 | 47%
[2026-04-11 00:54:36] [INFO] Chargement de robot_3d_0086-> 158/331 | 47%
[2026-04-11 00:54:36] [INFO] Chargement de robot_3d_0087-> 159/331 | 48%
[2026-04-11 00:54:36] [INFO] Chargement de robot_3d_0088-> 160/331 | 48%
[2026-04-11 00:54:36] [INFO] Chargement de robot_3d_0089-> 161/331 | 48%
[2026-04-11 00:54:36] [INFO] Chargement de robot_3d_0090-> 162/331 | 48%
[2026-04-11 00:54:36] [INFO] Chargement de robot_3d_0091-> 163/331 | 49%
[2026-04-11 00:54:36] [INFO] Chargement de robot_3d_0092-> 164/331 | 49%
[2026-04-11 00:54:36] [INFO] Chargement de robot_3d_0093-> 165/331 | 49%
[2026-04-11 00:54:36] [INFO] Chargement de robot_3d_0093-> 165/331 | 49%
[2026-04-11 00:54:36] [INFO] Chargement de robot_3d_0094-> 166/331 | 50%
[2026-04-11 00:54:36] [INFO] Chargement de robot_3d_0095-> 167/331 | 50%
[2026-04-11 00:54:36] [INFO] Chargement de robot_3d_0096-> 168/331 | 50%
[2026-04-11 00:54:36] [INFO] Chargement de robot_3d_0097-> 169/331 | 51%
[2026-04-11 00:54:36] [INFO] Chargement de robot_3d_0098-> 170/331 | 51%
[2026-04-11 00:54:36] [INFO] Chargement de robot_3d_0099-> 171/331 | 51%
[2026-04-11 00:54:36] [INFO] Chargement de robot_3d_0100-> 172/331 | 51%
[2026-04-11 00:54:36] [INFO] Chargement de robot_3d_0100-> 172/331 | 51%
[2026-04-11 00:54:36] [INFO] Chargement de robot_3d_0101-> 173/331 | 52%
[2026-04-11 00:54:36] [INFO] Chargement de robot_3d_0101-> 173/331 | 52%
[2026-04-11 00:54:36] [INFO] Chargement de robot_3d_0101-> 173/331 | 52%
[2026-04-11 00:54:36] [INFO] Chargement de robot_3d_0102-> 174/331 | 52%
[2026-04-11 00:54:36] [INFO] Chargement de robot_3d_0102-> 174/331 | 52%
[2026-04-11 00:54:36] [INFO] Chargement de robot_3d_0102-> 174/331 | 52%
[2026-04-11 00:54:36] [INFO] Chargement de robot_3d_0103-> 175/331 | 52%
[2026-04-11 00:54:36] [INFO] Chargement de robot_3d_0103-> 175/331 | 52%
[2026-04-11 00:54:36] [INFO] Chargement de robot_3d_0103-> 175/331 | 52%
[2026-04-11 00:54:36] [INFO] Chargement de robot_3d_0103-> 175/331 | 52%
[2026-04-11 00:54:36] [INFO] Chargement de robot_3d_0103-> 175/331 | 52%
[2026-04-11 00:54:36] [INFO] Chargement de robot_3d_0104-> 176/331 | 53%
[2026-04-11 00:54:36] [INFO] Chargement de robot_3d_0104-> 176/331 | 53%
[2026-04-11 00:54:36] [INFO] Chargement de robot_3d_0104-> 176/331 | 53%
[2026-04-11 00:54:36] [INFO] Chargement de robot_3d_0104-> 176/331 | 53%
[2026-04-11 00:54:36] [INFO] Chargement de robot_3d_0105-> 177/331 | 53%
[2026-04-11 00:54:36] [INFO] Chargement de robot_3d_0105-> 177/331 | 53%
[2026-04-11 00:54:36] [INFO] Chargement de robot_3d_0105-> 177/331 | 53%
[2026-04-11 00:54:36] [INFO] Chargement de robot_3d_0106-> 178/331 | 53%
[2026-04-11 00:54:36] [INFO] Chargement de robot_3d_0107-> 179/331 | 54%
[2026-04-11 00:54:36] [INFO] Chargement de robot_3d_0108-> 180/331 | 54%
[2026-04-11 00:54:36] [INFO] Chargement de robot_3d_0109-> 181/331 | 54%
[2026-04-11 00:54:36] [INFO] Chargement de robot_3d_0110-> 182/331 | 54%
[2026-04-11 00:54:36] [INFO] Chargement de robot_3d_0110-> 182/331 | 54%
[2026-04-11 00:54:36] [INFO] Chargement de robot_3d_0111-> 183/331 | 55%
[2026-04-11 00:54:36] [INFO] Chargement de robot_3d_0112-> 184/331 | 55%
[2026-04-11 00:54:36] [INFO] Chargement de robot_3d_0113-> 185/331 | 55%
[2026-04-11 00:54:36] [INFO] Chargement de robot_3d_0113-> 185/331 | 55%
[2026-04-11 00:54:36] [INFO] Chargement de robot_3d_0114-> 186/331 | 56%
[2026-04-11 00:54:36] [INFO] Chargement de robot_3d_0114-> 186/331 | 56%
[2026-04-11 00:54:36] [INFO] Chargement de robot_3d_0115-> 187/331 | 56%
[2026-04-11 00:54:36] [INFO] Chargement de robot_3d_0115-> 187/331 | 56%
[2026-04-11 00:54:36] [INFO] Chargement de robot_3d_0116-> 188/331 | 56%
[2026-04-11 00:54:36] [INFO] Chargement de robot_3d_0117-> 189/331 | 57%
[2026-04-11 00:54:36] [INFO] Chargement de robot_3d_0117-> 189/331 | 57%
[2026-04-11 00:54:36] [INFO] Chargement de robot_3d_0118-> 190/331 | 57%
[2026-04-11 00:54:36] [INFO] Chargement de robot_3d_0118-> 190/331 | 57%
[2026-04-11 00:54:36] [INFO] Chargement de robot_3d_0119-> 191/331 | 57%
[2026-04-11 00:54:36] [INFO] Chargement de robot_3d_0120-> 192/331 | 58%
[2026-04-11 00:54:36] [INFO] Chargement de robot_3d_0121-> 193/331 | 58%
[2026-04-11 00:54:36] [INFO] Chargement de robot_3d_0121-> 193/331 | 58%
[2026-04-11 00:54:36] [INFO] Chargement de robot_3d_0122-> 194/331 | 58%
[2026-04-11 00:54:36] [INFO] Chargement de robot_3d_0123-> 195/331 | 58%
[2026-04-11 00:54:36] [INFO] Chargement de robot_3d_0123-> 195/331 | 58%
[2026-04-11 00:54:36] [INFO] Chargement de robot_3d_0124-> 196/331 | 59%
[2026-04-11 00:54:36] [INFO] Chargement de robot_3d_0125-> 197/331 | 59%
[2026-04-11 00:54:36] [INFO] Chargement de robot_3d_0126-> 198/331 | 59%
[2026-04-11 00:54:36] [INFO] Chargement de robot_3d_0127-> 199/331 | 60%
[2026-04-11 00:54:36] [INFO] Chargement de robot_3d_0128-> 200/331 | 60%
[2026-04-11 00:54:36] [INFO] Chargement de robot_3d_0129-> 201/331 | 60%
[2026-04-11 00:54:36] [INFO] Chargement de robot_3d_0130-> 202/331 | 61%
[2026-04-11 00:54:36] [INFO] Chargement de robot_3d_0131-> 203/331 | 61%
[2026-04-11 00:54:37] [INFO] Chargement de robot_3d_0132-> 204/331 | 61%
[2026-04-11 00:54:37] [INFO] Chargement de robot_3d_0133-> 205/331 | 61%
[2026-04-11 00:54:37] [INFO] Chargement de robot_3d_0134-> 206/331 | 62%
[2026-04-11 00:54:37] [INFO] Chargement de robot_3d_0135-> 207/331 | 62%
[2026-04-11 00:54:37] [INFO] Chargement de robot_3d_0136-> 208/331 | 62%
[2026-04-11 00:54:37] [INFO] Chargement de robot_3d_0137-> 209/331 | 63%
[2026-04-11 00:54:37] [INFO] Chargement de robot_3d_0138-> 210/331 | 63%
[2026-04-11 00:54:37] [INFO] Chargement de robot_3d_0139-> 211/331 | 63%
[2026-04-11 00:54:37] [INFO] Chargement de robot_3d_0140-> 212/331 | 64%
[2026-04-11 00:54:37] [INFO] Chargement de robot_3d_0141-> 213/331 | 64%
[2026-04-11 00:54:37] [INFO] Chargement de robot_3d_0142-> 214/331 | 64%
[2026-04-11 00:54:37] [INFO] Chargement de robot_3d_0144-> 216/331 | 65%
[2026-04-11 00:54:37] [INFO] Chargement de robot_3d_0146-> 218/331 | 65%
[2026-04-11 00:54:37] [INFO] Chargement de robot_3d_0147-> 219/331 | 66%
[2026-04-11 00:54:37] [INFO] Chargement de robot_3d_0149-> 221/331 | 66%
[2026-04-11 00:54:37] [INFO] Chargement de robot_3d_0150-> 222/331 | 67%
[2026-04-11 00:54:37] [INFO] Chargement de robot_3d_0152-> 224/331 | 67%
[2026-04-11 00:54:37] [INFO] Chargement de robot_3d_0153-> 225/331 | 67%
[2026-04-11 00:54:37] [INFO] Chargement de robot_3d_0154-> 226/331 | 68%
[2026-04-11 00:54:37] [INFO] Chargement de robot_3d_0156-> 228/331 | 68%
[2026-04-11 00:54:37] [INFO] Chargement de robot_3d_0158-> 230/331 | 69%
[2026-04-11 00:54:37] [INFO] Chargement de robot_3d_0159-> 231/331 | 69%
[2026-04-11 00:54:37] [INFO] Chargement de robot_3d_0160-> 232/331 | 70%
[2026-04-11 00:54:37] [INFO] Chargement de robot_3d_0162-> 234/331 | 70%
[2026-04-11 00:54:37] [INFO] Chargement de robot_3d_0163-> 235/331 | 70%
[2026-04-11 00:54:37] [INFO] Chargement de robot_3d_0165-> 237/331 | 71%
[2026-04-11 00:54:37] [INFO] Chargement de robot_3d_0166-> 238/331 | 71%
[2026-04-11 00:54:37] [INFO] Chargement de robot_3d_0167-> 239/331 | 72%
[2026-04-11 00:54:37] [INFO] Chargement de robot_3d_0169-> 241/331 | 72%
[2026-04-11 00:54:37] [INFO] Chargement de robot_3d_0170-> 242/331 | 73%
[2026-04-11 00:54:37] [INFO] Chargement de robot_3d_0172-> 244/331 | 73%
[2026-04-11 00:54:37] [INFO] Chargement de robot_3d_0174-> 246/331 | 74%
[2026-04-11 00:54:37] [INFO] Chargement de robot_3d_0176-> 248/331 | 74%
[2026-04-11 00:54:37] [INFO] Chargement de robot_3d_0177-> 249/331 | 75%
[2026-04-11 00:54:37] [INFO] Chargement de robot_3d_0178-> 250/331 | 75%
[2026-04-11 00:54:37] [INFO] Chargement de robot_3d_0179-> 251/331 | 75%
[2026-04-11 00:54:37] [INFO] Chargement de robot_3d_0180-> 252/331 | 76%
[2026-04-11 00:54:37] [INFO] Chargement de robot_3d_0181-> 253/331 | 76%
[2026-04-11 00:54:37] [INFO] Chargement de robot_3d_0182-> 254/331 | 76%
[2026-04-11 00:54:37] [INFO] Chargement de robot_3d_0183-> 255/331 | 77%
[2026-04-11 00:54:37] [INFO] Chargement de robot_3d_0184-> 256/331 | 77%
[2026-04-11 00:54:37] [INFO] Chargement de robot_3d_0185-> 257/331 | 77%
[2026-04-11 00:54:37] [INFO] Chargement de robot_3d_0186-> 258/331 | 77%
[2026-04-11 00:54:37] [INFO] Chargement de robot_3d_0187-> 259/331 | 78%
[2026-04-11 00:54:37] [INFO] Chargement de robot_3d_0188-> 260/331 | 78%
[2026-04-11 00:54:37] [INFO] Chargement de robot_3d_0190-> 262/331 | 79%
[2026-04-11 00:54:37] [INFO] Chargement de robot_3d_0190-> 262/331 | 79%
[2026-04-11 00:54:37] [INFO] Chargement de robot_3d_0192-> 264/331 | 79%
[2026-04-11 00:54:37] [INFO] Chargement de robot_3d_0193-> 265/331 | 80%
[2026-04-11 00:54:37] [INFO] Chargement de robot_3d_0195-> 267/331 | 80%
[2026-04-11 00:54:37] [INFO] Chargement de robot_3d_0197-> 269/331 | 81%
[2026-04-11 00:54:37] [INFO] Chargement de robot_3d_0198-> 270/331 | 81%
[2026-04-11 00:54:37] [INFO] Chargement de robot_3d_0200-> 272/331 | 82%
[2026-04-11 00:54:37] [INFO] Chargement de robot_3d_0200-> 272/331 | 82%
[2026-04-11 00:54:37] [INFO] Chargement de robot_3d_0201-> 273/331 | 82%
[2026-04-11 00:54:37] [INFO] Chargement de robot_3d_0202-> 274/331 | 82%
[2026-04-11 00:54:37] [INFO] Chargement de robot_3d_0203-> 275/331 | 83%
[2026-04-11 00:54:37] [INFO] Chargement de robot_3d_0205-> 277/331 | 83%
[2026-04-11 00:54:37] [INFO] Chargement de robot_3d_0207-> 279/331 | 84%
[2026-04-11 00:54:37] [INFO] Chargement de robot_3d_0208-> 280/331 | 84%
[2026-04-11 00:54:37] [INFO] Chargement de robot_3d_0209-> 281/331 | 84%
[2026-04-11 00:54:37] [INFO] Chargement de robot_3d_0210-> 282/331 | 85%
[2026-04-11 00:54:37] [INFO] Chargement de robot_3d_0211-> 283/331 | 85%
[2026-04-11 00:54:37] [INFO] Chargement de robot_3d_0212-> 284/331 | 85%
[2026-04-11 00:54:37] [INFO] Chargement de robot_3d_0213-> 285/331 | 86%
[2026-04-11 00:54:37] [INFO] Chargement de robot_3d_0214-> 286/331 | 86%
[2026-04-11 00:54:37] [INFO] Chargement de robot_3d_0215-> 287/331 | 86%
[2026-04-11 00:54:37] [INFO] Chargement de robot_3d_0216-> 288/331 | 87%
[2026-04-11 00:54:37] [INFO] Chargement de robot_3d_0217-> 289/331 | 87%
[2026-04-11 00:54:37] [INFO] Chargement de robot_3d_0218-> 290/331 | 87%
[2026-04-11 00:54:37] [INFO] Chargement de robot_3d_0219-> 291/331 | 87%
[2026-04-11 00:54:37] [INFO] Chargement de robot_3d_0220-> 292/331 | 88%
[2026-04-11 00:54:37] [INFO] Chargement de robot_3d_0222-> 294/331 | 88%
[2026-04-11 00:54:37] [INFO] Chargement de robot_3d_0222-> 294/331 | 88%
[2026-04-11 00:54:37] [INFO] Chargement de robot_3d_0223-> 295/331 | 89%
[2026-04-11 00:54:37] [INFO] Chargement de robot_3d_0224-> 296/331 | 89%
[2026-04-11 00:54:37] [INFO] Chargement de robot_3d_0225-> 297/331 | 89%
[2026-04-11 00:54:37] [INFO] Chargement de robot_3d_0226-> 298/331 | 90%
[2026-04-11 00:54:37] [INFO] Chargement de robot_3d_0228-> 300/331 | 90%
[2026-04-11 00:54:37] [INFO] Chargement de robot_3d_0228-> 300/331 | 90%
[2026-04-11 00:54:37] [INFO] Chargement de robot_3d_0229-> 301/331 | 90%
[2026-04-11 00:54:37] [INFO] Chargement de robot_3d_0231-> 303/331 | 91%
[2026-04-11 00:54:37] [INFO] Chargement de robot_3d_0232-> 304/331 | 91%
[2026-04-11 00:54:37] [INFO] Chargement de robot_3d_0233-> 305/331 | 92%
[2026-04-11 00:54:37] [INFO] Chargement de robot_3d_0234-> 306/331 | 92%
[2026-04-11 00:54:37] [INFO] Chargement de robot_3d_0235-> 307/331 | 92%
[2026-04-11 00:54:37] [INFO] Chargement de robot_3d_0236-> 308/331 | 93%
[2026-04-11 00:54:37] [INFO] Chargement de robot_3d_0237-> 309/331 | 93%
[2026-04-11 00:54:37] [INFO] Chargement de robot_3d_0238-> 310/331 | 93%
[2026-04-11 00:54:37] [INFO] Chargement de robot_3d_0239-> 311/331 | 93%
[2026-04-11 00:54:37] [INFO] Chargement de water_0-> 313/331 | 94%
[2026-04-11 00:54:37] [INFO] Chargement de water_6-> 319/331 | 96%
[2026-04-11 00:54:37] [INFO] Chargement de rocket_0-> 329/331 | 99%
[2026-04-11 00:54:37] [INFO] Assets chargés, redirect vers play_menu
[2026-04-11 00:54:37] [INFO] Entrez dans play_menu avec le compte test1.json
[2026-04-11 00:54:51] [ERROR] play ->
Traceback (most recent call last):
  File "d:\informatique_tfe\tfe\src\data\object\games\play.py", line 252, in play
    maps,new_maps_check = robot.update(maps, collision_tiles)
                          ^^^^^^^^^^^^^^^^^^^^^^^^^^^^^^^^^^^
  File "d:\informatique_tfe\tfe\src\data\object\personnages\robot.py", line 210, in update
    maps = self.move_input(maps, collision_tiles)
           ^^^^^^^^^^^^^^^^^^^^^^^^^^^^^^^^^^^^^^
  File "d:\informatique_tfe\tfe\src\data\object\personnages\robot.py", line 172, in move_input
    self.block[maps[above][block_x]] += 1
    ~~~~~~~~~~^^^^^^^^^^^^^^^^^^^^^^
KeyError: 'water'
[2026-04-11 00:56:01] [INFO] 



+///////////////////////////////////////////////////////////////////////////+

                Démarrage de Nexus Extraction

+///////////////////////////////////////////////////////////////////////////+

[2026-04-11 00:56:01] [INFO] 
+---------------------------- Bienvenue ! ----------------------------+

Bienvenue dans Nexus Extraction. Si vous lisez ceci, c’est que vous vous
trouvez actuellement dans les logs du jeu. Si vous êtes un joueur lambda,
cette fenêtre ne vous intéressera pas, mais ne la fermez pas, car cette
action entraînera la fermeture du jeu.

En cas de problème ou de plantage du jeu, merci de contacter le développeur
à l’adresse e-mail suivante : mouyelv@sjb-liege.org
en joignant les fichiers de logs qui se trouvent dans le dossier "logs/".

Merci de jouer à Nexus Extraction et bon jeu ;)

+-------------------------------- LOGS --------------------------------+

[2026-04-11 00:56:01] [INFO] Main Menu
[2026-04-11 00:56:03] [INFO] Entrez dans compte
[2026-04-11 00:56:04] [INFO] Entrez dans load_menu avec le compte -> test1.json
[2026-04-11 00:56:04] [INFO] Chargement de title-> 1/331 | 0%
[2026-04-11 00:56:04] [INFO] Chargement de title-> 1/331 | 0%
[2026-04-11 00:56:04] [INFO] Chargement de creator-> 2/331 | 0%
[2026-04-11 00:56:04] [INFO] Chargement de the_void-> 4/331 | 1%
[2026-04-11 00:56:04] [INFO] Chargement de the_void_full-> 5/331 | 1%
[2026-04-11 00:56:04] [INFO] Chargement de underground_1-> 6/331 | 1%
[2026-04-11 00:56:04] [INFO] Chargement de underground_1-> 6/331 | 1%
[2026-04-11 00:56:04] [INFO] Chargement de underground_2-> 7/331 | 2%
[2026-04-11 00:56:04] [INFO] Chargement de underground_3-> 8/331 | 2%
[2026-04-11 00:56:04] [INFO] Chargement de btn_play_menu-> 9/331 | 2%
[2026-04-11 00:56:04] [INFO] Chargement de btn_play_menu-> 9/331 | 2%
[2026-04-11 00:56:04] [INFO] Chargement de btn_play_menu-> 9/331 | 2%
[2026-04-11 00:56:04] [INFO] Chargement de btn_boutique_menu-> 10/331 | 3%
[2026-04-11 00:56:04] [INFO] Chargement de btn_boutique_menu-> 10/331 | 3%
[2026-04-11 00:56:04] [INFO] Chargement de btn_option_menu-> 11/331 | 3%
[2026-04-11 00:56:04] [INFO] Chargement de btn_option_menu-> 11/331 | 3%
[2026-04-11 00:56:04] [INFO] Chargement de btn_option_menu-> 11/331 | 3%
[2026-04-11 00:56:04] [INFO] Chargement de btn_play-> 12/331 | 3%
[2026-04-11 00:56:04] [INFO] Chargement de btn_play-> 12/331 | 3%
[2026-04-11 00:56:04] [INFO] Chargement de btn_play-> 12/331 | 3%
[2026-04-11 00:56:04] [INFO] Chargement de btn_quitter-> 13/331 | 3%
[2026-04-11 00:56:04] [INFO] Chargement de btn_quitter-> 13/331 | 3%
[2026-04-11 00:56:04] [INFO] Chargement de btn_quitter-> 13/331 | 3%
[2026-04-11 00:56:04] [INFO] Chargement de barre_laterale-> 16/331 | 4%
[2026-04-11 00:56:04] [INFO] Chargement de boutique_frame-> 18/331 | 5%
[2026-04-11 00:56:04] [INFO] Chargement de boutique_pression-> 20/331 | 6%
[2026-04-11 00:56:04] [INFO] Chargement de blue_storm-> 22/331 | 6%
[2026-04-11 00:56:04] [INFO] Chargement de pression_icon-> 24/331 | 7%
[2026-04-11 00:56:05] [INFO] Chargement de pression_icon-> 24/331 | 7%
[2026-04-11 00:56:05] [INFO] Chargement de diamond_ore-> 30/331 | 9%
[2026-04-11 00:56:05] [INFO] Chargement de oak_strairs_L-> 36/331 | 10%
[2026-04-11 00:56:05] [INFO] Chargement de deepslate_diamond_ore-> 42/331 | 12%
[2026-04-11 00:56:05] [INFO] Chargement de deepslate-> 48/331 | 14%
[2026-04-11 00:56:05] [INFO] Chargement de robot_7-> 60/331 | 18%
[2026-04-11 00:56:05] [INFO] Chargement de robot_75-> 66/331 | 19%
[2026-04-11 00:56:05] [INFO] Chargement de robot_3d_0002-> 74/331 | 22%
[2026-04-11 00:56:05] [INFO] Chargement de robot_3d_0003-> 75/331 | 22%
[2026-04-11 00:56:05] [INFO] Chargement de robot_3d_0004-> 76/331 | 22%
[2026-04-11 00:56:05] [INFO] Chargement de robot_3d_0004-> 76/331 | 22%
[2026-04-11 00:56:05] [INFO] Chargement de robot_3d_0006-> 78/331 | 23%
[2026-04-11 00:56:05] [INFO] Chargement de robot_3d_0007-> 79/331 | 23%
[2026-04-11 00:56:05] [INFO] Chargement de robot_3d_0007-> 79/331 | 23%
[2026-04-11 00:56:05] [INFO] Chargement de robot_3d_0009-> 81/331 | 24%
[2026-04-11 00:56:05] [INFO] Chargement de robot_3d_0010-> 82/331 | 24%
[2026-04-11 00:56:05] [INFO] Chargement de robot_3d_0010-> 82/331 | 24%
[2026-04-11 00:56:05] [INFO] Chargement de robot_3d_0012-> 84/331 | 25%
[2026-04-11 00:56:05] [INFO] Chargement de robot_3d_0012-> 84/331 | 25%
[2026-04-11 00:56:05] [INFO] Chargement de robot_3d_0014-> 86/331 | 25%
[2026-04-11 00:56:05] [INFO] Chargement de robot_3d_0016-> 88/331 | 26%
[2026-04-11 00:56:05] [INFO] Chargement de robot_3d_0018-> 90/331 | 27%
[2026-04-11 00:56:05] [INFO] Chargement de robot_3d_0019-> 91/331 | 27%
[2026-04-11 00:56:05] [INFO] Chargement de robot_3d_0020-> 92/331 | 27%
[2026-04-11 00:56:05] [INFO] Chargement de robot_3d_0020-> 92/331 | 27%
[2026-04-11 00:56:05] [INFO] Chargement de robot_3d_0022-> 94/331 | 28%
[2026-04-11 00:56:05] [INFO] Chargement de robot_3d_0022-> 94/331 | 28%
[2026-04-11 00:56:05] [INFO] Chargement de robot_3d_0023-> 95/331 | 28%
[2026-04-11 00:56:05] [INFO] Chargement de robot_3d_0024-> 96/331 | 29%
[2026-04-11 00:56:05] [INFO] Chargement de robot_3d_0026-> 98/331 | 29%
[2026-04-11 00:56:05] [INFO] Chargement de robot_3d_0026-> 98/331 | 29%
[2026-04-11 00:56:05] [INFO] Chargement de robot_3d_0028-> 100/331 | 30%
[2026-04-11 00:56:05] [INFO] Chargement de robot_3d_0030-> 102/331 | 30%
[2026-04-11 00:56:05] [INFO] Chargement de robot_3d_0031-> 103/331 | 31%
[2026-04-11 00:56:05] [INFO] Chargement de robot_3d_0032-> 104/331 | 31%
[2026-04-11 00:56:05] [INFO] Chargement de robot_3d_0033-> 105/331 | 31%
[2026-04-11 00:56:05] [INFO] Chargement de robot_3d_0034-> 106/331 | 32%
[2026-04-11 00:56:05] [INFO] Chargement de robot_3d_0036-> 108/331 | 32%
[2026-04-11 00:56:05] [INFO] Chargement de robot_3d_0037-> 109/331 | 32%
[2026-04-11 00:56:05] [INFO] Chargement de robot_3d_0038-> 110/331 | 33%
[2026-04-11 00:56:05] [INFO] Chargement de robot_3d_0039-> 111/331 | 33%
[2026-04-11 00:56:05] [INFO] Chargement de robot_3d_0040-> 112/331 | 33%
[2026-04-11 00:56:05] [INFO] Chargement de robot_3d_0041-> 113/331 | 34%
[2026-04-11 00:56:05] [INFO] Chargement de robot_3d_0042-> 114/331 | 34%
[2026-04-11 00:56:05] [INFO] Chargement de robot_3d_0043-> 115/331 | 34%
[2026-04-11 00:56:05] [INFO] Chargement de robot_3d_0044-> 116/331 | 35%
[2026-04-11 00:56:05] [INFO] Chargement de robot_3d_0045-> 117/331 | 35%
[2026-04-11 00:56:05] [INFO] Chargement de robot_3d_0046-> 118/331 | 35%
[2026-04-11 00:56:05] [INFO] Chargement de robot_3d_0047-> 119/331 | 35%
[2026-04-11 00:56:05] [INFO] Chargement de robot_3d_0048-> 120/331 | 36%
[2026-04-11 00:56:05] [INFO] Chargement de robot_3d_0049-> 121/331 | 36%
[2026-04-11 00:56:05] [INFO] Chargement de robot_3d_0050-> 122/331 | 36%
[2026-04-11 00:56:05] [INFO] Chargement de robot_3d_0051-> 123/331 | 37%
[2026-04-11 00:56:05] [INFO] Chargement de robot_3d_0052-> 124/331 | 37%
[2026-04-11 00:56:05] [INFO] Chargement de robot_3d_0053-> 125/331 | 37%
[2026-04-11 00:56:05] [INFO] Chargement de robot_3d_0054-> 126/331 | 38%
[2026-04-11 00:56:05] [INFO] Chargement de robot_3d_0055-> 127/331 | 38%
[2026-04-11 00:56:05] [INFO] Chargement de robot_3d_0056-> 128/331 | 38%
[2026-04-11 00:56:05] [INFO] Chargement de robot_3d_0057-> 129/331 | 38%
[2026-04-11 00:56:05] [INFO] Chargement de robot_3d_0058-> 130/331 | 39%
[2026-04-11 00:56:05] [INFO] Chargement de robot_3d_0059-> 131/331 | 39%
[2026-04-11 00:56:05] [INFO] Chargement de robot_3d_0060-> 132/331 | 39%
[2026-04-11 00:56:05] [INFO] Chargement de robot_3d_0061-> 133/331 | 40%
[2026-04-11 00:56:05] [INFO] Chargement de robot_3d_0062-> 134/331 | 40%
[2026-04-11 00:56:05] [INFO] Chargement de robot_3d_0063-> 135/331 | 40%
[2026-04-11 00:56:05] [INFO] Chargement de robot_3d_0064-> 136/331 | 41%
[2026-04-11 00:56:05] [INFO] Chargement de robot_3d_0065-> 137/331 | 41%
[2026-04-11 00:56:05] [INFO] Chargement de robot_3d_0066-> 138/331 | 41%
[2026-04-11 00:56:05] [INFO] Chargement de robot_3d_0067-> 139/331 | 41%
[2026-04-11 00:56:05] [INFO] Chargement de robot_3d_0068-> 140/331 | 42%
[2026-04-11 00:56:05] [INFO] Chargement de robot_3d_0069-> 141/331 | 42%
[2026-04-11 00:56:05] [INFO] Chargement de robot_3d_0070-> 142/331 | 42%
[2026-04-11 00:56:05] [INFO] Chargement de robot_3d_0071-> 143/331 | 43%
[2026-04-11 00:56:05] [INFO] Chargement de robot_3d_0073-> 145/331 | 43%
[2026-04-11 00:56:05] [INFO] Chargement de robot_3d_0073-> 145/331 | 43%
[2026-04-11 00:56:06] [INFO] Chargement de robot_3d_0074-> 146/331 | 44%
[2026-04-11 00:56:06] [INFO] Chargement de robot_3d_0075-> 147/331 | 44%
[2026-04-11 00:56:06] [INFO] Chargement de robot_3d_0076-> 148/331 | 44%
[2026-04-11 00:56:06] [INFO] Chargement de robot_3d_0077-> 149/331 | 45%
[2026-04-11 00:56:06] [INFO] Chargement de robot_3d_0078-> 150/331 | 45%
[2026-04-11 00:56:06] [INFO] Chargement de robot_3d_0079-> 151/331 | 45%
[2026-04-11 00:56:06] [INFO] Chargement de robot_3d_0080-> 152/331 | 45%
[2026-04-11 00:56:06] [INFO] Chargement de robot_3d_0082-> 154/331 | 46%
[2026-04-11 00:56:06] [INFO] Chargement de robot_3d_0084-> 156/331 | 47%
[2026-04-11 00:56:06] [INFO] Chargement de robot_3d_0084-> 156/331 | 47%
[2026-04-11 00:56:06] [INFO] Chargement de robot_3d_0086-> 158/331 | 47%
[2026-04-11 00:56:06] [INFO] Chargement de robot_3d_0086-> 158/331 | 47%
[2026-04-11 00:56:06] [INFO] Chargement de robot_3d_0087-> 159/331 | 48%
[2026-04-11 00:56:06] [INFO] Chargement de robot_3d_0088-> 160/331 | 48%
[2026-04-11 00:56:06] [INFO] Chargement de robot_3d_0089-> 161/331 | 48%
[2026-04-11 00:56:06] [INFO] Chargement de robot_3d_0091-> 163/331 | 49%
[2026-04-11 00:56:06] [INFO] Chargement de robot_3d_0093-> 165/331 | 49%
[2026-04-11 00:56:06] [INFO] Chargement de robot_3d_0094-> 166/331 | 50%
[2026-04-11 00:56:06] [INFO] Chargement de robot_3d_0095-> 167/331 | 50%
[2026-04-11 00:56:06] [INFO] Chargement de robot_3d_0097-> 169/331 | 51%
[2026-04-11 00:56:06] [INFO] Chargement de robot_3d_0097-> 169/331 | 51%
[2026-04-11 00:56:06] [INFO] Chargement de robot_3d_0098-> 170/331 | 51%
[2026-04-11 00:56:06] [INFO] Chargement de robot_3d_0099-> 171/331 | 51%
[2026-04-11 00:56:06] [INFO] Chargement de robot_3d_0100-> 172/331 | 51%
[2026-04-11 00:56:06] [INFO] Chargement de robot_3d_0101-> 173/331 | 52%
[2026-04-11 00:56:06] [INFO] Chargement de robot_3d_0102-> 174/331 | 52%
[2026-04-11 00:56:06] [INFO] Chargement de robot_3d_0103-> 175/331 | 52%
[2026-04-11 00:56:06] [INFO] Chargement de robot_3d_0104-> 176/331 | 53%
[2026-04-11 00:56:06] [INFO] Chargement de robot_3d_0105-> 177/331 | 53%
[2026-04-11 00:56:06] [INFO] Chargement de robot_3d_0106-> 178/331 | 53%
[2026-04-11 00:56:06] [INFO] Chargement de robot_3d_0107-> 179/331 | 54%
[2026-04-11 00:56:06] [INFO] Chargement de robot_3d_0108-> 180/331 | 54%
[2026-04-11 00:56:06] [INFO] Chargement de robot_3d_0110-> 182/331 | 54%
[2026-04-11 00:56:06] [INFO] Chargement de robot_3d_0111-> 183/331 | 55%
[2026-04-11 00:56:06] [INFO] Chargement de robot_3d_0113-> 185/331 | 55%
[2026-04-11 00:56:06] [INFO] Chargement de robot_3d_0114-> 186/331 | 56%
[2026-04-11 00:56:06] [INFO] Chargement de robot_3d_0116-> 188/331 | 56%
[2026-04-11 00:56:06] [INFO] Chargement de robot_3d_0117-> 189/331 | 57%
[2026-04-11 00:56:06] [INFO] Chargement de robot_3d_0118-> 190/331 | 57%
[2026-04-11 00:56:06] [INFO] Chargement de robot_3d_0119-> 191/331 | 57%
[2026-04-11 00:56:06] [INFO] Chargement de robot_3d_0120-> 192/331 | 58%
[2026-04-11 00:56:06] [INFO] Chargement de robot_3d_0121-> 193/331 | 58%
[2026-04-11 00:56:06] [INFO] Chargement de robot_3d_0122-> 194/331 | 58%
[2026-04-11 00:56:06] [INFO] Chargement de robot_3d_0123-> 195/331 | 58%
[2026-04-11 00:56:06] [INFO] Chargement de robot_3d_0124-> 196/331 | 59%
[2026-04-11 00:56:06] [INFO] Chargement de robot_3d_0125-> 197/331 | 59%
[2026-04-11 00:56:06] [INFO] Chargement de robot_3d_0126-> 198/331 | 59%
[2026-04-11 00:56:06] [INFO] Chargement de robot_3d_0127-> 199/331 | 60%
[2026-04-11 00:56:06] [INFO] Chargement de robot_3d_0128-> 200/331 | 60%
[2026-04-11 00:56:06] [INFO] Chargement de robot_3d_0129-> 201/331 | 60%
[2026-04-11 00:56:06] [INFO] Chargement de robot_3d_0130-> 202/331 | 61%
[2026-04-11 00:56:06] [INFO] Chargement de robot_3d_0131-> 203/331 | 61%
[2026-04-11 00:56:06] [INFO] Chargement de robot_3d_0133-> 205/331 | 61%
[2026-04-11 00:56:06] [INFO] Chargement de robot_3d_0133-> 205/331 | 61%
[2026-04-11 00:56:06] [INFO] Chargement de robot_3d_0134-> 206/331 | 62%
[2026-04-11 00:56:06] [INFO] Chargement de robot_3d_0135-> 207/331 | 62%
[2026-04-11 00:56:06] [INFO] Chargement de robot_3d_0136-> 208/331 | 62%
[2026-04-11 00:56:06] [INFO] Chargement de robot_3d_0137-> 209/331 | 63%
[2026-04-11 00:56:06] [INFO] Chargement de robot_3d_0139-> 211/331 | 63%
[2026-04-11 00:56:06] [INFO] Chargement de robot_3d_0140-> 212/331 | 64%
[2026-04-11 00:56:06] [INFO] Chargement de robot_3d_0141-> 213/331 | 64%
[2026-04-11 00:56:06] [INFO] Chargement de robot_3d_0142-> 214/331 | 64%
[2026-04-11 00:56:06] [INFO] Chargement de robot_3d_0143-> 215/331 | 64%
[2026-04-11 00:56:06] [INFO] Chargement de robot_3d_0145-> 217/331 | 65%
[2026-04-11 00:56:06] [INFO] Chargement de robot_3d_0146-> 218/331 | 65%
[2026-04-11 00:56:06] [INFO] Chargement de robot_3d_0147-> 219/331 | 66%
[2026-04-11 00:56:06] [INFO] Chargement de robot_3d_0148-> 220/331 | 66%
[2026-04-11 00:56:06] [INFO] Chargement de robot_3d_0149-> 221/331 | 66%
[2026-04-11 00:56:06] [INFO] Chargement de robot_3d_0151-> 223/331 | 67%
[2026-04-11 00:56:06] [INFO] Chargement de robot_3d_0153-> 225/331 | 67%
[2026-04-11 00:56:06] [INFO] Chargement de robot_3d_0154-> 226/331 | 68%
[2026-04-11 00:56:06] [INFO] Chargement de robot_3d_0155-> 227/331 | 68%
[2026-04-11 00:56:06] [INFO] Chargement de robot_3d_0156-> 228/331 | 68%
[2026-04-11 00:56:06] [INFO] Chargement de robot_3d_0157-> 229/331 | 69%
[2026-04-11 00:56:06] [INFO] Chargement de robot_3d_0158-> 230/331 | 69%
[2026-04-11 00:56:06] [INFO] Chargement de robot_3d_0159-> 231/331 | 69%
[2026-04-11 00:56:06] [INFO] Chargement de robot_3d_0160-> 232/331 | 70%
[2026-04-11 00:56:06] [INFO] Chargement de robot_3d_0161-> 233/331 | 70%
[2026-04-11 00:56:06] [INFO] Chargement de robot_3d_0162-> 234/331 | 70%
[2026-04-11 00:56:06] [INFO] Chargement de robot_3d_0163-> 235/331 | 70%
[2026-04-11 00:56:06] [INFO] Chargement de robot_3d_0164-> 236/331 | 71%
[2026-04-11 00:56:06] [INFO] Chargement de robot_3d_0165-> 237/331 | 71%
[2026-04-11 00:56:06] [INFO] Chargement de robot_3d_0166-> 238/331 | 71%
[2026-04-11 00:56:06] [INFO] Chargement de robot_3d_0167-> 239/331 | 72%
[2026-04-11 00:56:06] [INFO] Chargement de robot_3d_0169-> 241/331 | 72%
[2026-04-11 00:56:06] [INFO] Chargement de robot_3d_0170-> 242/331 | 73%
[2026-04-11 00:56:06] [INFO] Chargement de robot_3d_0172-> 244/331 | 73%
[2026-04-11 00:56:06] [INFO] Chargement de robot_3d_0174-> 246/331 | 74%
[2026-04-11 00:56:06] [INFO] Chargement de robot_3d_0176-> 248/331 | 74%
[2026-04-11 00:56:06] [INFO] Chargement de robot_3d_0178-> 250/331 | 75%
[2026-04-11 00:56:06] [INFO] Chargement de robot_3d_0179-> 251/331 | 75%
[2026-04-11 00:56:06] [INFO] Chargement de robot_3d_0180-> 252/331 | 76%
[2026-04-11 00:56:06] [INFO] Chargement de robot_3d_0181-> 253/331 | 76%
[2026-04-11 00:56:06] [INFO] Chargement de robot_3d_0182-> 254/331 | 76%
[2026-04-11 00:56:06] [INFO] Chargement de robot_3d_0183-> 255/331 | 77%
[2026-04-11 00:56:06] [INFO] Chargement de robot_3d_0184-> 256/331 | 77%
[2026-04-11 00:56:06] [INFO] Chargement de robot_3d_0185-> 257/331 | 77%
[2026-04-11 00:56:06] [INFO] Chargement de robot_3d_0186-> 258/331 | 77%
[2026-04-11 00:56:06] [INFO] Chargement de robot_3d_0187-> 259/331 | 78%
[2026-04-11 00:56:06] [INFO] Chargement de robot_3d_0196-> 268/331 | 80%
[2026-04-11 00:56:06] [INFO] Chargement de robot_3d_0197-> 269/331 | 81%
[2026-04-11 00:56:06] [INFO] Chargement de robot_3d_0199-> 271/331 | 81%
[2026-04-11 00:56:06] [INFO] Chargement de robot_3d_0199-> 271/331 | 81%
[2026-04-11 00:56:06] [INFO] Chargement de robot_3d_0200-> 272/331 | 82%
[2026-04-11 00:56:06] [INFO] Chargement de robot_3d_0201-> 273/331 | 82%
[2026-04-11 00:56:06] [INFO] Chargement de robot_3d_0202-> 274/331 | 82%
[2026-04-11 00:56:06] [INFO] Chargement de robot_3d_0203-> 275/331 | 83%
[2026-04-11 00:56:07] [INFO] Chargement de robot_3d_0204-> 276/331 | 83%
[2026-04-11 00:56:07] [INFO] Chargement de robot_3d_0205-> 277/331 | 83%
[2026-04-11 00:56:07] [INFO] Chargement de robot_3d_0207-> 279/331 | 84%
[2026-04-11 00:56:07] [INFO] Chargement de robot_3d_0208-> 280/331 | 84%
[2026-04-11 00:56:07] [INFO] Chargement de robot_3d_0209-> 281/331 | 84%
[2026-04-11 00:56:07] [INFO] Chargement de robot_3d_0210-> 282/331 | 85%
[2026-04-11 00:56:07] [INFO] Chargement de robot_3d_0211-> 283/331 | 85%
[2026-04-11 00:56:07] [INFO] Chargement de robot_3d_0212-> 284/331 | 85%
[2026-04-11 00:56:07] [INFO] Chargement de robot_3d_0213-> 285/331 | 86%
[2026-04-11 00:56:07] [INFO] Chargement de robot_3d_0214-> 286/331 | 86%
[2026-04-11 00:56:07] [INFO] Chargement de robot_3d_0215-> 287/331 | 86%
[2026-04-11 00:56:07] [INFO] Chargement de robot_3d_0216-> 288/331 | 87%
[2026-04-11 00:56:07] [INFO] Chargement de robot_3d_0217-> 289/331 | 87%
[2026-04-11 00:56:07] [INFO] Chargement de robot_3d_0218-> 290/331 | 87%
[2026-04-11 00:56:07] [INFO] Chargement de robot_3d_0219-> 291/331 | 87%
[2026-04-11 00:56:07] [INFO] Chargement de robot_3d_0220-> 292/331 | 88%
[2026-04-11 00:56:07] [INFO] Chargement de robot_3d_0221-> 293/331 | 88%
[2026-04-11 00:56:07] [INFO] Chargement de robot_3d_0222-> 294/331 | 88%
[2026-04-11 00:56:07] [INFO] Chargement de robot_3d_0224-> 296/331 | 89%
[2026-04-11 00:56:07] [INFO] Chargement de robot_3d_0225-> 297/331 | 89%
[2026-04-11 00:56:07] [INFO] Chargement de robot_3d_0226-> 298/331 | 90%
[2026-04-11 00:56:07] [INFO] Chargement de robot_3d_0227-> 299/331 | 90%
[2026-04-11 00:56:07] [INFO] Chargement de robot_3d_0228-> 300/331 | 90%
[2026-04-11 00:56:07] [INFO] Chargement de robot_3d_0229-> 301/331 | 90%
[2026-04-11 00:56:07] [INFO] Chargement de robot_3d_0230-> 302/331 | 91%
[2026-04-11 00:56:07] [INFO] Chargement de robot_3d_0231-> 303/331 | 91%
[2026-04-11 00:56:07] [INFO] Chargement de robot_3d_0232-> 304/331 | 91%
[2026-04-11 00:56:07] [INFO] Chargement de robot_3d_0233-> 305/331 | 92%
[2026-04-11 00:56:07] [INFO] Chargement de robot_3d_0234-> 306/331 | 92%
[2026-04-11 00:56:07] [INFO] Chargement de robot_3d_0235-> 307/331 | 92%
[2026-04-11 00:56:07] [INFO] Chargement de robot_3d_0236-> 308/331 | 93%
[2026-04-11 00:56:07] [INFO] Chargement de robot_3d_0237-> 309/331 | 93%
[2026-04-11 00:56:07] [INFO] Chargement de robot_3d_0238-> 310/331 | 93%
[2026-04-11 00:56:07] [INFO] Chargement de robot_3d_0239-> 311/331 | 93%
[2026-04-11 00:56:07] [INFO] Chargement de robot_3d_0240-> 312/331 | 94%
[2026-04-11 00:56:07] [INFO] Chargement de water_4-> 317/331 | 95%
[2026-04-11 00:56:07] [INFO] Chargement de lava_5-> 326/331 | 98%
[2026-04-11 00:56:07] [INFO] Assets chargés, redirect vers play_menu
[2026-04-11 00:56:07] [INFO] Entrez dans play_menu avec le compte test1.json
[2026-04-11 00:56:37] [INFO] Entrez dans play_menu avec le compte test1.json
[2026-04-11 00:56:53] [INFO] Entrez dans play_menu avec le compte test1.json
[2026-04-11 00:57:42] [INFO] 



+///////////////////////////////////////////////////////////////////////////+

                Démarrage de Nexus Extraction

+///////////////////////////////////////////////////////////////////////////+

[2026-04-11 00:57:42] [INFO] 
+---------------------------- Bienvenue ! ----------------------------+

Bienvenue dans Nexus Extraction. Si vous lisez ceci, c’est que vous vous
trouvez actuellement dans les logs du jeu. Si vous êtes un joueur lambda,
cette fenêtre ne vous intéressera pas, mais ne la fermez pas, car cette
action entraînera la fermeture du jeu.

En cas de problème ou de plantage du jeu, merci de contacter le développeur
à l’adresse e-mail suivante : mouyelv@sjb-liege.org
en joignant les fichiers de logs qui se trouvent dans le dossier "logs/".

Merci de jouer à Nexus Extraction et bon jeu ;)

+-------------------------------- LOGS --------------------------------+

[2026-04-11 00:57:42] [INFO] Main Menu
[2026-04-11 00:57:43] [INFO] Entrez dans compte
[2026-04-11 00:57:44] [INFO] Entrez dans load_menu avec le compte -> test1.json
[2026-04-11 00:57:44] [INFO] Chargement de title-> 1/331 | 0%
[2026-04-11 00:57:44] [INFO] Chargement de creator-> 2/331 | 0%
[2026-04-11 00:57:44] [INFO] Chargement de the_void-> 4/331 | 1%
[2026-04-11 00:57:44] [INFO] Chargement de the_void_full-> 5/331 | 1%
[2026-04-11 00:57:44] [INFO] Chargement de underground_1-> 6/331 | 1%
[2026-04-11 00:57:44] [INFO] Chargement de underground_2-> 7/331 | 2%
[2026-04-11 00:57:44] [INFO] Chargement de underground_3-> 8/331 | 2%
[2026-04-11 00:57:44] [INFO] Chargement de underground_3-> 8/331 | 2%
[2026-04-11 00:57:44] [INFO] Chargement de btn_play_menu-> 9/331 | 2%
[2026-04-11 00:57:44] [INFO] Chargement de btn_play_menu-> 9/331 | 2%
[2026-04-11 00:57:44] [INFO] Chargement de btn_boutique_menu-> 10/331 | 3%
[2026-04-11 00:57:44] [INFO] Chargement de btn_boutique_menu-> 10/331 | 3%
[2026-04-11 00:57:44] [INFO] Chargement de btn_option_menu-> 11/331 | 3%
[2026-04-11 00:57:44] [INFO] Chargement de btn_option_menu-> 11/331 | 3%
[2026-04-11 00:57:44] [INFO] Chargement de btn_option_menu-> 11/331 | 3%
[2026-04-11 00:57:44] [INFO] Chargement de btn_play-> 12/331 | 3%
[2026-04-11 00:57:44] [INFO] Chargement de btn_play-> 12/331 | 3%
[2026-04-11 00:57:44] [INFO] Chargement de btn_play-> 12/331 | 3%
[2026-04-11 00:57:44] [INFO] Chargement de btn_quitter-> 13/331 | 3%
[2026-04-11 00:57:44] [INFO] Chargement de btn_quitter-> 13/331 | 3%
[2026-04-11 00:57:44] [INFO] Chargement de btn_quitter-> 13/331 | 3%
[2026-04-11 00:57:44] [INFO] Chargement de barre_laterale-> 16/331 | 4%
[2026-04-11 00:57:44] [INFO] Chargement de boutique_frame-> 18/331 | 5%
[2026-04-11 00:57:44] [INFO] Chargement de boutique_pression-> 20/331 | 6%
[2026-04-11 00:57:44] [INFO] Chargement de danger-> 23/331 | 6%
[2026-04-11 00:57:44] [INFO] Chargement de pression_icon-> 24/331 | 7%
[2026-04-11 00:57:45] [INFO] Chargement de iron_ore-> 29/331 | 8%
[2026-04-11 00:57:45] [INFO] Chargement de oak_strairs_L-> 36/331 | 10%
[2026-04-11 00:57:45] [INFO] Chargement de deepslate_emerald_ore-> 43/331 | 12%
[2026-04-11 00:57:45] [INFO] Chargement de lava_full-> 51/331 | 15%
[2026-04-11 00:57:45] [INFO] Chargement de robot_8-> 61/331 | 18%
[2026-04-11 00:57:45] [INFO] Chargement de bird_1-> 70/331 | 21%
[2026-04-11 00:57:45] [INFO] Chargement de robot_3d_0002-> 74/331 | 22%
[2026-04-11 00:57:45] [INFO] Chargement de robot_3d_0002-> 74/331 | 22%
[2026-04-11 00:57:45] [INFO] Chargement de robot_3d_0003-> 75/331 | 22%
[2026-04-11 00:57:45] [INFO] Chargement de robot_3d_0004-> 76/331 | 22%
[2026-04-11 00:57:45] [INFO] Chargement de robot_3d_0006-> 78/331 | 23%
[2026-04-11 00:57:45] [INFO] Chargement de robot_3d_0006-> 78/331 | 23%
[2026-04-11 00:57:45] [INFO] Chargement de robot_3d_0007-> 79/331 | 23%
[2026-04-11 00:57:45] [INFO] Chargement de robot_3d_0008-> 80/331 | 24%
[2026-04-11 00:57:45] [INFO] Chargement de robot_3d_0009-> 81/331 | 24%
[2026-04-11 00:57:45] [INFO] Chargement de robot_3d_0010-> 82/331 | 24%
[2026-04-11 00:57:45] [INFO] Chargement de robot_3d_0012-> 84/331 | 25%
[2026-04-11 00:57:45] [INFO] Chargement de robot_3d_0013-> 85/331 | 25%
[2026-04-11 00:57:45] [INFO] Chargement de robot_3d_0014-> 86/331 | 25%
[2026-04-11 00:57:45] [INFO] Chargement de robot_3d_0015-> 87/331 | 26%
[2026-04-11 00:57:45] [INFO] Chargement de robot_3d_0016-> 88/331 | 26%
[2026-04-11 00:57:45] [INFO] Chargement de robot_3d_0017-> 89/331 | 26%
[2026-04-11 00:57:45] [INFO] Chargement de robot_3d_0019-> 91/331 | 27%
[2026-04-11 00:57:45] [INFO] Chargement de robot_3d_0020-> 92/331 | 27%
[2026-04-11 00:57:45] [INFO] Chargement de robot_3d_0021-> 93/331 | 28%
[2026-04-11 00:57:45] [INFO] Chargement de robot_3d_0022-> 94/331 | 28%
[2026-04-11 00:57:45] [INFO] Chargement de robot_3d_0024-> 96/331 | 29%
[2026-04-11 00:57:45] [INFO] Chargement de robot_3d_0026-> 98/331 | 29%
[2026-04-11 00:57:45] [INFO] Chargement de robot_3d_0028-> 100/331 | 30%
[2026-04-11 00:57:45] [INFO] Chargement de robot_3d_0030-> 102/331 | 30%
[2026-04-11 00:57:45] [INFO] Chargement de robot_3d_0031-> 103/331 | 31%
[2026-04-11 00:57:45] [INFO] Chargement de robot_3d_0031-> 103/331 | 31%
[2026-04-11 00:57:45] [INFO] Chargement de robot_3d_0032-> 104/331 | 31%
[2026-04-11 00:57:45] [INFO] Chargement de robot_3d_0034-> 106/331 | 32%
[2026-04-11 00:57:45] [INFO] Chargement de robot_3d_0034-> 106/331 | 32%
[2026-04-11 00:57:45] [INFO] Chargement de robot_3d_0035-> 107/331 | 32%
[2026-04-11 00:57:45] [INFO] Chargement de robot_3d_0036-> 108/331 | 32%
[2026-04-11 00:57:45] [INFO] Chargement de robot_3d_0037-> 109/331 | 32%
[2026-04-11 00:57:45] [INFO] Chargement de robot_3d_0038-> 110/331 | 33%
[2026-04-11 00:57:45] [INFO] Chargement de robot_3d_0040-> 112/331 | 33%
[2026-04-11 00:57:45] [INFO] Chargement de robot_3d_0041-> 113/331 | 34%
[2026-04-11 00:57:45] [INFO] Chargement de robot_3d_0043-> 115/331 | 34%
[2026-04-11 00:57:45] [INFO] Chargement de robot_3d_0043-> 115/331 | 34%
[2026-04-11 00:57:45] [INFO] Chargement de robot_3d_0044-> 116/331 | 35%
[2026-04-11 00:57:45] [INFO] Chargement de robot_3d_0046-> 118/331 | 35%
[2026-04-11 00:57:45] [INFO] Chargement de robot_3d_0046-> 118/331 | 35%
[2026-04-11 00:57:45] [INFO] Chargement de robot_3d_0047-> 119/331 | 35%
[2026-04-11 00:57:45] [INFO] Chargement de robot_3d_0049-> 121/331 | 36%
[2026-04-11 00:57:45] [INFO] Chargement de robot_3d_0050-> 122/331 | 36%
[2026-04-11 00:57:45] [INFO] Chargement de robot_3d_0051-> 123/331 | 37%
[2026-04-11 00:57:45] [INFO] Chargement de robot_3d_0053-> 125/331 | 37%
[2026-04-11 00:57:45] [INFO] Chargement de robot_3d_0054-> 126/331 | 38%
[2026-04-11 00:57:45] [INFO] Chargement de robot_3d_0055-> 127/331 | 38%
[2026-04-11 00:57:45] [INFO] Chargement de robot_3d_0057-> 129/331 | 38%
[2026-04-11 00:57:45] [INFO] Chargement de robot_3d_0057-> 129/331 | 38%
[2026-04-11 00:57:45] [INFO] Chargement de robot_3d_0059-> 131/331 | 39%
[2026-04-11 00:57:45] [INFO] Chargement de robot_3d_0060-> 132/331 | 39%
[2026-04-11 00:57:45] [INFO] Chargement de robot_3d_0061-> 133/331 | 40%
[2026-04-11 00:57:45] [INFO] Chargement de robot_3d_0062-> 134/331 | 40%
[2026-04-11 00:57:45] [INFO] Chargement de robot_3d_0064-> 136/331 | 41%
[2026-04-11 00:57:45] [INFO] Chargement de robot_3d_0064-> 136/331 | 41%
[2026-04-11 00:57:45] [INFO] Chargement de robot_3d_0065-> 137/331 | 41%
[2026-04-11 00:57:45] [INFO] Chargement de robot_3d_0066-> 138/331 | 41%
[2026-04-11 00:57:45] [INFO] Chargement de robot_3d_0067-> 139/331 | 41%
[2026-04-11 00:57:45] [INFO] Chargement de robot_3d_0069-> 141/331 | 42%
[2026-04-11 00:57:45] [INFO] Chargement de robot_3d_0071-> 143/331 | 43%
[2026-04-11 00:57:45] [INFO] Chargement de robot_3d_0072-> 144/331 | 43%
[2026-04-11 00:57:45] [INFO] Chargement de robot_3d_0073-> 145/331 | 43%
[2026-04-11 00:57:45] [INFO] Chargement de robot_3d_0074-> 146/331 | 44%
[2026-04-11 00:57:45] [INFO] Chargement de robot_3d_0075-> 147/331 | 44%
[2026-04-11 00:57:45] [INFO] Chargement de robot_3d_0077-> 149/331 | 45%
[2026-04-11 00:57:45] [INFO] Chargement de robot_3d_0078-> 150/331 | 45%
[2026-04-11 00:57:45] [INFO] Chargement de robot_3d_0079-> 151/331 | 45%
[2026-04-11 00:57:45] [INFO] Chargement de robot_3d_0080-> 152/331 | 45%
[2026-04-11 00:57:45] [INFO] Chargement de robot_3d_0082-> 154/331 | 46%
[2026-04-11 00:57:45] [INFO] Chargement de robot_3d_0083-> 155/331 | 46%
[2026-04-11 00:57:45] [INFO] Chargement de robot_3d_0084-> 156/331 | 47%
[2026-04-11 00:57:46] [INFO] Chargement de robot_3d_0085-> 157/331 | 47%
[2026-04-11 00:57:46] [INFO] Chargement de robot_3d_0086-> 158/331 | 47%
[2026-04-11 00:57:46] [INFO] Chargement de robot_3d_0087-> 159/331 | 48%
[2026-04-11 00:57:46] [INFO] Chargement de robot_3d_0088-> 160/331 | 48%
[2026-04-11 00:57:46] [INFO] Chargement de robot_3d_0090-> 162/331 | 48%
[2026-04-11 00:57:46] [INFO] Chargement de robot_3d_0092-> 164/331 | 49%
[2026-04-11 00:57:46] [INFO] Chargement de robot_3d_0093-> 165/331 | 49%
[2026-04-11 00:57:46] [INFO] Chargement de robot_3d_0095-> 167/331 | 50%
[2026-04-11 00:57:46] [INFO] Chargement de robot_3d_0095-> 167/331 | 50%
[2026-04-11 00:57:46] [INFO] Chargement de robot_3d_0096-> 168/331 | 50%
[2026-04-11 00:57:46] [INFO] Chargement de robot_3d_0097-> 169/331 | 51%
[2026-04-11 00:57:46] [INFO] Chargement de robot_3d_0099-> 171/331 | 51%
[2026-04-11 00:57:46] [INFO] Chargement de robot_3d_0100-> 172/331 | 51%
[2026-04-11 00:57:46] [INFO] Chargement de robot_3d_0102-> 174/331 | 52%
[2026-04-11 00:57:46] [INFO] Chargement de robot_3d_0104-> 176/331 | 53%
[2026-04-11 00:57:46] [INFO] Chargement de robot_3d_0104-> 176/331 | 53%
[2026-04-11 00:57:46] [INFO] Chargement de robot_3d_0105-> 177/331 | 53%
[2026-04-11 00:57:46] [INFO] Chargement de robot_3d_0106-> 178/331 | 53%
[2026-04-11 00:57:46] [INFO] Chargement de robot_3d_0107-> 179/331 | 54%
[2026-04-11 00:57:46] [INFO] Chargement de robot_3d_0108-> 180/331 | 54%
[2026-04-11 00:57:46] [INFO] Chargement de robot_3d_0110-> 182/331 | 54%
[2026-04-11 00:57:46] [INFO] Chargement de robot_3d_0111-> 183/331 | 55%
[2026-04-11 00:57:46] [INFO] Chargement de robot_3d_0113-> 185/331 | 55%
[2026-04-11 00:57:46] [INFO] Chargement de robot_3d_0115-> 187/331 | 56%
[2026-04-11 00:57:46] [INFO] Chargement de robot_3d_0116-> 188/331 | 56%
[2026-04-11 00:57:46] [INFO] Chargement de robot_3d_0117-> 189/331 | 57%
[2026-04-11 00:57:46] [INFO] Chargement de robot_3d_0118-> 190/331 | 57%
[2026-04-11 00:57:46] [INFO] Chargement de robot_3d_0119-> 191/331 | 57%
[2026-04-11 00:57:46] [INFO] Chargement de robot_3d_0120-> 192/331 | 58%
[2026-04-11 00:57:46] [INFO] Chargement de robot_3d_0121-> 193/331 | 58%
[2026-04-11 00:57:46] [INFO] Chargement de robot_3d_0122-> 194/331 | 58%
[2026-04-11 00:57:46] [INFO] Chargement de robot_3d_0124-> 196/331 | 59%
[2026-04-11 00:57:46] [INFO] Chargement de robot_3d_0125-> 197/331 | 59%
[2026-04-11 00:57:46] [INFO] Chargement de robot_3d_0126-> 198/331 | 59%
[2026-04-11 00:57:46] [INFO] Chargement de robot_3d_0128-> 200/331 | 60%
[2026-04-11 00:57:46] [INFO] Chargement de robot_3d_0129-> 201/331 | 60%
[2026-04-11 00:57:46] [INFO] Chargement de robot_3d_0130-> 202/331 | 61%
[2026-04-11 00:57:46] [INFO] Chargement de robot_3d_0131-> 203/331 | 61%
[2026-04-11 00:57:46] [INFO] Chargement de robot_3d_0132-> 204/331 | 61%
[2026-04-11 00:57:46] [INFO] Chargement de robot_3d_0133-> 205/331 | 61%
[2026-04-11 00:57:46] [INFO] Chargement de robot_3d_0134-> 206/331 | 62%
[2026-04-11 00:57:46] [INFO] Chargement de robot_3d_0135-> 207/331 | 62%
[2026-04-11 00:57:46] [INFO] Chargement de robot_3d_0136-> 208/331 | 62%
[2026-04-11 00:57:46] [INFO] Chargement de robot_3d_0137-> 209/331 | 63%
[2026-04-11 00:57:46] [INFO] Chargement de robot_3d_0138-> 210/331 | 63%
[2026-04-11 00:57:46] [INFO] Chargement de robot_3d_0140-> 212/331 | 64%
[2026-04-11 00:57:46] [INFO] Chargement de robot_3d_0141-> 213/331 | 64%
[2026-04-11 00:57:46] [INFO] Chargement de robot_3d_0143-> 215/331 | 64%
[2026-04-11 00:57:46] [INFO] Chargement de robot_3d_0144-> 216/331 | 65%
[2026-04-11 00:57:46] [INFO] Chargement de robot_3d_0146-> 218/331 | 65%
[2026-04-11 00:57:46] [INFO] Chargement de robot_3d_0147-> 219/331 | 66%
[2026-04-11 00:57:46] [INFO] Chargement de robot_3d_0149-> 221/331 | 66%
[2026-04-11 00:57:46] [INFO] Chargement de robot_3d_0150-> 222/331 | 67%
[2026-04-11 00:57:46] [INFO] Chargement de robot_3d_0151-> 223/331 | 67%
[2026-04-11 00:57:46] [INFO] Chargement de robot_3d_0152-> 224/331 | 67%
[2026-04-11 00:57:46] [INFO] Chargement de robot_3d_0153-> 225/331 | 67%
[2026-04-11 00:57:46] [INFO] Chargement de robot_3d_0154-> 226/331 | 68%
[2026-04-11 00:57:46] [INFO] Chargement de robot_3d_0155-> 227/331 | 68%
[2026-04-11 00:57:46] [INFO] Chargement de robot_3d_0156-> 228/331 | 68%
[2026-04-11 00:57:46] [INFO] Chargement de robot_3d_0157-> 229/331 | 69%
[2026-04-11 00:57:46] [INFO] Chargement de robot_3d_0159-> 231/331 | 69%
[2026-04-11 00:57:46] [INFO] Chargement de robot_3d_0160-> 232/331 | 70%
[2026-04-11 00:57:46] [INFO] Chargement de robot_3d_0162-> 234/331 | 70%
[2026-04-11 00:57:46] [INFO] Chargement de robot_3d_0163-> 235/331 | 70%
[2026-04-11 00:57:46] [INFO] Chargement de robot_3d_0164-> 236/331 | 71%
[2026-04-11 00:57:46] [INFO] Chargement de robot_3d_0166-> 238/331 | 71%
[2026-04-11 00:57:46] [INFO] Chargement de robot_3d_0167-> 239/331 | 72%
[2026-04-11 00:57:46] [INFO] Chargement de robot_3d_0169-> 241/331 | 72%
[2026-04-11 00:57:46] [INFO] Chargement de robot_3d_0170-> 242/331 | 73%
[2026-04-11 00:57:46] [INFO] Chargement de robot_3d_0171-> 243/331 | 73%
[2026-04-11 00:57:46] [INFO] Chargement de robot_3d_0173-> 245/331 | 74%
[2026-04-11 00:57:46] [INFO] Chargement de robot_3d_0174-> 246/331 | 74%
[2026-04-11 00:57:46] [INFO] Chargement de robot_3d_0176-> 248/331 | 74%
[2026-04-11 00:57:46] [INFO] Chargement de robot_3d_0177-> 249/331 | 75%
[2026-04-11 00:57:46] [INFO] Chargement de robot_3d_0178-> 250/331 | 75%
[2026-04-11 00:57:46] [INFO] Chargement de robot_3d_0179-> 251/331 | 75%
[2026-04-11 00:57:46] [INFO] Chargement de robot_3d_0180-> 252/331 | 76%
[2026-04-11 00:57:46] [INFO] Chargement de robot_3d_0181-> 253/331 | 76%
[2026-04-11 00:57:46] [INFO] Chargement de robot_3d_0182-> 254/331 | 76%
[2026-04-11 00:57:46] [INFO] Chargement de robot_3d_0183-> 255/331 | 77%
[2026-04-11 00:57:46] [INFO] Chargement de robot_3d_0184-> 256/331 | 77%
[2026-04-11 00:57:46] [INFO] Chargement de robot_3d_0185-> 257/331 | 77%
[2026-04-11 00:57:46] [INFO] Chargement de robot_3d_0186-> 258/331 | 77%
[2026-04-11 00:57:46] [INFO] Chargement de robot_3d_0187-> 259/331 | 78%
[2026-04-11 00:57:46] [INFO] Chargement de robot_3d_0188-> 260/331 | 78%
[2026-04-11 00:57:46] [INFO] Chargement de robot_3d_0189-> 261/331 | 78%
[2026-04-11 00:57:46] [INFO] Chargement de robot_3d_0190-> 262/331 | 79%
[2026-04-11 00:57:46] [INFO] Chargement de robot_3d_0191-> 263/331 | 79%
[2026-04-11 00:57:46] [INFO] Chargement de robot_3d_0192-> 264/331 | 79%
[2026-04-11 00:57:46] [INFO] Chargement de robot_3d_0193-> 265/331 | 80%
[2026-04-11 00:57:46] [INFO] Chargement de robot_3d_0195-> 267/331 | 80%
[2026-04-11 00:57:46] [INFO] Chargement de robot_3d_0196-> 268/331 | 80%
[2026-04-11 00:57:46] [INFO] Chargement de robot_3d_0197-> 269/331 | 81%
[2026-04-11 00:57:46] [INFO] Chargement de robot_3d_0198-> 270/331 | 81%
[2026-04-11 00:57:46] [INFO] Chargement de robot_3d_0200-> 272/331 | 82%
[2026-04-11 00:57:46] [INFO] Chargement de robot_3d_0201-> 273/331 | 82%
[2026-04-11 00:57:46] [INFO] Chargement de robot_3d_0203-> 275/331 | 83%
[2026-04-11 00:57:46] [INFO] Chargement de robot_3d_0204-> 276/331 | 83%
[2026-04-11 00:57:46] [INFO] Chargement de robot_3d_0205-> 277/331 | 83%
[2026-04-11 00:57:46] [INFO] Chargement de robot_3d_0207-> 279/331 | 84%
[2026-04-11 00:57:46] [INFO] Chargement de robot_3d_0207-> 279/331 | 84%
[2026-04-11 00:57:46] [INFO] Chargement de robot_3d_0208-> 280/331 | 84%
[2026-04-11 00:57:46] [INFO] Chargement de robot_3d_0209-> 281/331 | 84%
[2026-04-11 00:57:46] [INFO] Chargement de robot_3d_0210-> 282/331 | 85%
[2026-04-11 00:57:46] [INFO] Chargement de robot_3d_0211-> 283/331 | 85%
[2026-04-11 00:57:46] [INFO] Chargement de robot_3d_0212-> 284/331 | 85%
[2026-04-11 00:57:46] [INFO] Chargement de robot_3d_0213-> 285/331 | 86%
[2026-04-11 00:57:46] [INFO] Chargement de robot_3d_0215-> 287/331 | 86%
[2026-04-11 00:57:47] [INFO] Chargement de robot_3d_0216-> 288/331 | 87%
[2026-04-11 00:57:47] [INFO] Chargement de robot_3d_0217-> 289/331 | 87%
[2026-04-11 00:57:47] [INFO] Chargement de robot_3d_0218-> 290/331 | 87%
[2026-04-11 00:57:47] [INFO] Chargement de robot_3d_0219-> 291/331 | 87%
[2026-04-11 00:57:47] [INFO] Chargement de robot_3d_0220-> 292/331 | 88%
[2026-04-11 00:57:47] [INFO] Chargement de robot_3d_0221-> 293/331 | 88%
[2026-04-11 00:57:47] [INFO] Chargement de robot_3d_0222-> 294/331 | 88%
[2026-04-11 00:57:47] [INFO] Chargement de robot_3d_0223-> 295/331 | 89%
[2026-04-11 00:57:47] [INFO] Chargement de robot_3d_0224-> 296/331 | 89%
[2026-04-11 00:57:47] [INFO] Chargement de robot_3d_0225-> 297/331 | 89%
[2026-04-11 00:57:47] [INFO] Chargement de robot_3d_0227-> 299/331 | 90%
[2026-04-11 00:57:47] [INFO] Chargement de robot_3d_0228-> 300/331 | 90%
[2026-04-11 00:57:47] [INFO] Chargement de robot_3d_0229-> 301/331 | 90%
[2026-04-11 00:57:47] [INFO] Chargement de robot_3d_0231-> 303/331 | 91%
[2026-04-11 00:57:47] [INFO] Chargement de robot_3d_0232-> 304/331 | 91%
[2026-04-11 00:57:47] [INFO] Chargement de robot_3d_0234-> 306/331 | 92%
[2026-04-11 00:57:47] [INFO] Chargement de robot_3d_0235-> 307/331 | 92%
[2026-04-11 00:57:47] [INFO] Chargement de robot_3d_0236-> 308/331 | 93%
[2026-04-11 00:57:47] [INFO] Chargement de robot_3d_0238-> 310/331 | 93%
[2026-04-11 00:57:47] [INFO] Chargement de robot_3d_0239-> 311/331 | 93%
[2026-04-11 00:57:47] [INFO] Chargement de water_0-> 313/331 | 94%
[2026-04-11 00:57:47] [INFO] Chargement de lava_1-> 322/331 | 97%
[2026-04-11 00:57:47] [INFO] Assets chargés, redirect vers play_menu
[2026-04-11 00:57:47] [INFO] Entrez dans play_menu avec le compte test1.json
[2026-04-11 00:58:17] [INFO] Entrez dans play_menu avec le compte test1.json
[2026-04-11 00:58:18] [ERROR] play ->
Traceback (most recent call last):
  File "d:\informatique_tfe\tfe\src\data\object\games\play.py", line 252, in play
    maps,new_maps_check = robot.update(maps, collision_tiles)
                          ^^^^^^^^^^^^^^^^^^^^^^^^^^^^^^^^^^^
  File "d:\informatique_tfe\tfe\src\data\object\personnages\robot.py", line 210, in update
    self.check_liquid(maps)
  File "d:\informatique_tfe\tfe\src\data\object\personnages\robot.py", line 228, in check_liquid
    self.remove_energy(0.1)
  File "d:\informatique_tfe\tfe\src\data\object\personnages\robot.py", line 77, in remove_energy
    self.end()
  File "d:\informatique_tfe\tfe\src\data\object\personnages\robot.py", line 72, in end
    finish_menu(self.block, self.compte_file, self.asset_manager, self.maps_level)
  File "d:\informatique_tfe\tfe\src\data\object\games\finish_menu.py", line 93, in finish_menu
    screen.blit(BACKGROUND, (0, 0))
pygame.error: display Surface quit
[2026-04-11 00:58:18] [ERROR] play_menu ->
Traceback (most recent call last):
  File "d:\informatique_tfe\tfe\src\data\object\games\play_menu.py", line 96, in play_menu
    screen.blit(BACKGROUND, (0, 0))
pygame.error: display Surface quit
[2026-04-11 00:58:18] [INFO] Compte choisi -> True
[2026-04-11 00:58:18] [INFO] Main Menu
[2026-04-11 00:58:19] [INFO] +------ Fin du jeux -----+
[2026-04-11 01:01:53] [INFO] 



+///////////////////////////////////////////////////////////////////////////+

                Démarrage de Nexus Extraction

+///////////////////////////////////////////////////////////////////////////+

[2026-04-11 01:01:53] [INFO] 
+---------------------------- Bienvenue ! ----------------------------+

Bienvenue dans Nexus Extraction. Si vous lisez ceci, c’est que vous vous
trouvez actuellement dans les logs du jeu. Si vous êtes un joueur lambda,
cette fenêtre ne vous intéressera pas, mais ne la fermez pas, car cette
action entraînera la fermeture du jeu.

En cas de problème ou de plantage du jeu, merci de contacter le développeur
à l’adresse e-mail suivante : mouyelv@sjb-liege.org
en joignant les fichiers de logs qui se trouvent dans le dossier "logs/".

Merci de jouer à Nexus Extraction et bon jeu ;)

+-------------------------------- LOGS --------------------------------+

[2026-04-11 01:01:54] [INFO] Main Menu
[2026-04-11 01:02:00] [INFO] Entrez dans compte
[2026-04-11 01:02:01] [INFO] Entrez dans load_menu avec le compte -> test1.json
[2026-04-11 01:02:01] [INFO] Chargement de title-> 1/331 | 0%
[2026-04-11 01:02:01] [INFO] Chargement de creator-> 2/331 | 0%
[2026-04-11 01:02:01] [INFO] Chargement de the_void-> 4/331 | 1%
[2026-04-11 01:02:01] [INFO] Chargement de the_void-> 4/331 | 1%
[2026-04-11 01:02:01] [INFO] Chargement de the_void_full-> 5/331 | 1%
[2026-04-11 01:02:01] [INFO] Chargement de underground_1-> 6/331 | 1%
[2026-04-11 01:02:01] [INFO] Chargement de underground_1-> 6/331 | 1%
[2026-04-11 01:02:01] [INFO] Chargement de underground_2-> 7/331 | 2%
[2026-04-11 01:02:01] [INFO] Chargement de underground_2-> 7/331 | 2%
[2026-04-11 01:02:01] [INFO] Chargement de underground_3-> 8/331 | 2%
[2026-04-11 01:02:01] [INFO] Chargement de underground_3-> 8/331 | 2%
[2026-04-11 01:02:01] [INFO] Chargement de underground_3-> 8/331 | 2%
[2026-04-11 01:02:01] [INFO] Chargement de btn_play_menu-> 9/331 | 2%
[2026-04-11 01:02:01] [INFO] Chargement de btn_play_menu-> 9/331 | 2%
[2026-04-11 01:02:01] [INFO] Chargement de btn_play_menu-> 9/331 | 2%
[2026-04-11 01:02:01] [INFO] Chargement de btn_boutique_menu-> 10/331 | 3%
[2026-04-11 01:02:01] [INFO] Chargement de btn_boutique_menu-> 10/331 | 3%
[2026-04-11 01:02:01] [INFO] Chargement de btn_option_menu-> 11/331 | 3%
[2026-04-11 01:02:01] [INFO] Chargement de btn_option_menu-> 11/331 | 3%
[2026-04-11 01:02:01] [INFO] Chargement de btn_play-> 12/331 | 3%
[2026-04-11 01:02:01] [INFO] Chargement de btn_play-> 12/331 | 3%
[2026-04-11 01:02:01] [INFO] Chargement de btn_play-> 12/331 | 3%
[2026-04-11 01:02:01] [INFO] Chargement de btn_quitter-> 13/331 | 3%
[2026-04-11 01:02:01] [INFO] Chargement de btn_quitter-> 13/331 | 3%
[2026-04-11 01:02:01] [INFO] Chargement de btn_compte-> 14/331 | 4%
[2026-04-11 01:02:01] [INFO] Chargement de barre_laterale-> 16/331 | 4%
[2026-04-11 01:02:01] [INFO] Chargement de boutique_frame-> 18/331 | 5%
[2026-04-11 01:02:01] [INFO] Chargement de boutique_pression-> 20/331 | 6%
[2026-04-11 01:02:01] [INFO] Chargement de danger-> 23/331 | 6%
[2026-04-11 01:02:01] [INFO] Chargement de pression_icon-> 24/331 | 7%
[2026-04-11 01:02:01] [INFO] Chargement de iron_ore-> 29/331 | 8%
[2026-04-11 01:02:01] [INFO] Chargement de oak_strairs_L-> 36/331 | 10%
[2026-04-11 01:02:01] [INFO] Chargement de deepslate_emerald_ore-> 43/331 | 12%
[2026-04-11 01:02:01] [INFO] Chargement de water_full-> 50/331 | 15%
[2026-04-11 01:02:02] [INFO] Chargement de robot_6-> 59/331 | 17%
[2026-04-11 01:02:02] [INFO] Chargement de robot_100-> 68/331 | 20%
[2026-04-11 01:02:02] [INFO] Chargement de robot_3d_0002-> 74/331 | 22%
[2026-04-11 01:02:02] [INFO] Chargement de robot_3d_0003-> 75/331 | 22%
[2026-04-11 01:02:02] [INFO] Chargement de robot_3d_0004-> 76/331 | 22%
[2026-04-11 01:02:02] [INFO] Chargement de robot_3d_0005-> 77/331 | 23%
[2026-04-11 01:02:02] [INFO] Chargement de robot_3d_0006-> 78/331 | 23%
[2026-04-11 01:02:02] [INFO] Chargement de robot_3d_0007-> 79/331 | 23%
[2026-04-11 01:02:02] [INFO] Chargement de robot_3d_0007-> 79/331 | 23%
[2026-04-11 01:02:02] [INFO] Chargement de robot_3d_0009-> 81/331 | 24%
[2026-04-11 01:02:02] [INFO] Chargement de robot_3d_0011-> 83/331 | 25%
[2026-04-11 01:02:02] [INFO] Chargement de robot_3d_0012-> 84/331 | 25%
[2026-04-11 01:02:02] [INFO] Chargement de robot_3d_0013-> 85/331 | 25%
[2026-04-11 01:02:02] [INFO] Chargement de robot_3d_0014-> 86/331 | 25%
[2026-04-11 01:02:02] [INFO] Chargement de robot_3d_0014-> 86/331 | 25%
[2026-04-11 01:02:02] [INFO] Chargement de robot_3d_0016-> 88/331 | 26%
[2026-04-11 01:02:02] [INFO] Chargement de robot_3d_0016-> 88/331 | 26%
[2026-04-11 01:02:02] [INFO] Chargement de robot_3d_0018-> 90/331 | 27%
[2026-04-11 01:02:02] [INFO] Chargement de robot_3d_0020-> 92/331 | 27%
[2026-04-11 01:02:02] [INFO] Chargement de robot_3d_0021-> 93/331 | 28%
[2026-04-11 01:02:02] [INFO] Chargement de robot_3d_0022-> 94/331 | 28%
[2026-04-11 01:02:02] [INFO] Chargement de robot_3d_0023-> 95/331 | 28%
[2026-04-11 01:02:02] [INFO] Chargement de robot_3d_0023-> 95/331 | 28%
[2026-04-11 01:02:02] [INFO] Chargement de robot_3d_0025-> 97/331 | 29%
[2026-04-11 01:02:02] [INFO] Chargement de robot_3d_0026-> 98/331 | 29%
[2026-04-11 01:02:02] [INFO] Chargement de robot_3d_0026-> 98/331 | 29%
[2026-04-11 01:02:02] [INFO] Chargement de robot_3d_0028-> 100/331 | 30%
[2026-04-11 01:02:02] [INFO] Chargement de robot_3d_0031-> 103/331 | 31%
[2026-04-11 01:02:02] [INFO] Chargement de robot_3d_0032-> 104/331 | 31%
[2026-04-11 01:02:02] [INFO] Chargement de robot_3d_0032-> 104/331 | 31%
[2026-04-11 01:02:02] [INFO] Chargement de robot_3d_0033-> 105/331 | 31%
[2026-04-11 01:02:02] [INFO] Chargement de robot_3d_0035-> 107/331 | 32%
[2026-04-11 01:02:02] [INFO] Chargement de robot_3d_0035-> 107/331 | 32%
[2026-04-11 01:02:02] [INFO] Chargement de robot_3d_0036-> 108/331 | 32%
[2026-04-11 01:02:02] [INFO] Chargement de robot_3d_0038-> 110/331 | 33%
[2026-04-11 01:02:02] [INFO] Chargement de robot_3d_0040-> 112/331 | 33%
[2026-04-11 01:02:02] [INFO] Chargement de robot_3d_0042-> 114/331 | 34%
[2026-04-11 01:02:02] [INFO] Chargement de robot_3d_0042-> 114/331 | 34%
[2026-04-11 01:02:02] [INFO] Chargement de robot_3d_0044-> 116/331 | 35%
[2026-04-11 01:02:02] [INFO] Chargement de robot_3d_0045-> 117/331 | 35%
[2026-04-11 01:02:02] [INFO] Chargement de robot_3d_0047-> 119/331 | 35%
[2026-04-11 01:02:02] [INFO] Chargement de robot_3d_0047-> 119/331 | 35%
[2026-04-11 01:02:02] [INFO] Chargement de robot_3d_0048-> 120/331 | 36%
[2026-04-11 01:02:02] [INFO] Chargement de robot_3d_0050-> 122/331 | 36%
[2026-04-11 01:02:02] [INFO] Chargement de robot_3d_0050-> 122/331 | 36%
[2026-04-11 01:02:02] [INFO] Chargement de robot_3d_0052-> 124/331 | 37%
[2026-04-11 01:02:02] [INFO] Chargement de robot_3d_0053-> 125/331 | 37%
[2026-04-11 01:02:02] [INFO] Chargement de robot_3d_0054-> 126/331 | 38%
[2026-04-11 01:02:02] [INFO] Chargement de robot_3d_0055-> 127/331 | 38%
[2026-04-11 01:02:02] [INFO] Chargement de robot_3d_0056-> 128/331 | 38%
[2026-04-11 01:02:02] [INFO] Chargement de robot_3d_0058-> 130/331 | 39%
[2026-04-11 01:02:02] [INFO] Chargement de robot_3d_0059-> 131/331 | 39%
[2026-04-11 01:02:02] [INFO] Chargement de robot_3d_0059-> 131/331 | 39%
[2026-04-11 01:02:02] [INFO] Chargement de robot_3d_0060-> 132/331 | 39%
[2026-04-11 01:02:02] [INFO] Chargement de robot_3d_0061-> 133/331 | 40%
[2026-04-11 01:02:02] [INFO] Chargement de robot_3d_0063-> 135/331 | 40%
[2026-04-11 01:02:02] [INFO] Chargement de robot_3d_0065-> 137/331 | 41%
[2026-04-11 01:02:02] [INFO] Chargement de robot_3d_0066-> 138/331 | 41%
[2026-04-11 01:02:02] [INFO] Chargement de robot_3d_0067-> 139/331 | 41%
[2026-04-11 01:02:02] [INFO] Chargement de robot_3d_0069-> 141/331 | 42%
[2026-04-11 01:02:02] [INFO] Chargement de robot_3d_0070-> 142/331 | 42%
[2026-04-11 01:02:02] [INFO] Chargement de robot_3d_0071-> 143/331 | 43%
[2026-04-11 01:02:02] [INFO] Chargement de robot_3d_0073-> 145/331 | 43%
[2026-04-11 01:02:02] [INFO] Chargement de robot_3d_0073-> 145/331 | 43%
[2026-04-11 01:02:02] [INFO] Chargement de robot_3d_0074-> 146/331 | 44%
[2026-04-11 01:02:02] [INFO] Chargement de robot_3d_0075-> 147/331 | 44%
[2026-04-11 01:02:02] [INFO] Chargement de robot_3d_0076-> 148/331 | 44%
[2026-04-11 01:02:02] [INFO] Chargement de robot_3d_0077-> 149/331 | 45%
[2026-04-11 01:02:02] [INFO] Chargement de robot_3d_0078-> 150/331 | 45%
[2026-04-11 01:02:02] [INFO] Chargement de robot_3d_0079-> 151/331 | 45%
[2026-04-11 01:02:02] [INFO] Chargement de robot_3d_0080-> 152/331 | 45%
[2026-04-11 01:02:02] [INFO] Chargement de robot_3d_0081-> 153/331 | 46%
[2026-04-11 01:02:02] [INFO] Chargement de robot_3d_0082-> 154/331 | 46%
[2026-04-11 01:02:02] [INFO] Chargement de robot_3d_0083-> 155/331 | 46%
[2026-04-11 01:02:02] [INFO] Chargement de robot_3d_0084-> 156/331 | 47%
[2026-04-11 01:02:02] [INFO] Chargement de robot_3d_0085-> 157/331 | 47%
[2026-04-11 01:02:02] [INFO] Chargement de robot_3d_0087-> 159/331 | 48%
[2026-04-11 01:02:02] [INFO] Chargement de robot_3d_0089-> 161/331 | 48%
[2026-04-11 01:02:02] [INFO] Chargement de robot_3d_0090-> 162/331 | 48%
[2026-04-11 01:02:03] [INFO] Chargement de robot_3d_0091-> 163/331 | 49%
[2026-04-11 01:02:03] [INFO] Chargement de robot_3d_0093-> 165/331 | 49%
[2026-04-11 01:02:03] [INFO] Chargement de robot_3d_0094-> 166/331 | 50%
[2026-04-11 01:02:03] [INFO] Chargement de robot_3d_0095-> 167/331 | 50%
[2026-04-11 01:02:03] [INFO] Chargement de robot_3d_0096-> 168/331 | 50%
[2026-04-11 01:02:03] [INFO] Chargement de robot_3d_0097-> 169/331 | 51%
[2026-04-11 01:02:03] [INFO] Chargement de robot_3d_0098-> 170/331 | 51%
[2026-04-11 01:02:03] [INFO] Chargement de robot_3d_0100-> 172/331 | 51%
[2026-04-11 01:02:03] [INFO] Chargement de robot_3d_0102-> 174/331 | 52%
[2026-04-11 01:02:03] [INFO] Chargement de robot_3d_0104-> 176/331 | 53%
[2026-04-11 01:02:03] [INFO] Chargement de robot_3d_0105-> 177/331 | 53%
[2026-04-11 01:02:03] [INFO] Chargement de robot_3d_0107-> 179/331 | 54%
[2026-04-11 01:02:03] [INFO] Chargement de robot_3d_0108-> 180/331 | 54%
[2026-04-11 01:02:03] [INFO] Chargement de robot_3d_0110-> 182/331 | 54%
[2026-04-11 01:02:03] [INFO] Chargement de robot_3d_0112-> 184/331 | 55%
[2026-04-11 01:02:03] [INFO] Chargement de robot_3d_0114-> 186/331 | 56%
[2026-04-11 01:02:03] [INFO] Chargement de robot_3d_0116-> 188/331 | 56%
[2026-04-11 01:02:03] [INFO] Chargement de robot_3d_0117-> 189/331 | 57%
[2026-04-11 01:02:03] [INFO] Chargement de robot_3d_0118-> 190/331 | 57%
[2026-04-11 01:02:03] [INFO] Chargement de robot_3d_0120-> 192/331 | 58%
[2026-04-11 01:02:03] [INFO] Chargement de robot_3d_0121-> 193/331 | 58%
[2026-04-11 01:02:03] [INFO] Chargement de robot_3d_0123-> 195/331 | 58%
[2026-04-11 01:02:03] [INFO] Chargement de robot_3d_0123-> 195/331 | 58%
[2026-04-11 01:02:03] [INFO] Chargement de robot_3d_0125-> 197/331 | 59%
[2026-04-11 01:02:03] [INFO] Chargement de robot_3d_0126-> 198/331 | 59%
[2026-04-11 01:02:03] [INFO] Chargement de robot_3d_0128-> 200/331 | 60%
[2026-04-11 01:02:03] [INFO] Chargement de robot_3d_0129-> 201/331 | 60%
[2026-04-11 01:02:03] [INFO] Chargement de robot_3d_0130-> 202/331 | 61%
[2026-04-11 01:02:03] [INFO] Chargement de robot_3d_0132-> 204/331 | 61%
[2026-04-11 01:02:03] [INFO] Chargement de robot_3d_0134-> 206/331 | 62%
[2026-04-11 01:02:03] [INFO] Chargement de robot_3d_0136-> 208/331 | 62%
[2026-04-11 01:02:03] [INFO] Chargement de robot_3d_0138-> 210/331 | 63%
[2026-04-11 01:02:03] [INFO] Chargement de robot_3d_0139-> 211/331 | 63%
[2026-04-11 01:02:03] [INFO] Chargement de robot_3d_0140-> 212/331 | 64%
[2026-04-11 01:02:03] [INFO] Chargement de robot_3d_0142-> 214/331 | 64%
[2026-04-11 01:02:03] [INFO] Chargement de robot_3d_0144-> 216/331 | 65%
[2026-04-11 01:02:03] [INFO] Chargement de robot_3d_0146-> 218/331 | 65%
[2026-04-11 01:02:03] [INFO] Chargement de robot_3d_0148-> 220/331 | 66%
[2026-04-11 01:02:03] [INFO] Chargement de robot_3d_0149-> 221/331 | 66%
[2026-04-11 01:02:03] [INFO] Chargement de robot_3d_0151-> 223/331 | 67%
[2026-04-11 01:02:03] [INFO] Chargement de robot_3d_0153-> 225/331 | 67%
[2026-04-11 01:02:03] [INFO] Chargement de robot_3d_0155-> 227/331 | 68%
[2026-04-11 01:02:03] [INFO] Chargement de robot_3d_0156-> 228/331 | 68%
[2026-04-11 01:02:03] [INFO] Chargement de robot_3d_0158-> 230/331 | 69%
[2026-04-11 01:02:03] [INFO] Chargement de robot_3d_0160-> 232/331 | 70%
[2026-04-11 01:02:03] [INFO] Chargement de robot_3d_0162-> 234/331 | 70%
[2026-04-11 01:02:03] [INFO] Chargement de robot_3d_0163-> 235/331 | 70%
[2026-04-11 01:02:03] [INFO] Chargement de robot_3d_0164-> 236/331 | 71%
[2026-04-11 01:02:03] [INFO] Chargement de robot_3d_0166-> 238/331 | 71%
[2026-04-11 01:02:03] [INFO] Chargement de robot_3d_0168-> 240/331 | 72%
[2026-04-11 01:02:03] [INFO] Chargement de robot_3d_0168-> 240/331 | 72%
[2026-04-11 01:02:03] [INFO] Chargement de robot_3d_0170-> 242/331 | 73%
[2026-04-11 01:02:03] [INFO] Chargement de robot_3d_0172-> 244/331 | 73%
[2026-04-11 01:02:03] [INFO] Chargement de robot_3d_0174-> 246/331 | 74%
[2026-04-11 01:02:03] [INFO] Chargement de robot_3d_0175-> 247/331 | 74%
[2026-04-11 01:02:03] [INFO] Chargement de robot_3d_0177-> 249/331 | 75%
[2026-04-11 01:02:03] [INFO] Chargement de robot_3d_0178-> 250/331 | 75%
[2026-04-11 01:02:03] [INFO] Chargement de robot_3d_0180-> 252/331 | 76%
[2026-04-11 01:02:03] [INFO] Chargement de robot_3d_0181-> 253/331 | 76%
[2026-04-11 01:02:03] [INFO] Chargement de robot_3d_0182-> 254/331 | 76%
[2026-04-11 01:02:03] [INFO] Chargement de robot_3d_0184-> 256/331 | 77%
[2026-04-11 01:02:03] [INFO] Chargement de robot_3d_0184-> 256/331 | 77%
[2026-04-11 01:02:03] [INFO] Chargement de robot_3d_0186-> 258/331 | 77%
[2026-04-11 01:02:03] [INFO] Chargement de robot_3d_0187-> 259/331 | 78%
[2026-04-11 01:02:03] [INFO] Chargement de robot_3d_0188-> 260/331 | 78%
[2026-04-11 01:02:03] [INFO] Chargement de robot_3d_0190-> 262/331 | 79%
[2026-04-11 01:02:03] [INFO] Chargement de robot_3d_0190-> 262/331 | 79%
[2026-04-11 01:02:03] [INFO] Chargement de robot_3d_0192-> 264/331 | 79%
[2026-04-11 01:02:03] [INFO] Chargement de robot_3d_0194-> 266/331 | 80%
[2026-04-11 01:02:03] [INFO] Chargement de robot_3d_0195-> 267/331 | 80%
[2026-04-11 01:02:03] [INFO] Chargement de robot_3d_0196-> 268/331 | 80%
[2026-04-11 01:02:03] [INFO] Chargement de robot_3d_0197-> 269/331 | 81%
[2026-04-11 01:02:03] [INFO] Chargement de robot_3d_0199-> 271/331 | 81%
[2026-04-11 01:02:03] [INFO] Chargement de robot_3d_0199-> 271/331 | 81%
[2026-04-11 01:02:03] [INFO] Chargement de robot_3d_0201-> 273/331 | 82%
[2026-04-11 01:02:03] [INFO] Chargement de robot_3d_0202-> 274/331 | 82%
[2026-04-11 01:02:03] [INFO] Chargement de robot_3d_0204-> 276/331 | 83%
[2026-04-11 01:02:03] [INFO] Chargement de robot_3d_0205-> 277/331 | 83%
[2026-04-11 01:02:03] [INFO] Chargement de robot_3d_0207-> 279/331 | 84%
[2026-04-11 01:02:03] [INFO] Chargement de robot_3d_0207-> 279/331 | 84%
[2026-04-11 01:02:03] [INFO] Chargement de robot_3d_0208-> 280/331 | 84%
[2026-04-11 01:02:03] [INFO] Chargement de robot_3d_0209-> 281/331 | 84%
[2026-04-11 01:02:03] [INFO] Chargement de robot_3d_0210-> 282/331 | 85%
[2026-04-11 01:02:03] [INFO] Chargement de robot_3d_0212-> 284/331 | 85%
[2026-04-11 01:02:03] [INFO] Chargement de robot_3d_0214-> 286/331 | 86%
[2026-04-11 01:02:03] [INFO] Chargement de robot_3d_0215-> 287/331 | 86%
[2026-04-11 01:02:04] [INFO] Assets chargés, redirect vers play_menu
[2026-04-11 01:02:04] [INFO] Entrez dans play_menu avec le compte test1.json
[2026-04-11 01:02:22] [INFO] Entrez dans play_menu avec le compte test1.json
[2026-04-11 01:02:52] [INFO] Entrez dans play_menu avec le compte test1.json
[2026-04-11 01:02:54] [ERROR] play ->
Traceback (most recent call last):
  File "d:\informatique_tfe\tfe\src\data\object\games\play.py", line 252, in play
    maps,new_maps_check = robot.update(maps, collision_tiles)
                          ^^^^^^^^^^^^^^^^^^^^^^^^^^^^^^^^^^^
  File "d:\informatique_tfe\tfe\src\data\object\personnages\robot.py", line 210, in update
    maps = self.move_input(maps, collision_tiles)
           ^^^^^^^^^^^^^^^^^^^^^^^^^^^^^^^^^^^^^^
  File "d:\informatique_tfe\tfe\src\data\object\personnages\robot.py", line 130, in move_input
    self.remove_energy(100)
  File "d:\informatique_tfe\tfe\src\data\object\personnages\robot.py", line 77, in remove_energy
    self.end()
  File "d:\informatique_tfe\tfe\src\data\object\personnages\robot.py", line 72, in end
    finish_menu(self.block, self.compte_file, self.asset_manager, self.maps_level)
  File "d:\informatique_tfe\tfe\src\data\object\games\finish_menu.py", line 93, in finish_menu
    screen.blit(BACKGROUND, (0, 0))
pygame.error: display Surface quit
[2026-04-11 01:02:54] [ERROR] play_menu ->
Traceback (most recent call last):
  File "d:\informatique_tfe\tfe\src\data\object\games\play_menu.py", line 96, in play_menu
    screen.blit(BACKGROUND, (0, 0))
pygame.error: display Surface quit
[2026-04-11 01:02:54] [ERROR] play ->
Traceback (most recent call last):
  File "d:\informatique_tfe\tfe\src\data\object\games\play.py", line 252, in play
    maps,new_maps_check = robot.update(maps, collision_tiles)
                          ^^^^^^^^^^^^^^^^^^^^^^^^^^^^^^^^^^^
  File "d:\informatique_tfe\tfe\src\data\object\personnages\robot.py", line 208, in update
    self.check_liquid(maps)
  File "d:\informatique_tfe\tfe\src\data\object\personnages\robot.py", line 226, in check_liquid
    self.remove_energy(0.1)
  File "d:\informatique_tfe\tfe\src\data\object\personnages\robot.py", line 77, in remove_energy
    self.end()
  File "d:\informatique_tfe\tfe\src\data\object\personnages\robot.py", line 72, in end
    finish_menu(self.block, self.compte_file, self.asset_manager, self.maps_level)
  File "d:\informatique_tfe\tfe\src\data\object\games\finish_menu.py", line 93, in finish_menu
    screen.blit(BACKGROUND, (0, 0))
pygame.error: display Surface quit
[2026-04-11 01:02:54] [ERROR] play_menu ->
Traceback (most recent call last):
  File "d:\informatique_tfe\tfe\src\data\object\games\play_menu.py", line 96, in play_menu
    screen.blit(BACKGROUND, (0, 0))
pygame.error: display Surface quit
[2026-04-11 01:02:54] [INFO] Compte choisi -> True
[2026-04-11 01:02:54] [INFO] Main Menu
[2026-04-11 01:02:55] [INFO] +------ Fin du jeux -----+
[2026-04-11 01:03:57] [INFO] 



+///////////////////////////////////////////////////////////////////////////+

                Démarrage de Nexus Extraction

+///////////////////////////////////////////////////////////////////////////+

[2026-04-11 01:03:57] [INFO] 
+---------------------------- Bienvenue ! ----------------------------+

Bienvenue dans Nexus Extraction. Si vous lisez ceci, c’est que vous vous
trouvez actuellement dans les logs du jeu. Si vous êtes un joueur lambda,
cette fenêtre ne vous intéressera pas, mais ne la fermez pas, car cette
action entraînera la fermeture du jeu.

En cas de problème ou de plantage du jeu, merci de contacter le développeur
à l’adresse e-mail suivante : mouyelv@sjb-liege.org
en joignant les fichiers de logs qui se trouvent dans le dossier "logs/".

Merci de jouer à Nexus Extraction et bon jeu ;)

+-------------------------------- LOGS --------------------------------+

[2026-04-11 01:03:57] [INFO] Main Menu
[2026-04-11 01:03:59] [INFO] Entrez dans compte
[2026-04-11 01:04:00] [INFO] Entrez dans load_menu avec le compte -> test1.json
[2026-04-11 01:04:00] [INFO] Chargement de creator-> 2/331 | 0%
[2026-04-11 01:04:00] [INFO] Chargement de creator-> 2/331 | 0%
[2026-04-11 01:04:00] [INFO] Chargement de the_void-> 4/331 | 1%
[2026-04-11 01:04:00] [INFO] Chargement de the_void_full-> 5/331 | 1%
[2026-04-11 01:04:00] [INFO] Chargement de underground_1-> 6/331 | 1%
[2026-04-11 01:04:00] [INFO] Chargement de underground_2-> 7/331 | 2%
[2026-04-11 01:04:00] [INFO] Chargement de underground_3-> 8/331 | 2%
[2026-04-11 01:04:00] [INFO] Chargement de btn_play_menu-> 9/331 | 2%
[2026-04-11 01:04:00] [INFO] Chargement de btn_play_menu-> 9/331 | 2%
[2026-04-11 01:04:00] [INFO] Chargement de btn_boutique_menu-> 10/331 | 3%
[2026-04-11 01:04:00] [INFO] Chargement de btn_boutique_menu-> 10/331 | 3%
[2026-04-11 01:04:00] [INFO] Chargement de btn_option_menu-> 11/331 | 3%
[2026-04-11 01:04:00] [INFO] Chargement de btn_option_menu-> 11/331 | 3%
[2026-04-11 01:04:00] [INFO] Chargement de btn_play-> 12/331 | 3%
[2026-04-11 01:04:00] [INFO] Chargement de btn_play-> 12/331 | 3%
[2026-04-11 01:04:01] [INFO] Chargement de robot_3d_0031-> 103/331 | 31%
[2026-04-11 01:04:01] [INFO] Chargement de robot_3d_0033-> 105/331 | 31%
[2026-04-11 01:04:01] [INFO] Chargement de robot_3d_0035-> 107/331 | 32%
[2026-04-11 01:04:01] [INFO] Chargement de robot_3d_0037-> 109/331 | 32%
[2026-04-11 01:04:01] [INFO] Chargement de robot_3d_0039-> 111/331 | 33%
[2026-04-11 01:04:01] [INFO] Chargement de robot_3d_0041-> 113/331 | 34%
[2026-04-11 01:04:01] [INFO] Chargement de robot_3d_0042-> 114/331 | 34%
[2026-04-11 01:04:01] [INFO] Chargement de robot_3d_0044-> 116/331 | 35%
[2026-04-11 01:04:01] [INFO] Chargement de robot_3d_0046-> 118/331 | 35%
[2026-04-11 01:04:01] [INFO] Chargement de robot_3d_0048-> 120/331 | 36%
[2026-04-11 01:04:01] [INFO] Chargement de robot_3d_0050-> 122/331 | 36%
[2026-04-11 01:04:01] [INFO] Chargement de robot_3d_0052-> 124/331 | 37%
[2026-04-11 01:04:01] [INFO] Chargement de robot_3d_0054-> 126/331 | 38%
[2026-04-11 01:04:01] [INFO] Chargement de robot_3d_0055-> 127/331 | 38%
[2026-04-11 01:04:01] [INFO] Chargement de robot_3d_0057-> 129/331 | 38%
[2026-04-11 01:04:01] [INFO] Chargement de robot_3d_0058-> 130/331 | 39%
[2026-04-11 01:04:01] [INFO] Chargement de robot_3d_0059-> 131/331 | 39%
[2026-04-11 01:04:01] [INFO] Chargement de robot_3d_0060-> 132/331 | 39%
[2026-04-11 01:04:01] [INFO] Chargement de robot_3d_0060-> 132/331 | 39%
[2026-04-11 01:04:01] [INFO] Chargement de robot_3d_0062-> 134/331 | 40%
[2026-04-11 01:04:01] [INFO] Chargement de robot_3d_0062-> 134/331 | 40%
[2026-04-11 01:04:01] [INFO] Chargement de robot_3d_0063-> 135/331 | 40%
[2026-04-11 01:04:01] [INFO] Chargement de robot_3d_0064-> 136/331 | 41%
[2026-04-11 01:04:01] [INFO] Chargement de robot_3d_0066-> 138/331 | 41%
[2026-04-11 01:04:01] [INFO] Chargement de robot_3d_0066-> 138/331 | 41%
[2026-04-11 01:04:01] [INFO] Chargement de robot_3d_0068-> 140/331 | 42%
[2026-04-11 01:04:01] [INFO] Chargement de robot_3d_0069-> 141/331 | 42%
[2026-04-11 01:04:01] [INFO] Chargement de robot_3d_0070-> 142/331 | 42%
[2026-04-11 01:04:01] [INFO] Chargement de robot_3d_0070-> 142/331 | 42%
[2026-04-11 01:04:01] [INFO] Chargement de robot_3d_0072-> 144/331 | 43%
[2026-04-11 01:04:01] [INFO] Chargement de robot_3d_0072-> 144/331 | 43%
[2026-04-11 01:04:01] [INFO] Chargement de robot_3d_0074-> 146/331 | 44%
[2026-04-11 01:04:01] [INFO] Chargement de robot_3d_0075-> 147/331 | 44%
[2026-04-11 01:04:01] [INFO] Chargement de robot_3d_0076-> 148/331 | 44%
[2026-04-11 01:04:01] [INFO] Chargement de robot_3d_0076-> 148/331 | 44%
[2026-04-11 01:04:01] [INFO] Chargement de robot_3d_0077-> 149/331 | 45%
[2026-04-11 01:04:01] [INFO] Chargement de robot_3d_0078-> 150/331 | 45%
[2026-04-11 01:04:01] [INFO] Chargement de robot_3d_0080-> 152/331 | 45%
[2026-04-11 01:04:01] [INFO] Chargement de robot_3d_0080-> 152/331 | 45%
[2026-04-11 01:04:01] [INFO] Chargement de robot_3d_0081-> 153/331 | 46%
[2026-04-11 01:04:01] [INFO] Chargement de robot_3d_0083-> 155/331 | 46%
[2026-04-11 01:04:01] [INFO] Chargement de robot_3d_0083-> 155/331 | 46%
[2026-04-11 01:04:01] [INFO] Chargement de robot_3d_0084-> 156/331 | 47%
[2026-04-11 01:04:01] [INFO] Chargement de robot_3d_0085-> 157/331 | 47%
[2026-04-11 01:04:01] [INFO] Chargement de robot_3d_0086-> 158/331 | 47%
[2026-04-11 01:04:01] [INFO] Chargement de robot_3d_0087-> 159/331 | 48%
[2026-04-11 01:04:01] [INFO] Chargement de robot_3d_0089-> 161/331 | 48%
[2026-04-11 01:04:01] [INFO] Chargement de robot_3d_0090-> 162/331 | 48%
[2026-04-11 01:04:01] [INFO] Chargement de robot_3d_0090-> 162/331 | 48%
[2026-04-11 01:04:01] [INFO] Chargement de robot_3d_0091-> 163/331 | 49%
[2026-04-11 01:04:01] [INFO] Chargement de robot_3d_0093-> 165/331 | 49%
[2026-04-11 01:04:01] [INFO] Chargement de robot_3d_0094-> 166/331 | 50%
[2026-04-11 01:04:01] [INFO] Chargement de robot_3d_0095-> 167/331 | 50%
[2026-04-11 01:04:01] [INFO] Chargement de robot_3d_0096-> 168/331 | 50%
[2026-04-11 01:04:01] [INFO] Chargement de robot_3d_0097-> 169/331 | 51%
[2026-04-11 01:04:01] [INFO] Chargement de robot_3d_0098-> 170/331 | 51%
[2026-04-11 01:04:01] [INFO] Chargement de robot_3d_0099-> 171/331 | 51%
[2026-04-11 01:04:01] [INFO] Chargement de robot_3d_0100-> 172/331 | 51%
[2026-04-11 01:04:01] [INFO] Chargement de robot_3d_0102-> 174/331 | 52%
[2026-04-11 01:04:01] [INFO] Chargement de robot_3d_0103-> 175/331 | 52%
[2026-04-11 01:04:02] [INFO] Chargement de robot_3d_0104-> 176/331 | 53%
[2026-04-11 01:04:02] [INFO] Chargement de robot_3d_0105-> 177/331 | 53%
[2026-04-11 01:04:02] [INFO] Chargement de robot_3d_0106-> 178/331 | 53%
[2026-04-11 01:04:02] [INFO] Chargement de robot_3d_0107-> 179/331 | 54%
[2026-04-11 01:04:02] [INFO] Chargement de robot_3d_0109-> 181/331 | 54%
[2026-04-11 01:04:02] [INFO] Chargement de robot_3d_0110-> 182/331 | 54%
[2026-04-11 01:04:02] [INFO] Chargement de robot_3d_0112-> 184/331 | 55%
[2026-04-11 01:04:02] [INFO] Chargement de robot_3d_0113-> 185/331 | 55%
[2026-04-11 01:04:02] [INFO] Chargement de robot_3d_0114-> 186/331 | 56%
[2026-04-11 01:04:02] [INFO] Chargement de robot_3d_0115-> 187/331 | 56%
[2026-04-11 01:04:02] [INFO] Chargement de robot_3d_0117-> 189/331 | 57%
[2026-04-11 01:04:02] [INFO] Chargement de robot_3d_0118-> 190/331 | 57%
[2026-04-11 01:04:02] [INFO] Chargement de robot_3d_0119-> 191/331 | 57%
[2026-04-11 01:04:02] [INFO] Chargement de robot_3d_0120-> 192/331 | 58%
[2026-04-11 01:04:02] [INFO] Chargement de robot_3d_0121-> 193/331 | 58%
[2026-04-11 01:04:02] [INFO] Chargement de robot_3d_0122-> 194/331 | 58%
[2026-04-11 01:04:02] [INFO] Chargement de robot_3d_0123-> 195/331 | 58%
[2026-04-11 01:04:02] [INFO] Chargement de robot_3d_0124-> 196/331 | 59%
[2026-04-11 01:04:02] [INFO] Chargement de robot_3d_0125-> 197/331 | 59%
[2026-04-11 01:04:02] [INFO] Chargement de robot_3d_0126-> 198/331 | 59%
[2026-04-11 01:04:02] [INFO] Chargement de robot_3d_0127-> 199/331 | 60%
[2026-04-11 01:04:02] [INFO] Chargement de robot_3d_0128-> 200/331 | 60%
[2026-04-11 01:04:02] [INFO] Chargement de robot_3d_0129-> 201/331 | 60%
[2026-04-11 01:04:02] [INFO] Chargement de robot_3d_0131-> 203/331 | 61%
[2026-04-11 01:04:02] [INFO] Chargement de robot_3d_0132-> 204/331 | 61%
[2026-04-11 01:04:02] [INFO] Chargement de robot_3d_0134-> 206/331 | 62%
[2026-04-11 01:04:02] [INFO] Chargement de robot_3d_0134-> 206/331 | 62%
[2026-04-11 01:04:02] [INFO] Chargement de robot_3d_0135-> 207/331 | 62%
[2026-04-11 01:04:02] [INFO] Chargement de robot_3d_0136-> 208/331 | 62%
[2026-04-11 01:04:02] [INFO] Chargement de robot_3d_0138-> 210/331 | 63%
[2026-04-11 01:04:02] [INFO] Chargement de robot_3d_0139-> 211/331 | 63%
[2026-04-11 01:04:02] [INFO] Chargement de robot_3d_0140-> 212/331 | 64%
[2026-04-11 01:04:02] [INFO] Chargement de robot_3d_0141-> 213/331 | 64%
[2026-04-11 01:04:02] [INFO] Chargement de robot_3d_0142-> 214/331 | 64%
[2026-04-11 01:04:02] [INFO] Chargement de robot_3d_0143-> 215/331 | 64%
[2026-04-11 01:04:02] [INFO] Chargement de robot_3d_0144-> 216/331 | 65%
[2026-04-11 01:04:02] [INFO] Chargement de robot_3d_0145-> 217/331 | 65%
[2026-04-11 01:04:02] [INFO] Chargement de robot_3d_0146-> 218/331 | 65%
[2026-04-11 01:04:02] [INFO] Chargement de robot_3d_0148-> 220/331 | 66%
[2026-04-11 01:04:02] [INFO] Chargement de robot_3d_0148-> 220/331 | 66%
[2026-04-11 01:04:02] [INFO] Chargement de robot_3d_0150-> 222/331 | 67%
[2026-04-11 01:04:02] [INFO] Chargement de robot_3d_0151-> 223/331 | 67%
[2026-04-11 01:04:02] [INFO] Chargement de robot_3d_0152-> 224/331 | 67%
[2026-04-11 01:04:02] [INFO] Chargement de robot_3d_0153-> 225/331 | 67%
[2026-04-11 01:04:02] [INFO] Chargement de robot_3d_0154-> 226/331 | 68%
[2026-04-11 01:04:02] [INFO] Chargement de robot_3d_0156-> 228/331 | 68%
[2026-04-11 01:04:02] [INFO] Chargement de robot_3d_0157-> 229/331 | 69%
[2026-04-11 01:04:02] [INFO] Chargement de robot_3d_0158-> 230/331 | 69%
[2026-04-11 01:04:02] [INFO] Chargement de robot_3d_0159-> 231/331 | 69%
[2026-04-11 01:04:02] [INFO] Chargement de robot_3d_0160-> 232/331 | 70%
[2026-04-11 01:04:02] [INFO] Chargement de robot_3d_0161-> 233/331 | 70%
[2026-04-11 01:04:02] [INFO] Chargement de robot_3d_0162-> 234/331 | 70%
[2026-04-11 01:04:02] [INFO] Chargement de robot_3d_0163-> 235/331 | 70%
[2026-04-11 01:04:02] [INFO] Chargement de robot_3d_0164-> 236/331 | 71%
[2026-04-11 01:04:02] [INFO] Chargement de robot_3d_0165-> 237/331 | 71%
[2026-04-11 01:04:02] [INFO] Chargement de robot_3d_0166-> 238/331 | 71%
[2026-04-11 01:04:02] [INFO] Chargement de robot_3d_0167-> 239/331 | 72%
[2026-04-11 01:04:02] [INFO] Chargement de robot_3d_0168-> 240/331 | 72%
[2026-04-11 01:04:02] [INFO] Chargement de robot_3d_0169-> 241/331 | 72%
[2026-04-11 01:04:02] [INFO] Chargement de robot_3d_0170-> 242/331 | 73%
[2026-04-11 01:04:02] [INFO] Chargement de robot_3d_0171-> 243/331 | 73%
[2026-04-11 01:04:02] [INFO] Chargement de robot_3d_0172-> 244/331 | 73%
[2026-04-11 01:04:02] [INFO] Chargement de robot_3d_0174-> 246/331 | 74%
[2026-04-11 01:04:02] [INFO] Chargement de robot_3d_0175-> 247/331 | 74%
[2026-04-11 01:04:02] [INFO] Chargement de robot_3d_0176-> 248/331 | 74%
[2026-04-11 01:04:02] [INFO] Chargement de robot_3d_0177-> 249/331 | 75%
[2026-04-11 01:04:02] [INFO] Chargement de robot_3d_0178-> 250/331 | 75%
[2026-04-11 01:04:02] [INFO] Chargement de robot_3d_0179-> 251/331 | 75%
[2026-04-11 01:04:02] [INFO] Chargement de robot_3d_0180-> 252/331 | 76%
[2026-04-11 01:04:02] [INFO] Chargement de robot_3d_0182-> 254/331 | 76%
[2026-04-11 01:04:02] [INFO] Chargement de robot_3d_0182-> 254/331 | 76%
[2026-04-11 01:04:02] [INFO] Chargement de robot_3d_0183-> 255/331 | 77%
[2026-04-11 01:04:02] [INFO] Chargement de robot_3d_0184-> 256/331 | 77%
[2026-04-11 01:04:02] [INFO] Chargement de robot_3d_0185-> 257/331 | 77%
[2026-04-11 01:04:02] [INFO] Chargement de robot_3d_0186-> 258/331 | 77%
[2026-04-11 01:04:02] [INFO] Chargement de robot_3d_0187-> 259/331 | 78%
[2026-04-11 01:04:02] [INFO] Chargement de robot_3d_0188-> 260/331 | 78%
[2026-04-11 01:04:02] [INFO] Chargement de robot_3d_0189-> 261/331 | 78%
[2026-04-11 01:04:02] [INFO] Chargement de robot_3d_0190-> 262/331 | 79%
[2026-04-11 01:04:02] [INFO] Chargement de robot_3d_0191-> 263/331 | 79%
[2026-04-11 01:04:02] [INFO] Chargement de robot_3d_0192-> 264/331 | 79%
[2026-04-11 01:04:02] [INFO] Chargement de robot_3d_0193-> 265/331 | 80%
[2026-04-11 01:04:02] [INFO] Chargement de robot_3d_0194-> 266/331 | 80%
[2026-04-11 01:04:02] [INFO] Chargement de robot_3d_0195-> 267/331 | 80%
[2026-04-11 01:04:02] [INFO] Chargement de robot_3d_0196-> 268/331 | 80%
[2026-04-11 01:04:02] [INFO] Chargement de robot_3d_0197-> 269/331 | 81%
[2026-04-11 01:04:02] [INFO] Chargement de robot_3d_0198-> 270/331 | 81%
[2026-04-11 01:04:02] [INFO] Chargement de robot_3d_0199-> 271/331 | 81%
[2026-04-11 01:04:02] [INFO] Chargement de robot_3d_0200-> 272/331 | 82%
[2026-04-11 01:04:02] [INFO] Chargement de robot_3d_0201-> 273/331 | 82%
[2026-04-11 01:04:02] [INFO] Chargement de robot_3d_0202-> 274/331 | 82%
[2026-04-11 01:04:02] [INFO] Chargement de robot_3d_0203-> 275/331 | 83%
[2026-04-11 01:04:02] [INFO] Chargement de robot_3d_0204-> 276/331 | 83%
[2026-04-11 01:04:02] [INFO] Chargement de robot_3d_0205-> 277/331 | 83%
[2026-04-11 01:04:02] [INFO] Chargement de robot_3d_0206-> 278/331 | 83%
[2026-04-11 01:04:02] [INFO] Chargement de robot_3d_0207-> 279/331 | 84%
[2026-04-11 01:04:02] [INFO] Chargement de robot_3d_0208-> 280/331 | 84%
[2026-04-11 01:04:02] [INFO] Chargement de robot_3d_0209-> 281/331 | 84%
[2026-04-11 01:04:02] [INFO] Chargement de robot_3d_0210-> 282/331 | 85%
[2026-04-11 01:04:02] [INFO] Chargement de robot_3d_0211-> 283/331 | 85%
[2026-04-11 01:04:02] [INFO] Chargement de robot_3d_0212-> 284/331 | 85%
[2026-04-11 01:04:02] [INFO] Chargement de robot_3d_0214-> 286/331 | 86%
[2026-04-11 01:04:02] [INFO] Chargement de robot_3d_0214-> 286/331 | 86%
[2026-04-11 01:04:02] [INFO] Chargement de robot_3d_0215-> 287/331 | 86%
[2026-04-11 01:04:02] [INFO] Chargement de robot_3d_0216-> 288/331 | 87%
[2026-04-11 01:04:02] [INFO] Chargement de robot_3d_0217-> 289/331 | 87%
[2026-04-11 01:04:02] [INFO] Chargement de robot_3d_0218-> 290/331 | 87%
[2026-04-11 01:04:02] [INFO] Chargement de robot_3d_0219-> 291/331 | 87%
[2026-04-11 01:04:02] [INFO] Chargement de robot_3d_0220-> 292/331 | 88%
[2026-04-11 01:04:02] [INFO] Chargement de robot_3d_0221-> 293/331 | 88%
[2026-04-11 01:04:02] [INFO] Chargement de robot_3d_0222-> 294/331 | 88%
[2026-04-11 01:04:02] [INFO] Chargement de robot_3d_0223-> 295/331 | 89%
[2026-04-11 01:04:02] [INFO] Chargement de robot_3d_0224-> 296/331 | 89%
[2026-04-11 01:04:02] [INFO] Chargement de robot_3d_0225-> 297/331 | 89%
[2026-04-11 01:04:02] [INFO] Chargement de robot_3d_0226-> 298/331 | 90%
[2026-04-11 01:04:02] [INFO] Chargement de robot_3d_0227-> 299/331 | 90%
[2026-04-11 01:04:03] [INFO] Chargement de robot_3d_0228-> 300/331 | 90%
[2026-04-11 01:04:03] [INFO] Chargement de robot_3d_0229-> 301/331 | 90%
[2026-04-11 01:04:03] [INFO] Chargement de robot_3d_0230-> 302/331 | 91%
[2026-04-11 01:04:03] [INFO] Chargement de robot_3d_0231-> 303/331 | 91%
[2026-04-11 01:04:03] [INFO] Chargement de robot_3d_0232-> 304/331 | 91%
[2026-04-11 01:04:03] [INFO] Chargement de robot_3d_0233-> 305/331 | 92%
[2026-04-11 01:04:03] [INFO] Chargement de robot_3d_0234-> 306/331 | 92%
[2026-04-11 01:04:03] [INFO] Chargement de robot_3d_0235-> 307/331 | 92%
[2026-04-11 01:04:03] [INFO] Chargement de robot_3d_0236-> 308/331 | 93%
[2026-04-11 01:04:03] [INFO] Chargement de robot_3d_0237-> 309/331 | 93%
[2026-04-11 01:04:03] [INFO] Chargement de robot_3d_0238-> 310/331 | 93%
[2026-04-11 01:04:03] [INFO] Chargement de robot_3d_0239-> 311/331 | 93%
[2026-04-11 01:04:03] [INFO] Chargement de water_0-> 313/331 | 94%
[2026-04-11 01:04:03] [INFO] Chargement de lava_3-> 324/331 | 97%
[2026-04-11 01:04:03] [INFO] Assets chargés, redirect vers play_menu
[2026-04-11 01:04:03] [INFO] Entrez dans play_menu avec le compte test1.json
[2026-04-11 01:04:20] [INFO] Entrez dans play_menu avec le compte test1.json
[2026-04-11 01:04:21] [ERROR] play ->
Traceback (most recent call last):
  File "d:\informatique_tfe\tfe\src\data\object\games\play.py", line 252, in play
    maps,new_maps_check = robot.update(maps, collision_tiles)
                          ^^^^^^^^^^^^^^^^^^^^^^^^^^^^^^^^^^^
  File "d:\informatique_tfe\tfe\src\data\object\personnages\robot.py", line 210, in update
    maps = self.move_input(maps, collision_tiles)
           ^^^^^^^^^^^^^^^^^^^^^^^^^^^^^^^^^^^^^^
  File "d:\informatique_tfe\tfe\src\data\object\personnages\robot.py", line 186, in move_input
    self.remove_energy(1)
  File "d:\informatique_tfe\tfe\src\data\object\personnages\robot.py", line 77, in remove_energy
    self.end()
  File "d:\informatique_tfe\tfe\src\data\object\personnages\robot.py", line 72, in end
    finish_menu(self.block, self.compte_file, self.asset_manager, self.maps_level)
  File "d:\informatique_tfe\tfe\src\data\object\games\finish_menu.py", line 93, in finish_menu
    screen.blit(BACKGROUND, (0, 0))
pygame.error: display Surface quit
[2026-04-11 01:04:21] [ERROR] play_menu ->
Traceback (most recent call last):
  File "d:\informatique_tfe\tfe\src\data\object\games\play_menu.py", line 96, in play_menu
    screen.blit(BACKGROUND, (0, 0))
pygame.error: display Surface quit
[2026-04-11 01:04:21] [INFO] Compte choisi -> True
[2026-04-11 01:04:21] [INFO] Main Menu
[2026-04-11 01:04:22] [INFO] +------ Fin du jeux -----+
[2026-04-11 01:06:02] [INFO] 



+///////////////////////////////////////////////////////////////////////////+

                Démarrage de Nexus Extraction

+///////////////////////////////////////////////////////////////////////////+

[2026-04-11 01:06:02] [INFO] 
+---------------------------- Bienvenue ! ----------------------------+

Bienvenue dans Nexus Extraction. Si vous lisez ceci, c’est que vous vous
trouvez actuellement dans les logs du jeu. Si vous êtes un joueur lambda,
cette fenêtre ne vous intéressera pas, mais ne la fermez pas, car cette
action entraînera la fermeture du jeu.

En cas de problème ou de plantage du jeu, merci de contacter le développeur
à l’adresse e-mail suivante : mouyelv@sjb-liege.org
en joignant les fichiers de logs qui se trouvent dans le dossier "logs/".

Merci de jouer à Nexus Extraction et bon jeu ;)

+-------------------------------- LOGS --------------------------------+

[2026-04-11 01:06:02] [INFO] Main Menu
[2026-04-11 01:06:03] [INFO] Entrez dans compte
[2026-04-11 01:06:04] [INFO] Entrez dans load_menu avec le compte -> test1.json
[2026-04-11 01:06:04] [INFO] Chargement de creator-> 2/331 | 0%
[2026-04-11 01:06:04] [INFO] Chargement de creator-> 2/331 | 0%
[2026-04-11 01:06:04] [INFO] Chargement de the_void-> 4/331 | 1%
[2026-04-11 01:06:04] [INFO] Chargement de the_void-> 4/331 | 1%
[2026-04-11 01:06:04] [INFO] Chargement de the_void_full-> 5/331 | 1%
[2026-04-11 01:06:04] [INFO] Chargement de the_void_full-> 5/331 | 1%
[2026-04-11 01:06:04] [INFO] Chargement de underground_1-> 6/331 | 1%
[2026-04-11 01:06:05] [INFO] Chargement de underground_1-> 6/331 | 1%
[2026-04-11 01:06:05] [INFO] Chargement de underground_2-> 7/331 | 2%
[2026-04-11 01:06:05] [INFO] Chargement de underground_2-> 7/331 | 2%
[2026-04-11 01:06:05] [INFO] Chargement de underground_2-> 7/331 | 2%
[2026-04-11 01:06:05] [INFO] Chargement de underground_3-> 8/331 | 2%
[2026-04-11 01:06:05] [INFO] Chargement de underground_3-> 8/331 | 2%
[2026-04-11 01:06:05] [INFO] Chargement de btn_play_menu-> 9/331 | 2%
[2026-04-11 01:06:05] [INFO] Chargement de btn_play_menu-> 9/331 | 2%
[2026-04-11 01:06:05] [INFO] Chargement de btn_play_menu-> 9/331 | 2%
[2026-04-11 01:06:05] [INFO] Chargement de btn_boutique_menu-> 10/331 | 3%
[2026-04-11 01:06:05] [INFO] Chargement de btn_boutique_menu-> 10/331 | 3%
[2026-04-11 01:06:05] [INFO] Chargement de btn_option_menu-> 11/331 | 3%
[2026-04-11 01:06:05] [INFO] Chargement de btn_option_menu-> 11/331 | 3%
[2026-04-11 01:06:05] [INFO] Chargement de btn_option_menu-> 11/331 | 3%
[2026-04-11 01:06:05] [INFO] Chargement de btn_option_menu-> 11/331 | 3%
[2026-04-11 01:06:05] [INFO] Chargement de btn_play-> 12/331 | 3%
[2026-04-11 01:06:05] [INFO] Chargement de btn_play-> 12/331 | 3%
[2026-04-11 01:06:05] [INFO] Chargement de btn_quitter-> 13/331 | 3%
[2026-04-11 01:06:05] [INFO] Chargement de btn_quitter-> 13/331 | 3%
[2026-04-11 01:06:05] [INFO] Chargement de btn_quitter-> 13/331 | 3%
[2026-04-11 01:06:05] [INFO] Chargement de refresh_btn-> 15/331 | 4%
[2026-04-11 01:06:05] [INFO] Chargement de boutique_bg-> 17/331 | 5%
[2026-04-11 01:06:05] [INFO] Chargement de boutique_pression-> 20/331 | 6%
[2026-04-11 01:06:05] [INFO] Chargement de inventory-> 21/331 | 6%
[2026-04-11 01:06:05] [INFO] Chargement de danger-> 23/331 | 6%
[2026-04-11 01:06:05] [INFO] Chargement de dirt-> 25/331 | 7%
[2026-04-11 01:06:05] [INFO] Chargement de emerald_ore-> 31/331 | 9%
[2026-04-11 01:06:05] [INFO] Chargement de coal_ore-> 37/331 | 11%
[2026-04-11 01:06:05] [INFO] Chargement de deepslate_emerald_ore-> 43/331 | 12%
[2026-04-11 01:06:05] [INFO] Chargement de deepslate-> 48/331 | 14%
[2026-04-11 01:06:05] [INFO] Chargement de robot_1-> 54/331 | 16%
[2026-04-11 01:06:05] [INFO] Chargement de robot_6-> 59/331 | 17%
[2026-04-11 01:06:05] [INFO] Chargement de robot_75-> 66/331 | 19%
[2026-04-11 01:06:05] [INFO] Chargement de robot_3d_0001-> 73/331 | 22%
[2026-04-11 01:06:05] [INFO] Chargement de robot_3d_0003-> 75/331 | 22%
[2026-04-11 01:06:05] [INFO] Chargement de robot_3d_0003-> 75/331 | 22%
[2026-04-11 01:06:05] [INFO] Chargement de robot_3d_0005-> 77/331 | 23%
[2026-04-11 01:06:05] [INFO] Chargement de robot_3d_0006-> 78/331 | 23%
[2026-04-11 01:06:05] [INFO] Chargement de robot_3d_0007-> 79/331 | 23%
[2026-04-11 01:06:05] [INFO] Chargement de robot_3d_0009-> 81/331 | 24%
[2026-04-11 01:06:05] [INFO] Chargement de robot_3d_0010-> 82/331 | 24%
[2026-04-11 01:06:05] [INFO] Chargement de robot_3d_0011-> 83/331 | 25%
[2026-04-11 01:06:05] [INFO] Chargement de robot_3d_0012-> 84/331 | 25%
[2026-04-11 01:06:05] [INFO] Chargement de robot_3d_0012-> 84/331 | 25%
[2026-04-11 01:06:05] [INFO] Chargement de robot_3d_0013-> 85/331 | 25%
[2026-04-11 01:06:05] [INFO] Chargement de robot_3d_0015-> 87/331 | 26%
[2026-04-11 01:06:05] [INFO] Chargement de robot_3d_0016-> 88/331 | 26%
[2026-04-11 01:06:05] [INFO] Chargement de robot_3d_0017-> 89/331 | 26%
[2026-04-11 01:06:05] [INFO] Chargement de robot_3d_0017-> 89/331 | 26%
[2026-04-11 01:06:05] [INFO] Chargement de robot_3d_0018-> 90/331 | 27%
[2026-04-11 01:06:05] [INFO] Chargement de robot_3d_0020-> 92/331 | 27%
[2026-04-11 01:06:05] [INFO] Chargement de robot_3d_0021-> 93/331 | 28%
[2026-04-11 01:06:05] [INFO] Chargement de robot_3d_0022-> 94/331 | 28%
[2026-04-11 01:06:05] [INFO] Chargement de robot_3d_0023-> 95/331 | 28%
[2026-04-11 01:06:05] [INFO] Chargement de robot_3d_0024-> 96/331 | 29%
[2026-04-11 01:06:05] [INFO] Chargement de robot_3d_0025-> 97/331 | 29%
[2026-04-11 01:06:05] [INFO] Chargement de robot_3d_0025-> 97/331 | 29%
[2026-04-11 01:06:05] [INFO] Chargement de robot_3d_0026-> 98/331 | 29%
[2026-04-11 01:06:06] [INFO] Chargement de robot_3d_0027-> 99/331 | 29%
[2026-04-11 01:06:06] [INFO] Chargement de robot_3d_0028-> 100/331 | 30%
[2026-04-11 01:06:06] [INFO] Chargement de robot_3d_0029-> 101/331 | 30%
[2026-04-11 01:06:06] [INFO] Chargement de robot_3d_0030-> 102/331 | 30%
[2026-04-11 01:06:06] [INFO] Chargement de robot_3d_0032-> 104/331 | 31%
[2026-04-11 01:06:06] [INFO] Chargement de robot_3d_0032-> 104/331 | 31%
[2026-04-11 01:06:06] [INFO] Chargement de robot_3d_0033-> 105/331 | 31%
[2026-04-11 01:06:06] [INFO] Chargement de robot_3d_0035-> 107/331 | 32%
[2026-04-11 01:06:06] [INFO] Chargement de robot_3d_0035-> 107/331 | 32%
[2026-04-11 01:06:06] [INFO] Chargement de robot_3d_0037-> 109/331 | 32%
[2026-04-11 01:06:06] [INFO] Chargement de robot_3d_0038-> 110/331 | 33%
[2026-04-11 01:06:06] [INFO] Chargement de robot_3d_0040-> 112/331 | 33%
[2026-04-11 01:06:06] [INFO] Chargement de robot_3d_0041-> 113/331 | 34%
[2026-04-11 01:06:06] [INFO] Chargement de robot_3d_0042-> 114/331 | 34%
[2026-04-11 01:06:06] [INFO] Chargement de robot_3d_0043-> 115/331 | 34%
[2026-04-11 01:06:06] [INFO] Chargement de robot_3d_0044-> 116/331 | 35%
[2026-04-11 01:06:06] [INFO] Chargement de robot_3d_0045-> 117/331 | 35%
[2026-04-11 01:06:06] [INFO] Chargement de robot_3d_0046-> 118/331 | 35%
[2026-04-11 01:06:06] [INFO] Chargement de robot_3d_0047-> 119/331 | 35%
[2026-04-11 01:06:06] [INFO] Chargement de robot_3d_0048-> 120/331 | 36%
[2026-04-11 01:06:06] [INFO] Chargement de robot_3d_0049-> 121/331 | 36%
[2026-04-11 01:06:06] [INFO] Chargement de robot_3d_0050-> 122/331 | 36%
[2026-04-11 01:06:06] [INFO] Chargement de robot_3d_0051-> 123/331 | 37%
[2026-04-11 01:06:06] [INFO] Chargement de robot_3d_0052-> 124/331 | 37%
[2026-04-11 01:06:06] [INFO] Chargement de robot_3d_0053-> 125/331 | 37%
[2026-04-11 01:06:06] [INFO] Chargement de robot_3d_0054-> 126/331 | 38%
[2026-04-11 01:06:06] [INFO] Chargement de robot_3d_0056-> 128/331 | 38%
[2026-04-11 01:06:06] [INFO] Chargement de robot_3d_0057-> 129/331 | 38%
[2026-04-11 01:06:06] [INFO] Chargement de robot_3d_0058-> 130/331 | 39%
[2026-04-11 01:06:06] [INFO] Chargement de robot_3d_0060-> 132/331 | 39%
[2026-04-11 01:06:06] [INFO] Chargement de robot_3d_0062-> 134/331 | 40%
[2026-04-11 01:06:06] [INFO] Chargement de robot_3d_0063-> 135/331 | 40%
[2026-04-11 01:06:06] [INFO] Chargement de robot_3d_0064-> 136/331 | 41%
[2026-04-11 01:06:06] [INFO] Chargement de robot_3d_0065-> 137/331 | 41%
[2026-04-11 01:06:06] [INFO] Chargement de robot_3d_0067-> 139/331 | 41%
[2026-04-11 01:06:06] [INFO] Chargement de robot_3d_0068-> 140/331 | 42%
[2026-04-11 01:06:06] [INFO] Chargement de robot_3d_0069-> 141/331 | 42%
[2026-04-11 01:06:06] [INFO] Chargement de robot_3d_0070-> 142/331 | 42%
[2026-04-11 01:06:06] [INFO] Chargement de robot_3d_0071-> 143/331 | 43%
[2026-04-11 01:06:06] [INFO] Chargement de robot_3d_0072-> 144/331 | 43%
[2026-04-11 01:06:06] [INFO] Chargement de robot_3d_0073-> 145/331 | 43%
[2026-04-11 01:06:06] [INFO] Chargement de robot_3d_0074-> 146/331 | 44%
[2026-04-11 01:06:06] [INFO] Chargement de robot_3d_0075-> 147/331 | 44%
[2026-04-11 01:06:06] [INFO] Chargement de robot_3d_0076-> 148/331 | 44%
[2026-04-11 01:06:06] [INFO] Chargement de robot_3d_0077-> 149/331 | 45%
[2026-04-11 01:06:06] [INFO] Chargement de robot_3d_0078-> 150/331 | 45%
[2026-04-11 01:06:06] [INFO] Chargement de robot_3d_0080-> 152/331 | 45%
[2026-04-11 01:06:06] [INFO] Chargement de robot_3d_0081-> 153/331 | 46%
[2026-04-11 01:06:06] [INFO] Chargement de robot_3d_0083-> 155/331 | 46%
[2026-04-11 01:06:06] [INFO] Chargement de robot_3d_0084-> 156/331 | 47%
[2026-04-11 01:06:06] [INFO] Chargement de robot_3d_0085-> 157/331 | 47%
[2026-04-11 01:06:06] [INFO] Chargement de robot_3d_0087-> 159/331 | 48%
[2026-04-11 01:06:06] [INFO] Chargement de robot_3d_0088-> 160/331 | 48%
[2026-04-11 01:06:06] [INFO] Chargement de robot_3d_0090-> 162/331 | 48%
[2026-04-11 01:06:06] [INFO] Chargement de robot_3d_0091-> 163/331 | 49%
[2026-04-11 01:06:06] [INFO] Chargement de robot_3d_0093-> 165/331 | 49%
[2026-04-11 01:06:06] [INFO] Chargement de robot_3d_0093-> 165/331 | 49%
[2026-04-11 01:06:06] [INFO] Chargement de robot_3d_0095-> 167/331 | 50%
[2026-04-11 01:06:06] [INFO] Chargement de robot_3d_0096-> 168/331 | 50%
[2026-04-11 01:06:06] [INFO] Chargement de robot_3d_0098-> 170/331 | 51%
[2026-04-11 01:06:06] [INFO] Chargement de robot_3d_0099-> 171/331 | 51%
[2026-04-11 01:06:06] [INFO] Chargement de robot_3d_0100-> 172/331 | 51%
[2026-04-11 01:06:06] [INFO] Chargement de robot_3d_0102-> 174/331 | 52%
[2026-04-11 01:06:06] [INFO] Chargement de robot_3d_0103-> 175/331 | 52%
[2026-04-11 01:06:06] [INFO] Chargement de robot_3d_0104-> 176/331 | 53%
[2026-04-11 01:06:06] [INFO] Chargement de robot_3d_0105-> 177/331 | 53%
[2026-04-11 01:06:06] [INFO] Chargement de robot_3d_0107-> 179/331 | 54%
[2026-04-11 01:06:06] [INFO] Chargement de robot_3d_0108-> 180/331 | 54%
[2026-04-11 01:06:06] [INFO] Chargement de robot_3d_0109-> 181/331 | 54%
[2026-04-11 01:06:06] [INFO] Chargement de robot_3d_0111-> 183/331 | 55%
[2026-04-11 01:06:06] [INFO] Chargement de robot_3d_0112-> 184/331 | 55%
[2026-04-11 01:06:06] [INFO] Chargement de robot_3d_0113-> 185/331 | 55%
[2026-04-11 01:06:06] [INFO] Chargement de robot_3d_0114-> 186/331 | 56%
[2026-04-11 01:06:06] [INFO] Chargement de robot_3d_0116-> 188/331 | 56%
[2026-04-11 01:06:06] [INFO] Chargement de robot_3d_0134-> 206/331 | 62%
[2026-04-11 01:06:06] [INFO] Chargement de robot_3d_0135-> 207/331 | 62%
[2026-04-11 01:06:06] [INFO] Chargement de robot_3d_0136-> 208/331 | 62%
[2026-04-11 01:06:06] [INFO] Chargement de robot_3d_0138-> 210/331 | 63%
[2026-04-11 01:06:06] [INFO] Chargement de robot_3d_0139-> 211/331 | 63%
[2026-04-11 01:06:06] [INFO] Chargement de robot_3d_0140-> 212/331 | 64%
[2026-04-11 01:06:06] [INFO] Chargement de robot_3d_0142-> 214/331 | 64%
[2026-04-11 01:06:06] [INFO] Chargement de robot_3d_0143-> 215/331 | 64%
[2026-04-11 01:06:06] [INFO] Chargement de robot_3d_0145-> 217/331 | 65%
[2026-04-11 01:06:06] [INFO] Chargement de robot_3d_0146-> 218/331 | 65%
[2026-04-11 01:06:06] [INFO] Chargement de robot_3d_0148-> 220/331 | 66%
[2026-04-11 01:06:06] [INFO] Chargement de robot_3d_0150-> 222/331 | 67%
[2026-04-11 01:06:06] [INFO] Chargement de robot_3d_0152-> 224/331 | 67%
[2026-04-11 01:06:06] [INFO] Chargement de robot_3d_0154-> 226/331 | 68%
[2026-04-11 01:06:06] [INFO] Chargement de robot_3d_0155-> 227/331 | 68%
[2026-04-11 01:06:06] [INFO] Chargement de robot_3d_0157-> 229/331 | 69%
[2026-04-11 01:06:06] [INFO] Chargement de robot_3d_0157-> 229/331 | 69%
[2026-04-11 01:06:06] [INFO] Chargement de robot_3d_0159-> 231/331 | 69%
[2026-04-11 01:06:06] [INFO] Chargement de robot_3d_0160-> 232/331 | 70%
[2026-04-11 01:06:06] [INFO] Chargement de robot_3d_0161-> 233/331 | 70%
[2026-04-11 01:06:06] [INFO] Chargement de robot_3d_0162-> 234/331 | 70%
[2026-04-11 01:06:06] [INFO] Chargement de robot_3d_0163-> 235/331 | 70%
[2026-04-11 01:06:06] [INFO] Chargement de robot_3d_0164-> 236/331 | 71%
[2026-04-11 01:06:06] [INFO] Chargement de robot_3d_0165-> 237/331 | 71%
[2026-04-11 01:06:06] [INFO] Chargement de robot_3d_0167-> 239/331 | 72%
[2026-04-11 01:06:06] [INFO] Chargement de robot_3d_0168-> 240/331 | 72%
[2026-04-11 01:06:07] [INFO] Chargement de robot_3d_0169-> 241/331 | 72%
[2026-04-11 01:06:07] [INFO] Chargement de robot_3d_0171-> 243/331 | 73%
[2026-04-11 01:06:07] [INFO] Chargement de robot_3d_0172-> 244/331 | 73%
[2026-04-11 01:06:07] [INFO] Chargement de robot_3d_0173-> 245/331 | 74%
[2026-04-11 01:06:07] [INFO] Chargement de robot_3d_0175-> 247/331 | 74%
[2026-04-11 01:06:07] [INFO] Chargement de robot_3d_0176-> 248/331 | 74%
[2026-04-11 01:06:07] [INFO] Chargement de robot_3d_0178-> 250/331 | 75%
[2026-04-11 01:06:07] [INFO] Chargement de robot_3d_0179-> 251/331 | 75%
[2026-04-11 01:06:07] [INFO] Chargement de robot_3d_0180-> 252/331 | 76%
[2026-04-11 01:06:07] [INFO] Chargement de robot_3d_0181-> 253/331 | 76%
[2026-04-11 01:06:07] [INFO] Chargement de robot_3d_0183-> 255/331 | 77%
[2026-04-11 01:06:07] [INFO] Chargement de robot_3d_0184-> 256/331 | 77%
[2026-04-11 01:06:07] [INFO] Chargement de robot_3d_0185-> 257/331 | 77%
[2026-04-11 01:06:07] [INFO] Chargement de robot_3d_0186-> 258/331 | 77%
[2026-04-11 01:06:07] [INFO] Chargement de robot_3d_0187-> 259/331 | 78%
[2026-04-11 01:06:07] [INFO] Chargement de robot_3d_0188-> 260/331 | 78%
[2026-04-11 01:06:07] [INFO] Chargement de robot_3d_0189-> 261/331 | 78%
[2026-04-11 01:06:07] [INFO] Chargement de robot_3d_0191-> 263/331 | 79%
[2026-04-11 01:06:07] [INFO] Chargement de robot_3d_0192-> 264/331 | 79%
[2026-04-11 01:06:07] [INFO] Chargement de robot_3d_0194-> 266/331 | 80%
[2026-04-11 01:06:07] [INFO] Chargement de robot_3d_0196-> 268/331 | 80%
[2026-04-11 01:06:07] [INFO] Chargement de robot_3d_0197-> 269/331 | 81%
[2026-04-11 01:06:07] [INFO] Chargement de robot_3d_0198-> 270/331 | 81%
[2026-04-11 01:06:07] [INFO] Chargement de robot_3d_0199-> 271/331 | 81%
[2026-04-11 01:06:07] [INFO] Chargement de robot_3d_0201-> 273/331 | 82%
[2026-04-11 01:06:07] [INFO] Chargement de robot_3d_0202-> 274/331 | 82%
[2026-04-11 01:06:07] [INFO] Chargement de robot_3d_0204-> 276/331 | 83%
[2026-04-11 01:06:07] [INFO] Chargement de robot_3d_0205-> 277/331 | 83%
[2026-04-11 01:06:07] [INFO] Chargement de robot_3d_0206-> 278/331 | 83%
[2026-04-11 01:06:07] [INFO] Chargement de robot_3d_0207-> 279/331 | 84%
[2026-04-11 01:06:07] [INFO] Chargement de robot_3d_0208-> 280/331 | 84%
[2026-04-11 01:06:07] [INFO] Chargement de robot_3d_0210-> 282/331 | 85%
[2026-04-11 01:06:07] [INFO] Chargement de robot_3d_0210-> 282/331 | 85%
[2026-04-11 01:06:07] [INFO] Chargement de robot_3d_0211-> 283/331 | 85%
[2026-04-11 01:06:07] [INFO] Chargement de robot_3d_0212-> 284/331 | 85%
[2026-04-11 01:06:07] [INFO] Chargement de robot_3d_0214-> 286/331 | 86%
[2026-04-11 01:06:07] [INFO] Chargement de robot_3d_0214-> 286/331 | 86%
[2026-04-11 01:06:07] [INFO] Chargement de robot_3d_0216-> 288/331 | 87%
[2026-04-11 01:06:07] [INFO] Chargement de robot_3d_0217-> 289/331 | 87%
[2026-04-11 01:06:07] [INFO] Chargement de robot_3d_0219-> 291/331 | 87%
[2026-04-11 01:06:07] [INFO] Chargement de robot_3d_0221-> 293/331 | 88%
[2026-04-11 01:06:07] [INFO] Chargement de robot_3d_0221-> 293/331 | 88%
[2026-04-11 01:06:07] [INFO] Chargement de robot_3d_0223-> 295/331 | 89%
[2026-04-11 01:06:07] [INFO] Chargement de robot_3d_0223-> 295/331 | 89%
[2026-04-11 01:06:07] [INFO] Chargement de robot_3d_0224-> 296/331 | 89%
[2026-04-11 01:06:07] [INFO] Chargement de robot_3d_0225-> 297/331 | 89%
[2026-04-11 01:06:07] [INFO] Chargement de robot_3d_0226-> 298/331 | 90%
[2026-04-11 01:06:07] [INFO] Chargement de robot_3d_0227-> 299/331 | 90%
[2026-04-11 01:06:07] [INFO] Chargement de robot_3d_0229-> 301/331 | 90%
[2026-04-11 01:06:07] [INFO] Chargement de robot_3d_0230-> 302/331 | 91%
[2026-04-11 01:06:07] [INFO] Chargement de robot_3d_0231-> 303/331 | 91%
[2026-04-11 01:06:07] [INFO] Chargement de robot_3d_0232-> 304/331 | 91%
[2026-04-11 01:06:07] [INFO] Chargement de robot_3d_0233-> 305/331 | 92%
[2026-04-11 01:06:07] [INFO] Chargement de robot_3d_0235-> 307/331 | 92%
[2026-04-11 01:06:07] [INFO] Chargement de robot_3d_0235-> 307/331 | 92%
[2026-04-11 01:06:07] [INFO] Chargement de robot_3d_0236-> 308/331 | 93%
[2026-04-11 01:06:07] [INFO] Chargement de robot_3d_0237-> 309/331 | 93%
[2026-04-11 01:06:07] [INFO] Chargement de robot_3d_0238-> 310/331 | 93%
[2026-04-11 01:06:07] [INFO] Chargement de robot_3d_0239-> 311/331 | 93%
[2026-04-11 01:06:07] [INFO] Chargement de robot_3d_0240-> 312/331 | 94%
[2026-04-11 01:06:07] [INFO] Chargement de water_6-> 319/331 | 96%
[2026-04-11 01:06:07] [INFO] Chargement de lava_7-> 328/331 | 99%
[2026-04-11 01:06:07] [INFO] Assets chargés, redirect vers play_menu
[2026-04-11 01:06:07] [INFO] Entrez dans play_menu avec le compte test1.json
[2026-04-11 01:09:44] [INFO] 



+///////////////////////////////////////////////////////////////////////////+

                Démarrage de Nexus Extraction

+///////////////////////////////////////////////////////////////////////////+

[2026-04-11 01:09:44] [INFO] 
+---------------------------- Bienvenue ! ----------------------------+

Bienvenue dans Nexus Extraction. Si vous lisez ceci, c’est que vous vous
trouvez actuellement dans les logs du jeu. Si vous êtes un joueur lambda,
cette fenêtre ne vous intéressera pas, mais ne la fermez pas, car cette
action entraînera la fermeture du jeu.

En cas de problème ou de plantage du jeu, merci de contacter le développeur
à l’adresse e-mail suivante : mouyelv@sjb-liege.org
en joignant les fichiers de logs qui se trouvent dans le dossier "logs/".

Merci de jouer à Nexus Extraction et bon jeu ;)

+-------------------------------- LOGS --------------------------------+

[2026-04-11 01:09:44] [INFO] Main Menu
[2026-04-11 01:09:46] [INFO] +------ Fin du jeux -----+
[2026-04-11 01:09:57] [INFO] 



+///////////////////////////////////////////////////////////////////////////+

                Démarrage de Nexus Extraction

+///////////////////////////////////////////////////////////////////////////+

[2026-04-11 01:09:57] [INFO] 
+---------------------------- Bienvenue ! ----------------------------+

Bienvenue dans Nexus Extraction. Si vous lisez ceci, c’est que vous vous
trouvez actuellement dans les logs du jeu. Si vous êtes un joueur lambda,
cette fenêtre ne vous intéressera pas, mais ne la fermez pas, car cette
action entraînera la fermeture du jeu.

En cas de problème ou de plantage du jeu, merci de contacter le développeur
à l’adresse e-mail suivante : mouyelv@sjb-liege.org
en joignant les fichiers de logs qui se trouvent dans le dossier "logs/".

Merci de jouer à Nexus Extraction et bon jeu ;)

+-------------------------------- LOGS --------------------------------+

[2026-04-11 01:09:57] [INFO] Main Menu
[2026-04-11 01:09:59] [INFO] Entrez dans compte
[2026-04-11 01:10:00] [INFO] Entrez dans load_menu avec le compte -> test1.json
[2026-04-11 01:10:00] [INFO] Chargement de creator-> 2/331 | 0%
[2026-04-11 01:10:00] [INFO] Chargement de creator-> 2/331 | 0%
[2026-04-11 01:10:00] [INFO] Chargement de the_void-> 4/331 | 1%
[2026-04-11 01:10:00] [INFO] Chargement de the_void_full-> 5/331 | 1%
[2026-04-11 01:10:00] [INFO] Chargement de underground_1-> 6/331 | 1%
[2026-04-11 01:10:00] [INFO] Chargement de underground_2-> 7/331 | 2%
[2026-04-11 01:10:00] [INFO] Chargement de underground_3-> 8/331 | 2%
[2026-04-11 01:10:00] [INFO] Chargement de btn_play_menu-> 9/331 | 2%
[2026-04-11 01:10:00] [INFO] Chargement de btn_play_menu-> 9/331 | 2%
[2026-04-11 01:10:00] [INFO] Chargement de btn_boutique_menu-> 10/331 | 3%
[2026-04-11 01:10:00] [INFO] Chargement de btn_boutique_menu-> 10/331 | 3%
[2026-04-11 01:10:00] [INFO] Chargement de btn_option_menu-> 11/331 | 3%
[2026-04-11 01:10:00] [INFO] Chargement de btn_option_menu-> 11/331 | 3%
[2026-04-11 01:10:00] [INFO] Chargement de btn_play-> 12/331 | 3%
[2026-04-11 01:10:00] [INFO] Chargement de btn_play-> 12/331 | 3%
[2026-04-11 01:10:00] [INFO] Chargement de btn_quitter-> 13/331 | 3%
[2026-04-11 01:10:00] [INFO] Chargement de btn_quitter-> 13/331 | 3%
[2026-04-11 01:10:00] [INFO] Chargement de barre_laterale-> 16/331 | 4%
[2026-04-11 01:10:00] [INFO] Chargement de boutique_frame-> 18/331 | 5%
[2026-04-11 01:10:00] [INFO] Chargement de inventory-> 21/331 | 6%
[2026-04-11 01:10:00] [INFO] Chargement de pression_icon-> 24/331 | 7%
[2026-04-11 01:10:00] [INFO] Chargement de dirt-> 25/331 | 7%
[2026-04-11 01:10:00] [INFO] Chargement de oak_planks-> 32/331 | 9%
[2026-04-11 01:10:00] [INFO] Chargement de raw_iron_block-> 40/331 | 12%
[2026-04-11 01:10:00] [INFO] Chargement de cobblestone-> 47/331 | 14%
[2026-04-11 01:10:00] [INFO] Chargement de robot_4-> 57/331 | 17%
[2026-04-11 01:10:00] [INFO] Chargement de bird_0-> 69/331 | 20%
[2026-04-11 01:10:00] [INFO] Chargement de robot_3d_0002-> 74/331 | 22%
[2026-04-11 01:10:00] [INFO] Chargement de robot_3d_0003-> 75/331 | 22%
[2026-04-11 01:10:00] [INFO] Chargement de robot_3d_0004-> 76/331 | 22%
[2026-04-11 01:10:00] [INFO] Chargement de robot_3d_0005-> 77/331 | 23%
[2026-04-11 01:10:00] [INFO] Chargement de robot_3d_0005-> 77/331 | 23%
[2026-04-11 01:10:00] [INFO] Chargement de robot_3d_0007-> 79/331 | 23%
[2026-04-11 01:10:00] [INFO] Chargement de robot_3d_0009-> 81/331 | 24%
[2026-04-11 01:10:00] [INFO] Chargement de robot_3d_0011-> 83/331 | 25%
[2026-04-11 01:10:00] [INFO] Chargement de robot_3d_0012-> 84/331 | 25%
[2026-04-11 01:10:00] [INFO] Chargement de robot_3d_0013-> 85/331 | 25%
[2026-04-11 01:10:00] [INFO] Chargement de robot_3d_0013-> 85/331 | 25%
[2026-04-11 01:10:00] [INFO] Chargement de robot_3d_0015-> 87/331 | 26%
[2026-04-11 01:10:00] [INFO] Chargement de robot_3d_0016-> 88/331 | 26%
[2026-04-11 01:10:00] [INFO] Chargement de robot_3d_0018-> 90/331 | 27%
[2026-04-11 01:10:00] [INFO] Chargement de robot_3d_0019-> 91/331 | 27%
[2026-04-11 01:10:00] [INFO] Chargement de robot_3d_0020-> 92/331 | 27%
[2026-04-11 01:10:00] [INFO] Chargement de robot_3d_0021-> 93/331 | 28%
[2026-04-11 01:10:01] [INFO] Chargement de robot_3d_0022-> 94/331 | 28%
[2026-04-11 01:10:01] [INFO] Chargement de robot_3d_0023-> 95/331 | 28%
[2026-04-11 01:10:01] [INFO] Chargement de robot_3d_0025-> 97/331 | 29%
[2026-04-11 01:10:01] [INFO] Chargement de robot_3d_0026-> 98/331 | 29%
[2026-04-11 01:10:01] [INFO] Chargement de robot_3d_0027-> 99/331 | 29%
[2026-04-11 01:10:01] [INFO] Chargement de robot_3d_0028-> 100/331 | 30%
[2026-04-11 01:10:01] [INFO] Chargement de robot_3d_0029-> 101/331 | 30%
[2026-04-11 01:10:01] [INFO] Chargement de robot_3d_0030-> 102/331 | 30%
[2026-04-11 01:10:01] [INFO] Chargement de robot_3d_0032-> 104/331 | 31%
[2026-04-11 01:10:01] [INFO] Chargement de robot_3d_0033-> 105/331 | 31%
[2026-04-11 01:10:01] [INFO] Chargement de robot_3d_0034-> 106/331 | 32%
[2026-04-11 01:10:01] [INFO] Chargement de robot_3d_0035-> 107/331 | 32%
[2026-04-11 01:10:01] [INFO] Chargement de robot_3d_0036-> 108/331 | 32%
[2026-04-11 01:10:01] [INFO] Chargement de robot_3d_0037-> 109/331 | 32%
[2026-04-11 01:10:01] [INFO] Chargement de robot_3d_0038-> 110/331 | 33%
[2026-04-11 01:10:01] [INFO] Chargement de robot_3d_0040-> 112/331 | 33%
[2026-04-11 01:10:01] [INFO] Chargement de robot_3d_0041-> 113/331 | 34%
[2026-04-11 01:10:01] [INFO] Chargement de robot_3d_0042-> 114/331 | 34%
[2026-04-11 01:10:01] [INFO] Chargement de robot_3d_0043-> 115/331 | 34%
[2026-04-11 01:10:01] [INFO] Chargement de robot_3d_0044-> 116/331 | 35%
[2026-04-11 01:10:01] [INFO] Chargement de robot_3d_0045-> 117/331 | 35%
[2026-04-11 01:10:01] [INFO] Chargement de robot_3d_0047-> 119/331 | 35%
[2026-04-11 01:10:01] [INFO] Chargement de robot_3d_0047-> 119/331 | 35%
[2026-04-11 01:10:01] [INFO] Chargement de robot_3d_0048-> 120/331 | 36%
[2026-04-11 01:10:01] [INFO] Chargement de robot_3d_0049-> 121/331 | 36%
[2026-04-11 01:10:01] [INFO] Chargement de robot_3d_0050-> 122/331 | 36%
[2026-04-11 01:10:01] [INFO] Chargement de robot_3d_0052-> 124/331 | 37%
[2026-04-11 01:10:01] [INFO] Chargement de robot_3d_0052-> 124/331 | 37%
[2026-04-11 01:10:01] [INFO] Chargement de robot_3d_0054-> 126/331 | 38%
[2026-04-11 01:10:01] [INFO] Chargement de robot_3d_0056-> 128/331 | 38%
[2026-04-11 01:10:01] [INFO] Chargement de robot_3d_0057-> 129/331 | 38%
[2026-04-11 01:10:01] [INFO] Chargement de robot_3d_0058-> 130/331 | 39%
[2026-04-11 01:10:01] [INFO] Chargement de robot_3d_0059-> 131/331 | 39%
[2026-04-11 01:10:01] [INFO] Chargement de robot_3d_0060-> 132/331 | 39%
[2026-04-11 01:10:01] [INFO] Chargement de robot_3d_0062-> 134/331 | 40%
[2026-04-11 01:10:01] [INFO] Chargement de robot_3d_0064-> 136/331 | 41%
[2026-04-11 01:10:01] [INFO] Chargement de robot_3d_0065-> 137/331 | 41%
[2026-04-11 01:10:01] [INFO] Chargement de robot_3d_0067-> 139/331 | 41%
[2026-04-11 01:10:01] [INFO] Chargement de robot_3d_0068-> 140/331 | 42%
[2026-04-11 01:10:01] [INFO] Chargement de robot_3d_0069-> 141/331 | 42%
[2026-04-11 01:10:01] [INFO] Chargement de robot_3d_0071-> 143/331 | 43%
[2026-04-11 01:10:01] [INFO] Chargement de robot_3d_0072-> 144/331 | 43%
[2026-04-11 01:10:01] [INFO] Chargement de robot_3d_0073-> 145/331 | 43%
[2026-04-11 01:10:01] [INFO] Chargement de robot_3d_0074-> 146/331 | 44%
[2026-04-11 01:10:01] [INFO] Chargement de robot_3d_0075-> 147/331 | 44%
[2026-04-11 01:10:01] [INFO] Chargement de robot_3d_0076-> 148/331 | 44%
[2026-04-11 01:10:01] [INFO] Chargement de robot_3d_0078-> 150/331 | 45%
[2026-04-11 01:10:01] [INFO] Chargement de robot_3d_0078-> 150/331 | 45%
[2026-04-11 01:10:01] [INFO] Chargement de robot_3d_0080-> 152/331 | 45%
[2026-04-11 01:10:01] [INFO] Chargement de robot_3d_0082-> 154/331 | 46%
[2026-04-11 01:10:01] [INFO] Chargement de robot_3d_0082-> 154/331 | 46%
[2026-04-11 01:10:01] [INFO] Chargement de robot_3d_0083-> 155/331 | 46%
[2026-04-11 01:10:01] [INFO] Chargement de robot_3d_0085-> 157/331 | 47%
[2026-04-11 01:10:01] [INFO] Chargement de robot_3d_0085-> 157/331 | 47%
[2026-04-11 01:10:01] [INFO] Chargement de robot_3d_0087-> 159/331 | 48%
[2026-04-11 01:10:01] [INFO] Chargement de robot_3d_0088-> 160/331 | 48%
[2026-04-11 01:10:01] [INFO] Chargement de robot_3d_0089-> 161/331 | 48%
[2026-04-11 01:10:01] [INFO] Chargement de robot_3d_0091-> 163/331 | 49%
[2026-04-11 01:10:01] [INFO] Chargement de robot_3d_0093-> 165/331 | 49%
[2026-04-11 01:10:01] [INFO] Chargement de robot_3d_0094-> 166/331 | 50%
[2026-04-11 01:10:01] [INFO] Chargement de robot_3d_0095-> 167/331 | 50%
[2026-04-11 01:10:01] [INFO] Chargement de robot_3d_0096-> 168/331 | 50%
[2026-04-11 01:10:01] [INFO] Chargement de robot_3d_0098-> 170/331 | 51%
[2026-04-11 01:10:01] [INFO] Chargement de robot_3d_0099-> 171/331 | 51%
[2026-04-11 01:10:01] [INFO] Chargement de robot_3d_0100-> 172/331 | 51%
[2026-04-11 01:10:01] [INFO] Chargement de robot_3d_0101-> 173/331 | 52%
[2026-04-11 01:10:01] [INFO] Chargement de robot_3d_0102-> 174/331 | 52%
[2026-04-11 01:10:01] [INFO] Chargement de robot_3d_0104-> 176/331 | 53%
[2026-04-11 01:10:01] [INFO] Chargement de robot_3d_0104-> 176/331 | 53%
[2026-04-11 01:10:01] [INFO] Chargement de robot_3d_0106-> 178/331 | 53%
[2026-04-11 01:10:01] [INFO] Chargement de robot_3d_0108-> 180/331 | 54%
[2026-04-11 01:10:01] [INFO] Chargement de robot_3d_0110-> 182/331 | 54%
[2026-04-11 01:10:01] [INFO] Chargement de robot_3d_0112-> 184/331 | 55%
[2026-04-11 01:10:01] [INFO] Chargement de robot_3d_0113-> 185/331 | 55%
[2026-04-11 01:10:01] [INFO] Chargement de robot_3d_0115-> 187/331 | 56%
[2026-04-11 01:10:01] [INFO] Chargement de robot_3d_0116-> 188/331 | 56%
[2026-04-11 01:10:01] [INFO] Chargement de robot_3d_0117-> 189/331 | 57%
[2026-04-11 01:10:01] [INFO] Chargement de robot_3d_0118-> 190/331 | 57%
[2026-04-11 01:10:01] [INFO] Chargement de robot_3d_0119-> 191/331 | 57%
[2026-04-11 01:10:01] [INFO] Chargement de robot_3d_0121-> 193/331 | 58%
[2026-04-11 01:10:01] [INFO] Chargement de robot_3d_0123-> 195/331 | 58%
[2026-04-11 01:10:01] [INFO] Chargement de robot_3d_0124-> 196/331 | 59%
[2026-04-11 01:10:01] [INFO] Chargement de robot_3d_0125-> 197/331 | 59%
[2026-04-11 01:10:01] [INFO] Chargement de robot_3d_0126-> 198/331 | 59%
[2026-04-11 01:10:02] [INFO] Chargement de robot_3d_0127-> 199/331 | 60%
[2026-04-11 01:10:02] [INFO] Chargement de robot_3d_0129-> 201/331 | 60%
[2026-04-11 01:10:02] [INFO] Chargement de robot_3d_0130-> 202/331 | 61%
[2026-04-11 01:10:02] [INFO] Chargement de robot_3d_0132-> 204/331 | 61%
[2026-04-11 01:10:02] [INFO] Chargement de robot_3d_0133-> 205/331 | 61%
[2026-04-11 01:10:02] [INFO] Chargement de robot_3d_0134-> 206/331 | 62%
[2026-04-11 01:10:02] [INFO] Chargement de robot_3d_0135-> 207/331 | 62%
[2026-04-11 01:10:02] [INFO] Chargement de robot_3d_0136-> 208/331 | 62%
[2026-04-11 01:10:02] [INFO] Chargement de robot_3d_0137-> 209/331 | 63%
[2026-04-11 01:10:02] [INFO] Chargement de robot_3d_0138-> 210/331 | 63%
[2026-04-11 01:10:02] [INFO] Chargement de robot_3d_0139-> 211/331 | 63%
[2026-04-11 01:10:02] [INFO] Chargement de robot_3d_0140-> 212/331 | 64%
[2026-04-11 01:10:02] [INFO] Chargement de robot_3d_0142-> 214/331 | 64%
[2026-04-11 01:10:02] [INFO] Chargement de robot_3d_0143-> 215/331 | 64%
[2026-04-11 01:10:02] [INFO] Chargement de robot_3d_0143-> 215/331 | 64%
[2026-04-11 01:10:02] [INFO] Chargement de robot_3d_0144-> 216/331 | 65%
[2026-04-11 01:10:02] [INFO] Chargement de robot_3d_0145-> 217/331 | 65%
[2026-04-11 01:10:02] [INFO] Chargement de robot_3d_0147-> 219/331 | 66%
[2026-04-11 01:10:02] [INFO] Chargement de robot_3d_0148-> 220/331 | 66%
[2026-04-11 01:10:02] [INFO] Chargement de robot_3d_0149-> 221/331 | 66%
[2026-04-11 01:10:02] [INFO] Chargement de robot_3d_0150-> 222/331 | 67%
[2026-04-11 01:10:02] [INFO] Chargement de robot_3d_0151-> 223/331 | 67%
[2026-04-11 01:10:02] [INFO] Chargement de robot_3d_0152-> 224/331 | 67%
[2026-04-11 01:10:02] [INFO] Chargement de robot_3d_0153-> 225/331 | 67%
[2026-04-11 01:10:02] [INFO] Chargement de robot_3d_0154-> 226/331 | 68%
[2026-04-11 01:10:02] [INFO] Chargement de robot_3d_0156-> 228/331 | 68%
[2026-04-11 01:10:02] [INFO] Chargement de water_0-> 313/331 | 94%
[2026-04-11 01:10:02] [INFO] Chargement de lava_4-> 325/331 | 98%
[2026-04-11 01:10:02] [INFO] Chargement de rocket_1-> 330/331 | 99%
[2026-04-11 01:10:02] [INFO] Assets chargés, redirect vers play_menu
[2026-04-11 01:10:02] [INFO] Entrez dans play_menu avec le compte test1.json
[2026-04-11 01:11:09] [INFO] 



+///////////////////////////////////////////////////////////////////////////+

                Démarrage de Nexus Extraction

+///////////////////////////////////////////////////////////////////////////+

[2026-04-11 01:11:09] [INFO] 
+---------------------------- Bienvenue ! ----------------------------+

Bienvenue dans Nexus Extraction. Si vous lisez ceci, c’est que vous vous
trouvez actuellement dans les logs du jeu. Si vous êtes un joueur lambda,
cette fenêtre ne vous intéressera pas, mais ne la fermez pas, car cette
action entraînera la fermeture du jeu.

En cas de problème ou de plantage du jeu, merci de contacter le développeur
à l’adresse e-mail suivante : mouyelv@sjb-liege.org
en joignant les fichiers de logs qui se trouvent dans le dossier "logs/".

Merci de jouer à Nexus Extraction et bon jeu ;)

+-------------------------------- LOGS --------------------------------+

[2026-04-11 01:11:10] [INFO] Main Menu
[2026-04-11 01:11:13] [INFO] Entrez dans compte
[2026-04-11 01:11:16] [INFO] Entrez dans load_menu avec le compte -> test1.json
[2026-04-11 01:11:16] [INFO] Chargement de title-> 1/331 | 0%
[2026-04-11 01:11:16] [INFO] Chargement de creator-> 2/331 | 0%
[2026-04-11 01:11:16] [INFO] Chargement de the_void-> 4/331 | 1%
[2026-04-11 01:11:17] [INFO] Chargement de the_void-> 4/331 | 1%
[2026-04-11 01:11:17] [INFO] Chargement de the_void_full-> 5/331 | 1%
[2026-04-11 01:11:17] [INFO] Chargement de underground_1-> 6/331 | 1%
[2026-04-11 01:11:17] [INFO] Chargement de underground_2-> 7/331 | 2%
[2026-04-11 01:11:17] [INFO] Chargement de underground_3-> 8/331 | 2%
[2026-04-11 01:11:17] [INFO] Chargement de btn_play_menu-> 9/331 | 2%
[2026-04-11 01:11:17] [INFO] Chargement de btn_play_menu-> 9/331 | 2%
[2026-04-11 01:11:17] [INFO] Chargement de btn_boutique_menu-> 10/331 | 3%
[2026-04-11 01:11:17] [INFO] Chargement de btn_boutique_menu-> 10/331 | 3%
[2026-04-11 01:11:17] [INFO] Chargement de btn_option_menu-> 11/331 | 3%
[2026-04-11 01:11:17] [INFO] Chargement de btn_option_menu-> 11/331 | 3%
[2026-04-11 01:11:17] [INFO] Chargement de btn_play-> 12/331 | 3%
[2026-04-11 01:11:17] [INFO] Chargement de btn_play-> 12/331 | 3%
[2026-04-11 01:11:17] [INFO] Chargement de btn_play-> 12/331 | 3%
[2026-04-11 01:11:17] [INFO] Chargement de btn_quitter-> 13/331 | 3%
[2026-04-11 01:11:17] [INFO] Chargement de btn_quitter-> 13/331 | 3%
[2026-04-11 01:11:17] [INFO] Chargement de btn_compte-> 14/331 | 4%
[2026-04-11 01:11:17] [INFO] Chargement de barre_laterale-> 16/331 | 4%
[2026-04-11 01:11:17] [INFO] Chargement de boutique_frame-> 18/331 | 5%
[2026-04-11 01:11:17] [INFO] Chargement de boutique_pression-> 20/331 | 6%
[2026-04-11 01:11:17] [INFO] Chargement de inventory-> 21/331 | 6%
[2026-04-11 01:11:17] [INFO] Chargement de blue_storm-> 22/331 | 6%
[2026-04-11 01:11:17] [INFO] Chargement de pression_icon-> 24/331 | 7%
[2026-04-11 01:11:17] [INFO] Chargement de oak_log-> 33/331 | 9%
[2026-04-11 01:11:17] [INFO] Chargement de raw_iron_block-> 40/331 | 12%
[2026-04-11 01:11:17] [INFO] Chargement de crying_obsidian-> 49/331 | 14%
[2026-04-11 01:11:17] [INFO] Chargement de robot_3-> 56/331 | 16%
[2026-04-11 01:11:17] [INFO] Chargement de robot_8-> 61/331 | 18%
[2026-04-11 01:11:17] [INFO] Chargement de robot_100-> 68/331 | 20%
[2026-04-11 01:11:17] [INFO] Chargement de robot_3d_0001-> 73/331 | 22%
[2026-04-11 01:11:17] [INFO] Chargement de robot_3d_0002-> 74/331 | 22%
[2026-04-11 01:11:17] [INFO] Chargement de robot_3d_0004-> 76/331 | 22%
[2026-04-11 01:11:17] [INFO] Chargement de robot_3d_0005-> 77/331 | 23%
[2026-04-11 01:11:17] [INFO] Chargement de robot_3d_0005-> 77/331 | 23%
[2026-04-11 01:11:17] [INFO] Chargement de robot_3d_0007-> 79/331 | 23%
[2026-04-11 01:11:17] [INFO] Chargement de robot_3d_0007-> 79/331 | 23%
[2026-04-11 01:11:17] [INFO] Chargement de robot_3d_0008-> 80/331 | 24%
[2026-04-11 01:11:17] [INFO] Chargement de robot_3d_0010-> 82/331 | 24%
[2026-04-11 01:11:17] [INFO] Chargement de robot_3d_0010-> 82/331 | 24%
[2026-04-11 01:11:17] [INFO] Chargement de robot_3d_0011-> 83/331 | 25%
[2026-04-11 01:11:17] [INFO] Chargement de robot_3d_0012-> 84/331 | 25%
[2026-04-11 01:11:17] [INFO] Chargement de robot_3d_0013-> 85/331 | 25%
[2026-04-11 01:11:17] [INFO] Chargement de robot_3d_0014-> 86/331 | 25%
[2026-04-11 01:11:17] [INFO] Chargement de robot_3d_0016-> 88/331 | 26%
[2026-04-11 01:11:17] [INFO] Chargement de robot_3d_0017-> 89/331 | 26%
[2026-04-11 01:11:17] [INFO] Chargement de robot_3d_0018-> 90/331 | 27%
[2026-04-11 01:11:17] [INFO] Chargement de robot_3d_0018-> 90/331 | 27%
[2026-04-11 01:11:17] [INFO] Chargement de robot_3d_0020-> 92/331 | 27%
[2026-04-11 01:11:17] [INFO] Chargement de robot_3d_0021-> 93/331 | 28%
[2026-04-11 01:11:17] [INFO] Chargement de robot_3d_0021-> 93/331 | 28%
[2026-04-11 01:11:17] [INFO] Chargement de robot_3d_0023-> 95/331 | 28%
[2026-04-11 01:11:17] [INFO] Chargement de robot_3d_0023-> 95/331 | 28%
[2026-04-11 01:11:17] [INFO] Chargement de robot_3d_0024-> 96/331 | 29%
[2026-04-11 01:11:17] [INFO] Chargement de robot_3d_0026-> 98/331 | 29%
[2026-04-11 01:11:17] [INFO] Chargement de robot_3d_0027-> 99/331 | 29%
[2026-04-11 01:11:17] [INFO] Chargement de robot_3d_0027-> 99/331 | 29%
[2026-04-11 01:11:17] [INFO] Chargement de robot_3d_0028-> 100/331 | 30%
[2026-04-11 01:11:17] [INFO] Chargement de robot_3d_0030-> 102/331 | 30%
[2026-04-11 01:11:17] [INFO] Chargement de robot_3d_0031-> 103/331 | 31%
[2026-04-11 01:11:18] [INFO] Chargement de robot_3d_0032-> 104/331 | 31%
[2026-04-11 01:11:18] [INFO] Chargement de robot_3d_0032-> 104/331 | 31%
[2026-04-11 01:11:18] [INFO] Chargement de robot_3d_0033-> 105/331 | 31%
[2026-04-11 01:11:18] [INFO] Chargement de robot_3d_0034-> 106/331 | 32%
[2026-04-11 01:11:18] [INFO] Chargement de robot_3d_0035-> 107/331 | 32%
[2026-04-11 01:11:18] [INFO] Chargement de robot_3d_0036-> 108/331 | 32%
[2026-04-11 01:11:18] [INFO] Chargement de robot_3d_0037-> 109/331 | 32%
[2026-04-11 01:11:18] [INFO] Chargement de robot_3d_0038-> 110/331 | 33%
[2026-04-11 01:11:18] [INFO] Chargement de robot_3d_0039-> 111/331 | 33%
[2026-04-11 01:11:18] [INFO] Chargement de robot_3d_0040-> 112/331 | 33%
[2026-04-11 01:11:18] [INFO] Chargement de robot_3d_0041-> 113/331 | 34%
[2026-04-11 01:11:18] [INFO] Chargement de robot_3d_0042-> 114/331 | 34%
[2026-04-11 01:11:18] [INFO] Chargement de robot_3d_0043-> 115/331 | 34%
[2026-04-11 01:11:18] [INFO] Chargement de robot_3d_0044-> 116/331 | 35%
[2026-04-11 01:11:18] [INFO] Chargement de robot_3d_0045-> 117/331 | 35%
[2026-04-11 01:11:18] [INFO] Chargement de robot_3d_0046-> 118/331 | 35%
[2026-04-11 01:11:18] [INFO] Chargement de robot_3d_0047-> 119/331 | 35%
[2026-04-11 01:11:18] [INFO] Chargement de robot_3d_0048-> 120/331 | 36%
[2026-04-11 01:11:18] [INFO] Chargement de robot_3d_0049-> 121/331 | 36%
[2026-04-11 01:11:18] [INFO] Chargement de robot_3d_0050-> 122/331 | 36%
[2026-04-11 01:11:18] [INFO] Chargement de robot_3d_0051-> 123/331 | 37%
[2026-04-11 01:11:18] [INFO] Chargement de robot_3d_0052-> 124/331 | 37%
[2026-04-11 01:11:18] [INFO] Chargement de robot_3d_0053-> 125/331 | 37%
[2026-04-11 01:11:18] [INFO] Chargement de robot_3d_0055-> 127/331 | 38%
[2026-04-11 01:11:18] [INFO] Chargement de robot_3d_0056-> 128/331 | 38%
[2026-04-11 01:11:18] [INFO] Chargement de robot_3d_0057-> 129/331 | 38%
[2026-04-11 01:11:18] [INFO] Chargement de robot_3d_0058-> 130/331 | 39%
[2026-04-11 01:11:18] [INFO] Chargement de robot_3d_0059-> 131/331 | 39%
[2026-04-11 01:11:18] [INFO] Chargement de robot_3d_0060-> 132/331 | 39%
[2026-04-11 01:11:18] [INFO] Chargement de robot_3d_0061-> 133/331 | 40%
[2026-04-11 01:11:18] [INFO] Chargement de robot_3d_0062-> 134/331 | 40%
[2026-04-11 01:11:18] [INFO] Chargement de robot_3d_0063-> 135/331 | 40%
[2026-04-11 01:11:18] [INFO] Chargement de robot_3d_0064-> 136/331 | 41%
[2026-04-11 01:11:18] [INFO] Chargement de robot_3d_0065-> 137/331 | 41%
[2026-04-11 01:11:18] [INFO] Chargement de robot_3d_0066-> 138/331 | 41%
[2026-04-11 01:11:18] [INFO] Chargement de robot_3d_0067-> 139/331 | 41%
[2026-04-11 01:11:18] [INFO] Chargement de robot_3d_0068-> 140/331 | 42%
[2026-04-11 01:11:18] [INFO] Chargement de robot_3d_0069-> 141/331 | 42%
[2026-04-11 01:11:18] [INFO] Chargement de robot_3d_0070-> 142/331 | 42%
[2026-04-11 01:11:18] [INFO] Chargement de robot_3d_0071-> 143/331 | 43%
[2026-04-11 01:11:18] [INFO] Chargement de robot_3d_0072-> 144/331 | 43%
[2026-04-11 01:11:18] [INFO] Chargement de robot_3d_0073-> 145/331 | 43%
[2026-04-11 01:11:18] [INFO] Chargement de robot_3d_0074-> 146/331 | 44%
[2026-04-11 01:11:18] [INFO] Chargement de robot_3d_0075-> 147/331 | 44%
[2026-04-11 01:11:18] [INFO] Chargement de robot_3d_0076-> 148/331 | 44%
[2026-04-11 01:11:18] [INFO] Chargement de robot_3d_0077-> 149/331 | 45%
[2026-04-11 01:11:18] [INFO] Chargement de robot_3d_0078-> 150/331 | 45%
[2026-04-11 01:11:18] [INFO] Chargement de robot_3d_0079-> 151/331 | 45%
[2026-04-11 01:11:18] [INFO] Chargement de robot_3d_0080-> 152/331 | 45%
[2026-04-11 01:11:18] [INFO] Chargement de robot_3d_0081-> 153/331 | 46%
[2026-04-11 01:11:18] [INFO] Chargement de robot_3d_0082-> 154/331 | 46%
[2026-04-11 01:11:18] [INFO] Chargement de robot_3d_0083-> 155/331 | 46%
[2026-04-11 01:11:18] [INFO] Chargement de robot_3d_0084-> 156/331 | 47%
[2026-04-11 01:11:18] [INFO] Chargement de robot_3d_0085-> 157/331 | 47%
[2026-04-11 01:11:18] [INFO] Chargement de robot_3d_0086-> 158/331 | 47%
[2026-04-11 01:11:18] [INFO] Chargement de robot_3d_0087-> 159/331 | 48%
[2026-04-11 01:11:18] [INFO] Chargement de robot_3d_0088-> 160/331 | 48%
[2026-04-11 01:11:18] [INFO] Chargement de robot_3d_0089-> 161/331 | 48%
[2026-04-11 01:11:18] [INFO] Chargement de robot_3d_0090-> 162/331 | 48%
[2026-04-11 01:11:18] [INFO] Chargement de robot_3d_0091-> 163/331 | 49%
[2026-04-11 01:11:18] [INFO] Chargement de robot_3d_0092-> 164/331 | 49%
[2026-04-11 01:11:18] [INFO] Chargement de robot_3d_0093-> 165/331 | 49%
[2026-04-11 01:11:18] [INFO] Chargement de robot_3d_0094-> 166/331 | 50%
[2026-04-11 01:11:18] [INFO] Chargement de robot_3d_0095-> 167/331 | 50%
[2026-04-11 01:11:18] [INFO] Chargement de robot_3d_0096-> 168/331 | 50%
[2026-04-11 01:11:18] [INFO] Chargement de robot_3d_0097-> 169/331 | 51%
[2026-04-11 01:11:18] [INFO] Chargement de robot_3d_0098-> 170/331 | 51%
[2026-04-11 01:11:18] [INFO] Chargement de robot_3d_0099-> 171/331 | 51%
[2026-04-11 01:11:18] [INFO] Chargement de robot_3d_0101-> 173/331 | 52%
[2026-04-11 01:11:18] [INFO] Chargement de robot_3d_0101-> 173/331 | 52%
[2026-04-11 01:11:18] [INFO] Chargement de robot_3d_0102-> 174/331 | 52%
[2026-04-11 01:11:18] [INFO] Chargement de robot_3d_0103-> 175/331 | 52%
[2026-04-11 01:11:18] [INFO] Chargement de robot_3d_0104-> 176/331 | 53%
[2026-04-11 01:11:18] [INFO] Chargement de robot_3d_0105-> 177/331 | 53%
[2026-04-11 01:11:18] [INFO] Chargement de robot_3d_0107-> 179/331 | 54%
[2026-04-11 01:11:18] [INFO] Chargement de robot_3d_0108-> 180/331 | 54%
[2026-04-11 01:11:18] [INFO] Chargement de robot_3d_0109-> 181/331 | 54%
[2026-04-11 01:11:18] [INFO] Chargement de robot_3d_0110-> 182/331 | 54%
[2026-04-11 01:11:18] [INFO] Chargement de robot_3d_0111-> 183/331 | 55%
[2026-04-11 01:11:18] [INFO] Chargement de robot_3d_0112-> 184/331 | 55%
[2026-04-11 01:11:18] [INFO] Chargement de robot_3d_0114-> 186/331 | 56%
[2026-04-11 01:11:18] [INFO] Chargement de robot_3d_0115-> 187/331 | 56%
[2026-04-11 01:11:18] [INFO] Chargement de robot_3d_0116-> 188/331 | 56%
[2026-04-11 01:11:18] [INFO] Chargement de robot_3d_0117-> 189/331 | 57%
[2026-04-11 01:11:18] [INFO] Chargement de robot_3d_0118-> 190/331 | 57%
[2026-04-11 01:11:18] [INFO] Chargement de robot_3d_0119-> 191/331 | 57%
[2026-04-11 01:11:18] [INFO] Chargement de robot_3d_0120-> 192/331 | 58%
[2026-04-11 01:11:18] [INFO] Chargement de robot_3d_0121-> 193/331 | 58%
[2026-04-11 01:11:18] [INFO] Chargement de robot_3d_0122-> 194/331 | 58%
[2026-04-11 01:11:18] [INFO] Chargement de robot_3d_0123-> 195/331 | 58%
[2026-04-11 01:11:18] [INFO] Chargement de robot_3d_0125-> 197/331 | 59%
[2026-04-11 01:11:18] [INFO] Chargement de robot_3d_0125-> 197/331 | 59%
[2026-04-11 01:11:18] [INFO] Chargement de robot_3d_0126-> 198/331 | 59%
[2026-04-11 01:11:18] [INFO] Chargement de robot_3d_0127-> 199/331 | 60%
[2026-04-11 01:11:18] [INFO] Chargement de robot_3d_0128-> 200/331 | 60%
[2026-04-11 01:11:18] [INFO] Chargement de robot_3d_0129-> 201/331 | 60%
[2026-04-11 01:11:18] [INFO] Chargement de robot_3d_0130-> 202/331 | 61%
[2026-04-11 01:11:18] [INFO] Chargement de robot_3d_0131-> 203/331 | 61%
[2026-04-11 01:11:18] [INFO] Chargement de robot_3d_0132-> 204/331 | 61%
[2026-04-11 01:11:18] [INFO] Chargement de robot_3d_0133-> 205/331 | 61%
[2026-04-11 01:11:18] [INFO] Chargement de robot_3d_0134-> 206/331 | 62%
[2026-04-11 01:11:18] [INFO] Chargement de robot_3d_0135-> 207/331 | 62%
[2026-04-11 01:11:18] [INFO] Chargement de robot_3d_0136-> 208/331 | 62%
[2026-04-11 01:11:18] [INFO] Chargement de robot_3d_0137-> 209/331 | 63%
[2026-04-11 01:11:18] [INFO] Chargement de robot_3d_0138-> 210/331 | 63%
[2026-04-11 01:11:18] [INFO] Chargement de robot_3d_0139-> 211/331 | 63%
[2026-04-11 01:11:18] [INFO] Chargement de robot_3d_0140-> 212/331 | 64%
[2026-04-11 01:11:18] [INFO] Chargement de robot_3d_0142-> 214/331 | 64%
[2026-04-11 01:11:18] [INFO] Chargement de robot_3d_0143-> 215/331 | 64%
[2026-04-11 01:11:18] [INFO] Chargement de robot_3d_0145-> 217/331 | 65%
[2026-04-11 01:11:18] [INFO] Chargement de robot_3d_0146-> 218/331 | 65%
[2026-04-11 01:11:18] [INFO] Chargement de robot_3d_0148-> 220/331 | 66%
[2026-04-11 01:11:18] [INFO] Chargement de robot_3d_0150-> 222/331 | 67%
[2026-04-11 01:11:18] [INFO] Chargement de robot_3d_0152-> 224/331 | 67%
[2026-04-11 01:11:18] [INFO] Chargement de robot_3d_0154-> 226/331 | 68%
[2026-04-11 01:11:18] [INFO] Chargement de robot_3d_0154-> 226/331 | 68%
[2026-04-11 01:11:19] [INFO] Chargement de robot_3d_0155-> 227/331 | 68%
[2026-04-11 01:11:19] [INFO] Chargement de robot_3d_0156-> 228/331 | 68%
[2026-04-11 01:11:19] [INFO] Chargement de robot_3d_0157-> 229/331 | 69%
[2026-04-11 01:11:19] [INFO] Chargement de robot_3d_0158-> 230/331 | 69%
[2026-04-11 01:11:19] [INFO] Chargement de robot_3d_0159-> 231/331 | 69%
[2026-04-11 01:11:19] [INFO] Chargement de robot_3d_0160-> 232/331 | 70%
[2026-04-11 01:11:19] [INFO] Chargement de robot_3d_0161-> 233/331 | 70%
[2026-04-11 01:11:19] [INFO] Chargement de robot_3d_0162-> 234/331 | 70%
[2026-04-11 01:11:19] [INFO] Chargement de robot_3d_0163-> 235/331 | 70%
[2026-04-11 01:11:19] [INFO] Chargement de robot_3d_0164-> 236/331 | 71%
[2026-04-11 01:11:19] [INFO] Chargement de robot_3d_0165-> 237/331 | 71%
[2026-04-11 01:11:19] [INFO] Chargement de robot_3d_0166-> 238/331 | 71%
[2026-04-11 01:11:19] [INFO] Chargement de robot_3d_0167-> 239/331 | 72%
[2026-04-11 01:11:19] [INFO] Chargement de robot_3d_0168-> 240/331 | 72%
[2026-04-11 01:11:19] [INFO] Chargement de robot_3d_0169-> 241/331 | 72%
[2026-04-11 01:11:19] [INFO] Chargement de robot_3d_0170-> 242/331 | 73%
[2026-04-11 01:11:19] [INFO] Chargement de robot_3d_0172-> 244/331 | 73%
[2026-04-11 01:11:19] [INFO] Chargement de robot_3d_0174-> 246/331 | 74%
[2026-04-11 01:11:19] [INFO] Chargement de robot_3d_0176-> 248/331 | 74%
[2026-04-11 01:11:19] [INFO] Chargement de robot_3d_0177-> 249/331 | 75%
[2026-04-11 01:11:19] [INFO] Chargement de robot_3d_0179-> 251/331 | 75%
[2026-04-11 01:11:19] [INFO] Chargement de robot_3d_0180-> 252/331 | 76%
[2026-04-11 01:11:19] [INFO] Chargement de robot_3d_0182-> 254/331 | 76%
[2026-04-11 01:11:19] [INFO] Chargement de robot_3d_0183-> 255/331 | 77%
[2026-04-11 01:11:19] [INFO] Chargement de robot_3d_0184-> 256/331 | 77%
[2026-04-11 01:11:19] [INFO] Chargement de robot_3d_0185-> 257/331 | 77%
[2026-04-11 01:11:19] [INFO] Chargement de robot_3d_0186-> 258/331 | 77%
[2026-04-11 01:11:19] [INFO] Chargement de robot_3d_0187-> 259/331 | 78%
[2026-04-11 01:11:19] [INFO] Chargement de robot_3d_0188-> 260/331 | 78%
[2026-04-11 01:11:19] [INFO] Chargement de robot_3d_0189-> 261/331 | 78%
[2026-04-11 01:11:19] [INFO] Chargement de robot_3d_0190-> 262/331 | 79%
[2026-04-11 01:11:19] [INFO] Chargement de robot_3d_0191-> 263/331 | 79%
[2026-04-11 01:11:19] [INFO] Chargement de robot_3d_0192-> 264/331 | 79%
[2026-04-11 01:11:19] [INFO] Chargement de robot_3d_0193-> 265/331 | 80%
[2026-04-11 01:11:19] [INFO] Chargement de robot_3d_0194-> 266/331 | 80%
[2026-04-11 01:11:19] [INFO] Chargement de robot_3d_0195-> 267/331 | 80%
[2026-04-11 01:11:19] [INFO] Chargement de robot_3d_0196-> 268/331 | 80%
[2026-04-11 01:11:19] [INFO] Chargement de robot_3d_0197-> 269/331 | 81%
[2026-04-11 01:11:19] [INFO] Chargement de robot_3d_0198-> 270/331 | 81%
[2026-04-11 01:11:19] [INFO] Chargement de robot_3d_0199-> 271/331 | 81%
[2026-04-11 01:11:19] [INFO] Chargement de robot_3d_0201-> 273/331 | 82%
[2026-04-11 01:11:19] [INFO] Chargement de robot_3d_0203-> 275/331 | 83%
[2026-04-11 01:11:19] [INFO] Chargement de robot_3d_0204-> 276/331 | 83%
[2026-04-11 01:11:19] [INFO] Chargement de robot_3d_0206-> 278/331 | 83%
[2026-04-11 01:11:19] [INFO] Chargement de robot_3d_0207-> 279/331 | 84%
[2026-04-11 01:11:19] [INFO] Chargement de robot_3d_0208-> 280/331 | 84%
[2026-04-11 01:11:19] [INFO] Chargement de robot_3d_0209-> 281/331 | 84%
[2026-04-11 01:11:19] [INFO] Chargement de robot_3d_0210-> 282/331 | 85%
[2026-04-11 01:11:19] [INFO] Chargement de robot_3d_0211-> 283/331 | 85%
[2026-04-11 01:11:19] [INFO] Chargement de robot_3d_0212-> 284/331 | 85%
[2026-04-11 01:11:19] [INFO] Chargement de robot_3d_0213-> 285/331 | 86%
[2026-04-11 01:11:19] [INFO] Chargement de robot_3d_0214-> 286/331 | 86%
[2026-04-11 01:11:19] [INFO] Chargement de robot_3d_0215-> 287/331 | 86%
[2026-04-11 01:11:19] [INFO] Chargement de robot_3d_0216-> 288/331 | 87%
[2026-04-11 01:11:19] [INFO] Chargement de robot_3d_0217-> 289/331 | 87%
[2026-04-11 01:11:19] [INFO] Chargement de robot_3d_0218-> 290/331 | 87%
[2026-04-11 01:11:19] [INFO] Chargement de robot_3d_0219-> 291/331 | 87%
[2026-04-11 01:11:19] [INFO] Chargement de robot_3d_0220-> 292/331 | 88%
[2026-04-11 01:11:19] [INFO] Chargement de robot_3d_0221-> 293/331 | 88%
[2026-04-11 01:11:19] [INFO] Chargement de robot_3d_0222-> 294/331 | 88%
[2026-04-11 01:11:19] [INFO] Chargement de robot_3d_0223-> 295/331 | 89%
[2026-04-11 01:11:19] [INFO] Chargement de robot_3d_0224-> 296/331 | 89%
[2026-04-11 01:11:19] [INFO] Chargement de robot_3d_0225-> 297/331 | 89%
[2026-04-11 01:11:19] [INFO] Chargement de robot_3d_0226-> 298/331 | 90%
[2026-04-11 01:11:19] [INFO] Chargement de robot_3d_0227-> 299/331 | 90%
[2026-04-11 01:11:19] [INFO] Chargement de robot_3d_0230-> 302/331 | 91%
[2026-04-11 01:11:19] [INFO] Chargement de robot_3d_0231-> 303/331 | 91%
[2026-04-11 01:11:19] [INFO] Chargement de robot_3d_0232-> 304/331 | 91%
[2026-04-11 01:11:19] [INFO] Chargement de robot_3d_0233-> 305/331 | 92%
[2026-04-11 01:11:19] [INFO] Chargement de robot_3d_0234-> 306/331 | 92%
[2026-04-11 01:11:19] [INFO] Chargement de robot_3d_0235-> 307/331 | 92%
[2026-04-11 01:11:19] [INFO] Chargement de robot_3d_0236-> 308/331 | 93%
[2026-04-11 01:11:19] [INFO] Chargement de robot_3d_0237-> 309/331 | 93%
[2026-04-11 01:11:19] [INFO] Chargement de robot_3d_0238-> 310/331 | 93%
[2026-04-11 01:11:19] [INFO] Chargement de robot_3d_0239-> 311/331 | 93%
[2026-04-11 01:11:19] [INFO] Chargement de robot_3d_0240-> 312/331 | 94%
[2026-04-11 01:11:19] [INFO] Chargement de water_4-> 317/331 | 95%
[2026-04-11 01:11:19] [INFO] Chargement de lava_7-> 328/331 | 99%
[2026-04-11 01:11:19] [INFO] Assets chargés, redirect vers play_menu
[2026-04-11 01:11:19] [INFO] Entrez dans play_menu avec le compte test1.json
[2026-04-11 01:11:30] [INFO] Entrez dans play_menu avec le compte test1.json
[2026-04-11 01:12:12] [INFO] 



+///////////////////////////////////////////////////////////////////////////+

                Démarrage de Nexus Extraction

+///////////////////////////////////////////////////////////////////////////+

[2026-04-11 01:12:12] [INFO] 
+---------------------------- Bienvenue ! ----------------------------+

Bienvenue dans Nexus Extraction. Si vous lisez ceci, c’est que vous vous
trouvez actuellement dans les logs du jeu. Si vous êtes un joueur lambda,
cette fenêtre ne vous intéressera pas, mais ne la fermez pas, car cette
action entraînera la fermeture du jeu.

En cas de problème ou de plantage du jeu, merci de contacter le développeur
à l’adresse e-mail suivante : mouyelv@sjb-liege.org
en joignant les fichiers de logs qui se trouvent dans le dossier "logs/".

Merci de jouer à Nexus Extraction et bon jeu ;)

+-------------------------------- LOGS --------------------------------+

[2026-04-11 01:12:12] [INFO] Main Menu
[2026-04-11 01:12:13] [INFO] Entrez dans compte
[2026-04-11 01:12:16] [INFO] Entrez dans load_menu avec le compte -> test1.json
[2026-04-11 01:12:16] [INFO] Chargement de title-> 1/331 | 0%
[2026-04-11 01:12:16] [INFO] Chargement de creator-> 2/331 | 0%
[2026-04-11 01:12:16] [INFO] Chargement de the_void-> 4/331 | 1%
[2026-04-11 01:12:16] [INFO] Chargement de the_void_full-> 5/331 | 1%
[2026-04-11 01:12:16] [INFO] Chargement de underground_1-> 6/331 | 1%
[2026-04-11 01:12:16] [INFO] Chargement de underground_2-> 7/331 | 2%
[2026-04-11 01:12:16] [INFO] Chargement de underground_3-> 8/331 | 2%
[2026-04-11 01:12:16] [INFO] Chargement de btn_play_menu-> 9/331 | 2%
[2026-04-11 01:12:16] [INFO] Chargement de btn_play_menu-> 9/331 | 2%
[2026-04-11 01:12:16] [INFO] Chargement de robot_3d_0026-> 98/331 | 29%
[2026-04-11 01:12:17] [INFO] Chargement de robot_3d_0027-> 99/331 | 29%
[2026-04-11 01:12:17] [INFO] Chargement de robot_3d_0028-> 100/331 | 30%
[2026-04-11 01:12:17] [INFO] Chargement de robot_3d_0028-> 100/331 | 30%
[2026-04-11 01:12:17] [INFO] Chargement de robot_3d_0030-> 102/331 | 30%
[2026-04-11 01:12:17] [INFO] Chargement de robot_3d_0031-> 103/331 | 31%
[2026-04-11 01:12:17] [INFO] Chargement de robot_3d_0032-> 104/331 | 31%
[2026-04-11 01:12:17] [INFO] Chargement de robot_3d_0033-> 105/331 | 31%
[2026-04-11 01:12:17] [INFO] Chargement de robot_3d_0033-> 105/331 | 31%
[2026-04-11 01:12:17] [INFO] Chargement de robot_3d_0034-> 106/331 | 32%
[2026-04-11 01:12:17] [INFO] Chargement de robot_3d_0035-> 107/331 | 32%
[2026-04-11 01:12:17] [INFO] Chargement de robot_3d_0036-> 108/331 | 32%
[2026-04-11 01:12:17] [INFO] Chargement de robot_3d_0038-> 110/331 | 33%
[2026-04-11 01:12:17] [INFO] Chargement de robot_3d_0040-> 112/331 | 33%
[2026-04-11 01:12:17] [INFO] Chargement de robot_3d_0040-> 112/331 | 33%
[2026-04-11 01:12:17] [INFO] Chargement de robot_3d_0042-> 114/331 | 34%
[2026-04-11 01:12:17] [INFO] Chargement de robot_3d_0042-> 114/331 | 34%
[2026-04-11 01:12:17] [INFO] Chargement de robot_3d_0044-> 116/331 | 35%
[2026-04-11 01:12:17] [INFO] Chargement de robot_3d_0045-> 117/331 | 35%
[2026-04-11 01:12:17] [INFO] Chargement de robot_3d_0046-> 118/331 | 35%
[2026-04-11 01:12:17] [INFO] Chargement de robot_3d_0047-> 119/331 | 35%
[2026-04-11 01:12:17] [INFO] Chargement de robot_3d_0047-> 119/331 | 35%
[2026-04-11 01:12:17] [INFO] Chargement de robot_3d_0049-> 121/331 | 36%
[2026-04-11 01:12:17] [INFO] Chargement de robot_3d_0049-> 121/331 | 36%
[2026-04-11 01:12:17] [INFO] Chargement de robot_3d_0051-> 123/331 | 37%
[2026-04-11 01:12:17] [INFO] Chargement de robot_3d_0051-> 123/331 | 37%
[2026-04-11 01:12:17] [INFO] Chargement de robot_3d_0052-> 124/331 | 37%
[2026-04-11 01:12:17] [INFO] Chargement de robot_3d_0054-> 126/331 | 38%
[2026-04-11 01:12:17] [INFO] Chargement de robot_3d_0055-> 127/331 | 38%
[2026-04-11 01:12:17] [INFO] Chargement de robot_3d_0056-> 128/331 | 38%
[2026-04-11 01:12:17] [INFO] Chargement de robot_3d_0057-> 129/331 | 38%
[2026-04-11 01:12:17] [INFO] Chargement de robot_3d_0057-> 129/331 | 38%
[2026-04-11 01:12:17] [INFO] Chargement de robot_3d_0059-> 131/331 | 39%
[2026-04-11 01:12:17] [INFO] Chargement de robot_3d_0060-> 132/331 | 39%
[2026-04-11 01:12:17] [INFO] Chargement de robot_3d_0060-> 132/331 | 39%
[2026-04-11 01:12:17] [INFO] Chargement de robot_3d_0061-> 133/331 | 40%
[2026-04-11 01:12:17] [INFO] Chargement de robot_3d_0062-> 134/331 | 40%
[2026-04-11 01:12:17] [INFO] Chargement de robot_3d_0063-> 135/331 | 40%
[2026-04-11 01:12:17] [INFO] Chargement de robot_3d_0065-> 137/331 | 41%
[2026-04-11 01:12:17] [INFO] Chargement de robot_3d_0065-> 137/331 | 41%
[2026-04-11 01:12:17] [INFO] Chargement de robot_3d_0067-> 139/331 | 41%
[2026-04-11 01:12:17] [INFO] Chargement de robot_3d_0067-> 139/331 | 41%
[2026-04-11 01:12:17] [INFO] Chargement de robot_3d_0068-> 140/331 | 42%
[2026-04-11 01:12:17] [INFO] Chargement de robot_3d_0070-> 142/331 | 42%
[2026-04-11 01:12:17] [INFO] Chargement de robot_3d_0071-> 143/331 | 43%
[2026-04-11 01:12:17] [INFO] Chargement de robot_3d_0072-> 144/331 | 43%
[2026-04-11 01:12:17] [INFO] Chargement de robot_3d_0073-> 145/331 | 43%
[2026-04-11 01:12:17] [INFO] Chargement de robot_3d_0074-> 146/331 | 44%
[2026-04-11 01:12:17] [INFO] Chargement de robot_3d_0075-> 147/331 | 44%
[2026-04-11 01:12:17] [INFO] Chargement de robot_3d_0076-> 148/331 | 44%
[2026-04-11 01:12:17] [INFO] Chargement de robot_3d_0077-> 149/331 | 45%
[2026-04-11 01:12:17] [INFO] Chargement de robot_3d_0077-> 149/331 | 45%
[2026-04-11 01:12:17] [INFO] Chargement de robot_3d_0079-> 151/331 | 45%
[2026-04-11 01:12:17] [INFO] Chargement de robot_3d_0079-> 151/331 | 45%
[2026-04-11 01:12:17] [INFO] Chargement de robot_3d_0080-> 152/331 | 45%
[2026-04-11 01:12:17] [INFO] Chargement de robot_3d_0081-> 153/331 | 46%
[2026-04-11 01:12:17] [INFO] Chargement de robot_3d_0082-> 154/331 | 46%
[2026-04-11 01:12:17] [INFO] Chargement de robot_3d_0083-> 155/331 | 46%
[2026-04-11 01:12:17] [INFO] Chargement de robot_3d_0084-> 156/331 | 47%
[2026-04-11 01:12:17] [INFO] Chargement de robot_3d_0085-> 157/331 | 47%
[2026-04-11 01:12:17] [INFO] Chargement de robot_3d_0086-> 158/331 | 47%
[2026-04-11 01:12:17] [INFO] Chargement de robot_3d_0087-> 159/331 | 48%
[2026-04-11 01:12:17] [INFO] Chargement de robot_3d_0089-> 161/331 | 48%
[2026-04-11 01:12:17] [INFO] Chargement de robot_3d_0090-> 162/331 | 48%
[2026-04-11 01:12:17] [INFO] Chargement de robot_3d_0091-> 163/331 | 49%
[2026-04-11 01:12:17] [INFO] Chargement de robot_3d_0092-> 164/331 | 49%
[2026-04-11 01:12:17] [INFO] Chargement de robot_3d_0093-> 165/331 | 49%
[2026-04-11 01:12:17] [INFO] Chargement de robot_3d_0094-> 166/331 | 50%
[2026-04-11 01:12:18] [INFO] Chargement de robot_3d_0095-> 167/331 | 50%
[2026-04-11 01:12:18] [INFO] Chargement de robot_3d_0096-> 168/331 | 50%
[2026-04-11 01:12:18] [INFO] Chargement de robot_3d_0097-> 169/331 | 51%
[2026-04-11 01:12:18] [INFO] Chargement de robot_3d_0098-> 170/331 | 51%
[2026-04-11 01:12:18] [INFO] Chargement de robot_3d_0099-> 171/331 | 51%
[2026-04-11 01:12:18] [INFO] Chargement de robot_3d_0100-> 172/331 | 51%
[2026-04-11 01:12:18] [INFO] Chargement de robot_3d_0101-> 173/331 | 52%
[2026-04-11 01:12:18] [INFO] Chargement de robot_3d_0102-> 174/331 | 52%
[2026-04-11 01:12:18] [INFO] Chargement de robot_3d_0104-> 176/331 | 53%
[2026-04-11 01:12:18] [INFO] Chargement de robot_3d_0105-> 177/331 | 53%
[2026-04-11 01:12:18] [INFO] Chargement de robot_3d_0107-> 179/331 | 54%
[2026-04-11 01:12:18] [INFO] Chargement de robot_3d_0108-> 180/331 | 54%
[2026-04-11 01:12:18] [INFO] Chargement de robot_3d_0108-> 180/331 | 54%
[2026-04-11 01:12:18] [INFO] Chargement de robot_3d_0109-> 181/331 | 54%
[2026-04-11 01:12:18] [INFO] Chargement de robot_3d_0110-> 182/331 | 54%
[2026-04-11 01:12:18] [INFO] Chargement de robot_3d_0111-> 183/331 | 55%
[2026-04-11 01:12:18] [INFO] Chargement de robot_3d_0112-> 184/331 | 55%
[2026-04-11 01:12:18] [INFO] Chargement de robot_3d_0113-> 185/331 | 55%
[2026-04-11 01:12:18] [INFO] Chargement de robot_3d_0114-> 186/331 | 56%
[2026-04-11 01:12:18] [INFO] Chargement de robot_3d_0115-> 187/331 | 56%
[2026-04-11 01:12:18] [INFO] Chargement de robot_3d_0116-> 188/331 | 56%
[2026-04-11 01:12:18] [INFO] Chargement de robot_3d_0117-> 189/331 | 57%
[2026-04-11 01:12:18] [INFO] Chargement de robot_3d_0118-> 190/331 | 57%
[2026-04-11 01:12:18] [INFO] Chargement de robot_3d_0119-> 191/331 | 57%
[2026-04-11 01:12:18] [INFO] Chargement de robot_3d_0120-> 192/331 | 58%
[2026-04-11 01:12:18] [INFO] Chargement de robot_3d_0122-> 194/331 | 58%
[2026-04-11 01:12:18] [INFO] Chargement de robot_3d_0122-> 194/331 | 58%
[2026-04-11 01:12:18] [INFO] Chargement de robot_3d_0123-> 195/331 | 58%
[2026-04-11 01:12:18] [INFO] Chargement de robot_3d_0124-> 196/331 | 59%
[2026-04-11 01:12:18] [INFO] Chargement de robot_3d_0125-> 197/331 | 59%
[2026-04-11 01:12:18] [INFO] Chargement de robot_3d_0126-> 198/331 | 59%
[2026-04-11 01:12:18] [INFO] Chargement de robot_3d_0127-> 199/331 | 60%
[2026-04-11 01:12:18] [INFO] Chargement de robot_3d_0128-> 200/331 | 60%
[2026-04-11 01:12:18] [INFO] Chargement de robot_3d_0130-> 202/331 | 61%
[2026-04-11 01:12:18] [INFO] Chargement de robot_3d_0131-> 203/331 | 61%
[2026-04-11 01:12:18] [INFO] Chargement de robot_3d_0133-> 205/331 | 61%
[2026-04-11 01:12:18] [INFO] Chargement de robot_3d_0134-> 206/331 | 62%
[2026-04-11 01:12:18] [INFO] Chargement de robot_3d_0135-> 207/331 | 62%
[2026-04-11 01:12:18] [INFO] Chargement de robot_3d_0136-> 208/331 | 62%
[2026-04-11 01:12:18] [INFO] Chargement de robot_3d_0137-> 209/331 | 63%
[2026-04-11 01:12:18] [INFO] Chargement de robot_3d_0138-> 210/331 | 63%
[2026-04-11 01:12:18] [INFO] Chargement de robot_3d_0139-> 211/331 | 63%
[2026-04-11 01:12:18] [INFO] Chargement de robot_3d_0140-> 212/331 | 64%
[2026-04-11 01:12:18] [INFO] Chargement de robot_3d_0141-> 213/331 | 64%
[2026-04-11 01:12:18] [INFO] Chargement de robot_3d_0142-> 214/331 | 64%
[2026-04-11 01:12:18] [INFO] Chargement de robot_3d_0143-> 215/331 | 64%
[2026-04-11 01:12:18] [INFO] Chargement de robot_3d_0144-> 216/331 | 65%
[2026-04-11 01:12:18] [INFO] Chargement de robot_3d_0145-> 217/331 | 65%
[2026-04-11 01:12:18] [INFO] Chargement de robot_3d_0146-> 218/331 | 65%
[2026-04-11 01:12:18] [INFO] Chargement de robot_3d_0147-> 219/331 | 66%
[2026-04-11 01:12:18] [INFO] Chargement de robot_3d_0148-> 220/331 | 66%
[2026-04-11 01:12:18] [INFO] Chargement de robot_3d_0149-> 221/331 | 66%
[2026-04-11 01:12:18] [INFO] Chargement de robot_3d_0150-> 222/331 | 67%
[2026-04-11 01:12:18] [INFO] Chargement de robot_3d_0151-> 223/331 | 67%
[2026-04-11 01:12:18] [INFO] Chargement de robot_3d_0153-> 225/331 | 67%
[2026-04-11 01:12:18] [INFO] Chargement de robot_3d_0154-> 226/331 | 68%
[2026-04-11 01:12:18] [INFO] Chargement de robot_3d_0156-> 228/331 | 68%
[2026-04-11 01:12:18] [INFO] Chargement de robot_3d_0156-> 228/331 | 68%
[2026-04-11 01:12:18] [INFO] Chargement de robot_3d_0158-> 230/331 | 69%
[2026-04-11 01:12:18] [INFO] Chargement de robot_3d_0159-> 231/331 | 69%
[2026-04-11 01:12:18] [INFO] Chargement de robot_3d_0160-> 232/331 | 70%
[2026-04-11 01:12:18] [INFO] Chargement de robot_3d_0161-> 233/331 | 70%
[2026-04-11 01:12:18] [INFO] Chargement de robot_3d_0163-> 235/331 | 70%
[2026-04-11 01:12:18] [INFO] Chargement de robot_3d_0164-> 236/331 | 71%
[2026-04-11 01:12:18] [INFO] Chargement de robot_3d_0165-> 237/331 | 71%
[2026-04-11 01:12:18] [INFO] Chargement de robot_3d_0166-> 238/331 | 71%
[2026-04-11 01:12:18] [INFO] Chargement de robot_3d_0167-> 239/331 | 72%
[2026-04-11 01:12:18] [INFO] Chargement de robot_3d_0168-> 240/331 | 72%
[2026-04-11 01:12:18] [INFO] Chargement de robot_3d_0169-> 241/331 | 72%
[2026-04-11 01:12:18] [INFO] Chargement de robot_3d_0170-> 242/331 | 73%
[2026-04-11 01:12:18] [INFO] Chargement de robot_3d_0171-> 243/331 | 73%
[2026-04-11 01:12:18] [INFO] Chargement de robot_3d_0172-> 244/331 | 73%
[2026-04-11 01:12:18] [INFO] Chargement de robot_3d_0173-> 245/331 | 74%
[2026-04-11 01:12:18] [INFO] Chargement de robot_3d_0175-> 247/331 | 74%
[2026-04-11 01:12:18] [INFO] Chargement de robot_3d_0176-> 248/331 | 74%
[2026-04-11 01:12:18] [INFO] Chargement de robot_3d_0178-> 250/331 | 75%
[2026-04-11 01:12:18] [INFO] Chargement de robot_3d_0178-> 250/331 | 75%
[2026-04-11 01:12:18] [INFO] Chargement de robot_3d_0179-> 251/331 | 75%
[2026-04-11 01:12:18] [INFO] Chargement de robot_3d_0180-> 252/331 | 76%
[2026-04-11 01:12:18] [INFO] Chargement de robot_3d_0182-> 254/331 | 76%
[2026-04-11 01:12:18] [INFO] Chargement de robot_3d_0183-> 255/331 | 77%
[2026-04-11 01:12:18] [INFO] Chargement de robot_3d_0184-> 256/331 | 77%
[2026-04-11 01:12:18] [INFO] Chargement de robot_3d_0185-> 257/331 | 77%
[2026-04-11 01:12:18] [INFO] Chargement de robot_3d_0186-> 258/331 | 77%
[2026-04-11 01:12:18] [INFO] Chargement de robot_3d_0187-> 259/331 | 78%
[2026-04-11 01:12:18] [INFO] Chargement de robot_3d_0188-> 260/331 | 78%
[2026-04-11 01:12:18] [INFO] Chargement de robot_3d_0189-> 261/331 | 78%
[2026-04-11 01:12:18] [INFO] Chargement de robot_3d_0190-> 262/331 | 79%
[2026-04-11 01:12:18] [INFO] Chargement de robot_3d_0192-> 264/331 | 79%
[2026-04-11 01:12:18] [INFO] Chargement de robot_3d_0192-> 264/331 | 79%
[2026-04-11 01:12:18] [INFO] Chargement de robot_3d_0193-> 265/331 | 80%
[2026-04-11 01:12:18] [INFO] Chargement de robot_3d_0194-> 266/331 | 80%
[2026-04-11 01:12:18] [INFO] Chargement de robot_3d_0195-> 267/331 | 80%
[2026-04-11 01:12:18] [INFO] Chargement de robot_3d_0196-> 268/331 | 80%
[2026-04-11 01:12:18] [INFO] Chargement de robot_3d_0197-> 269/331 | 81%
[2026-04-11 01:12:18] [INFO] Chargement de robot_3d_0198-> 270/331 | 81%
[2026-04-11 01:12:18] [INFO] Chargement de robot_3d_0199-> 271/331 | 81%
[2026-04-11 01:12:18] [INFO] Chargement de robot_3d_0200-> 272/331 | 82%
[2026-04-11 01:12:18] [INFO] Chargement de robot_3d_0201-> 273/331 | 82%
[2026-04-11 01:12:18] [INFO] Chargement de robot_3d_0202-> 274/331 | 82%
[2026-04-11 01:12:18] [INFO] Chargement de robot_3d_0203-> 275/331 | 83%
[2026-04-11 01:12:18] [INFO] Chargement de robot_3d_0204-> 276/331 | 83%
[2026-04-11 01:12:18] [INFO] Chargement de robot_3d_0205-> 277/331 | 83%
[2026-04-11 01:12:18] [INFO] Chargement de robot_3d_0206-> 278/331 | 83%
[2026-04-11 01:12:18] [INFO] Chargement de robot_3d_0207-> 279/331 | 84%
[2026-04-11 01:12:18] [INFO] Chargement de robot_3d_0208-> 280/331 | 84%
[2026-04-11 01:12:18] [INFO] Chargement de robot_3d_0209-> 281/331 | 84%
[2026-04-11 01:12:18] [INFO] Chargement de robot_3d_0210-> 282/331 | 85%
[2026-04-11 01:12:18] [INFO] Chargement de robot_3d_0212-> 284/331 | 85%
[2026-04-11 01:12:18] [INFO] Chargement de robot_3d_0213-> 285/331 | 86%
[2026-04-11 01:12:18] [INFO] Chargement de robot_3d_0214-> 286/331 | 86%
[2026-04-11 01:12:18] [INFO] Chargement de robot_3d_0215-> 287/331 | 86%
[2026-04-11 01:12:18] [INFO] Chargement de robot_3d_0216-> 288/331 | 87%
[2026-04-11 01:12:18] [INFO] Chargement de robot_3d_0217-> 289/331 | 87%
[2026-04-11 01:12:18] [INFO] Chargement de robot_3d_0218-> 290/331 | 87%
[2026-04-11 01:12:18] [INFO] Chargement de robot_3d_0219-> 291/331 | 87%
[2026-04-11 01:12:19] [INFO] Chargement de robot_3d_0220-> 292/331 | 88%
[2026-04-11 01:12:19] [INFO] Chargement de robot_3d_0221-> 293/331 | 88%
[2026-04-11 01:12:19] [INFO] Chargement de robot_3d_0222-> 294/331 | 88%
[2026-04-11 01:12:19] [INFO] Chargement de robot_3d_0223-> 295/331 | 89%
[2026-04-11 01:12:19] [INFO] Chargement de robot_3d_0224-> 296/331 | 89%
[2026-04-11 01:12:19] [INFO] Chargement de robot_3d_0225-> 297/331 | 89%
[2026-04-11 01:12:19] [INFO] Chargement de robot_3d_0226-> 298/331 | 90%
[2026-04-11 01:12:19] [INFO] Chargement de robot_3d_0227-> 299/331 | 90%
[2026-04-11 01:12:19] [INFO] Chargement de robot_3d_0228-> 300/331 | 90%
[2026-04-11 01:12:19] [INFO] Chargement de robot_3d_0229-> 301/331 | 90%
[2026-04-11 01:12:19] [INFO] Chargement de robot_3d_0230-> 302/331 | 91%
[2026-04-11 01:12:19] [INFO] Chargement de robot_3d_0231-> 303/331 | 91%
[2026-04-11 01:12:19] [INFO] Chargement de robot_3d_0232-> 304/331 | 91%
[2026-04-11 01:12:19] [INFO] Chargement de robot_3d_0233-> 305/331 | 92%
[2026-04-11 01:12:19] [INFO] Chargement de robot_3d_0234-> 306/331 | 92%
[2026-04-11 01:12:19] [INFO] Chargement de robot_3d_0235-> 307/331 | 92%
[2026-04-11 01:12:19] [INFO] Chargement de robot_3d_0236-> 308/331 | 93%
[2026-04-11 01:12:19] [INFO] Chargement de robot_3d_0237-> 309/331 | 93%
[2026-04-11 01:12:19] [INFO] Chargement de robot_3d_0238-> 310/331 | 93%
[2026-04-11 01:12:19] [INFO] Chargement de robot_3d_0239-> 311/331 | 93%
[2026-04-11 01:12:19] [INFO] Chargement de robot_3d_0240-> 312/331 | 94%
[2026-04-11 01:12:19] [INFO] Chargement de water_3-> 316/331 | 95%
[2026-04-11 01:12:19] [INFO] Chargement de lava_2-> 323/331 | 97%
[2026-04-11 01:12:19] [INFO] Assets chargés, redirect vers play_menu
[2026-04-11 01:12:19] [INFO] Entrez dans play_menu avec le compte test1.json
[2026-04-11 01:12:43] [INFO] Entrez dans play_menu avec le compte test1.json
[2026-04-11 01:12:44] [ERROR] play ->
Traceback (most recent call last):
  File "d:\informatique_tfe\tfe\src\data\object\games\play.py", line 269, in play
    draw_background(background, background_pos, camera_y)
  File "d:\informatique_tfe\tfe\src\data\object\games\play.py", line 164, in draw_background
    screen.blit(img, (bx, by - int(camera_y * parallax)))
pygame.error: display Surface quit
[2026-04-11 01:12:44] [ERROR] play_menu ->
Traceback (most recent call last):
  File "d:\informatique_tfe\tfe\src\data\object\games\play_menu.py", line 96, in play_menu
    screen.blit(BACKGROUND, (0, 0))
pygame.error: display Surface quit
[2026-04-11 01:12:44] [INFO] Compte choisi -> True
[2026-04-11 01:12:44] [INFO] Main Menu
[2026-04-11 01:12:46] [INFO] +------ Fin du jeux -----+
[2026-04-11 01:15:38] [INFO] 



+///////////////////////////////////////////////////////////////////////////+

                Démarrage de Nexus Extraction

+///////////////////////////////////////////////////////////////////////////+

[2026-04-11 01:15:38] [INFO] 
+---------------------------- Bienvenue ! ----------------------------+

Bienvenue dans Nexus Extraction. Si vous lisez ceci, c’est que vous vous
trouvez actuellement dans les logs du jeu. Si vous êtes un joueur lambda,
cette fenêtre ne vous intéressera pas, mais ne la fermez pas, car cette
action entraînera la fermeture du jeu.

En cas de problème ou de plantage du jeu, merci de contacter le développeur
à l’adresse e-mail suivante : mouyelv@sjb-liege.org
en joignant les fichiers de logs qui se trouvent dans le dossier "logs/".

Merci de jouer à Nexus Extraction et bon jeu ;)

+-------------------------------- LOGS --------------------------------+

[2026-04-11 01:15:38] [INFO] Main Menu
[2026-04-11 01:15:39] [INFO] Entrez dans compte
[2026-04-11 01:15:40] [INFO] Entrez dans load_menu avec le compte -> test1.json
[2026-04-11 01:15:40] [INFO] Chargement de title-> 1/331 | 0%
[2026-04-11 01:15:40] [INFO] Chargement de creator-> 2/331 | 0%
[2026-04-11 01:15:40] [INFO] Chargement de music_creator-> 3/331 | 0%
[2026-04-11 01:15:40] [INFO] Chargement de the_void-> 4/331 | 1%
[2026-04-11 01:15:40] [INFO] Chargement de the_void_full-> 5/331 | 1%
[2026-04-11 01:15:40] [INFO] Chargement de underground_1-> 6/331 | 1%
[2026-04-11 01:15:40] [INFO] Chargement de underground_2-> 7/331 | 2%
[2026-04-11 01:15:40] [INFO] Chargement de underground_2-> 7/331 | 2%
[2026-04-11 01:15:40] [INFO] Chargement de underground_3-> 8/331 | 2%
[2026-04-11 01:15:40] [INFO] Chargement de btn_play_menu-> 9/331 | 2%
[2026-04-11 01:15:40] [INFO] Chargement de btn_play_menu-> 9/331 | 2%
[2026-04-11 01:15:40] [INFO] Chargement de btn_boutique_menu-> 10/331 | 3%
[2026-04-11 01:15:40] [INFO] Chargement de btn_boutique_menu-> 10/331 | 3%
[2026-04-11 01:15:40] [INFO] Chargement de btn_boutique_menu-> 10/331 | 3%
[2026-04-11 01:15:40] [INFO] Chargement de btn_option_menu-> 11/331 | 3%
[2026-04-11 01:15:40] [INFO] Chargement de btn_option_menu-> 11/331 | 3%
[2026-04-11 01:15:40] [INFO] Chargement de btn_play-> 12/331 | 3%
[2026-04-11 01:15:40] [INFO] Chargement de btn_play-> 12/331 | 3%
[2026-04-11 01:15:40] [INFO] Chargement de btn_quitter-> 13/331 | 3%
[2026-04-11 01:15:40] [INFO] Chargement de btn_quitter-> 13/331 | 3%
[2026-04-11 01:15:40] [INFO] Chargement de btn_compte-> 14/331 | 4%
[2026-04-11 01:15:40] [INFO] Chargement de refresh_btn-> 15/331 | 4%
[2026-04-11 01:15:40] [INFO] Chargement de boutique_bg-> 17/331 | 5%
[2026-04-11 01:15:40] [INFO] Chargement de boutique_pression-> 20/331 | 6%
[2026-04-11 01:15:40] [INFO] Chargement de blue_storm-> 22/331 | 6%
[2026-04-11 01:15:40] [INFO] Chargement de pression_icon-> 24/331 | 7%
[2026-04-11 01:15:40] [INFO] Chargement de bedrock-> 34/331 | 10%
[2026-04-11 01:15:40] [INFO] Chargement de cobblestone-> 47/331 | 14%
[2026-04-11 01:15:40] [INFO] Chargement de robot_1-> 54/331 | 16%
[2026-04-11 01:15:40] [INFO] Chargement de robot_8-> 61/331 | 18%
[2026-04-11 01:15:40] [INFO] Chargement de bird_0-> 69/331 | 20%
[2026-04-11 01:15:40] [INFO] Chargement de robot_3d_0002-> 74/331 | 22%
[2026-04-11 01:15:40] [INFO] Chargement de robot_3d_0003-> 75/331 | 22%
[2026-04-11 01:15:40] [INFO] Chargement de robot_3d_0004-> 76/331 | 22%
[2026-04-11 01:15:40] [INFO] Chargement de robot_3d_0005-> 77/331 | 23%
[2026-04-11 01:15:40] [INFO] Chargement de robot_3d_0005-> 77/331 | 23%
[2026-04-11 01:15:40] [INFO] Chargement de robot_3d_0007-> 79/331 | 23%
[2026-04-11 01:15:40] [INFO] Chargement de robot_3d_0008-> 80/331 | 24%
[2026-04-11 01:15:40] [INFO] Chargement de robot_3d_0009-> 81/331 | 24%
[2026-04-11 01:15:40] [INFO] Chargement de robot_3d_0010-> 82/331 | 24%
[2026-04-11 01:15:40] [INFO] Chargement de robot_3d_0011-> 83/331 | 25%
[2026-04-11 01:15:40] [INFO] Chargement de robot_3d_0012-> 84/331 | 25%
[2026-04-11 01:15:40] [INFO] Chargement de robot_3d_0013-> 85/331 | 25%
[2026-04-11 01:15:40] [INFO] Chargement de robot_3d_0014-> 86/331 | 25%
[2026-04-11 01:15:40] [INFO] Chargement de robot_3d_0015-> 87/331 | 26%
[2026-04-11 01:15:41] [INFO] Chargement de robot_3d_0017-> 89/331 | 26%
[2026-04-11 01:15:41] [INFO] Chargement de robot_3d_0018-> 90/331 | 27%
[2026-04-11 01:15:41] [INFO] Chargement de robot_3d_0018-> 90/331 | 27%
[2026-04-11 01:15:41] [INFO] Chargement de robot_3d_0019-> 91/331 | 27%
[2026-04-11 01:15:41] [INFO] Chargement de robot_3d_0020-> 92/331 | 27%
[2026-04-11 01:15:41] [INFO] Chargement de robot_3d_0021-> 93/331 | 28%
[2026-04-11 01:15:41] [INFO] Chargement de robot_3d_0023-> 95/331 | 28%
[2026-04-11 01:15:41] [INFO] Chargement de robot_3d_0023-> 95/331 | 28%
[2026-04-11 01:15:41] [INFO] Chargement de robot_3d_0024-> 96/331 | 29%
[2026-04-11 01:15:41] [INFO] Chargement de robot_3d_0026-> 98/331 | 29%
[2026-04-11 01:15:41] [INFO] Chargement de robot_3d_0027-> 99/331 | 29%
[2026-04-11 01:15:41] [INFO] Chargement de robot_3d_0027-> 99/331 | 29%
[2026-04-11 01:15:41] [INFO] Chargement de robot_3d_0028-> 100/331 | 30%
[2026-04-11 01:15:41] [INFO] Chargement de robot_3d_0029-> 101/331 | 30%
[2026-04-11 01:15:41] [INFO] Chargement de robot_3d_0030-> 102/331 | 30%
[2026-04-11 01:15:41] [INFO] Chargement de robot_3d_0032-> 104/331 | 31%
[2026-04-11 01:15:41] [INFO] Chargement de robot_3d_0034-> 106/331 | 32%
[2026-04-11 01:15:41] [INFO] Chargement de robot_3d_0036-> 108/331 | 32%
[2026-04-11 01:15:41] [INFO] Chargement de robot_3d_0036-> 108/331 | 32%
[2026-04-11 01:15:41] [INFO] Chargement de robot_3d_0037-> 109/331 | 32%
[2026-04-11 01:15:41] [INFO] Chargement de robot_3d_0039-> 111/331 | 33%
[2026-04-11 01:15:41] [INFO] Chargement de robot_3d_0040-> 112/331 | 33%
[2026-04-11 01:15:41] [INFO] Chargement de robot_3d_0041-> 113/331 | 34%
[2026-04-11 01:15:41] [INFO] Chargement de robot_3d_0042-> 114/331 | 34%
[2026-04-11 01:15:41] [INFO] Chargement de robot_3d_0043-> 115/331 | 34%
[2026-04-11 01:15:41] [INFO] Chargement de robot_3d_0044-> 116/331 | 35%
[2026-04-11 01:15:41] [INFO] Chargement de robot_3d_0046-> 118/331 | 35%
[2026-04-11 01:15:41] [INFO] Chargement de robot_3d_0047-> 119/331 | 35%
[2026-04-11 01:15:41] [INFO] Chargement de robot_3d_0048-> 120/331 | 36%
[2026-04-11 01:15:41] [INFO] Chargement de robot_3d_0049-> 121/331 | 36%
[2026-04-11 01:15:41] [INFO] Chargement de robot_3d_0050-> 122/331 | 36%
[2026-04-11 01:15:41] [INFO] Chargement de robot_3d_0051-> 123/331 | 37%
[2026-04-11 01:15:41] [INFO] Chargement de robot_3d_0052-> 124/331 | 37%
[2026-04-11 01:15:41] [INFO] Chargement de robot_3d_0053-> 125/331 | 37%
[2026-04-11 01:15:41] [INFO] Chargement de robot_3d_0054-> 126/331 | 38%
[2026-04-11 01:15:41] [INFO] Chargement de robot_3d_0055-> 127/331 | 38%
[2026-04-11 01:15:41] [INFO] Chargement de robot_3d_0056-> 128/331 | 38%
[2026-04-11 01:15:41] [INFO] Chargement de robot_3d_0057-> 129/331 | 38%
[2026-04-11 01:15:41] [INFO] Chargement de robot_3d_0058-> 130/331 | 39%
[2026-04-11 01:15:41] [INFO] Chargement de robot_3d_0059-> 131/331 | 39%
[2026-04-11 01:15:41] [INFO] Chargement de robot_3d_0060-> 132/331 | 39%
[2026-04-11 01:15:41] [INFO] Chargement de robot_3d_0061-> 133/331 | 40%
[2026-04-11 01:15:41] [INFO] Chargement de robot_3d_0062-> 134/331 | 40%
[2026-04-11 01:15:41] [INFO] Chargement de robot_3d_0063-> 135/331 | 40%
[2026-04-11 01:15:41] [INFO] Chargement de robot_3d_0065-> 137/331 | 41%
[2026-04-11 01:15:41] [INFO] Chargement de robot_3d_0067-> 139/331 | 41%
[2026-04-11 01:15:41] [INFO] Chargement de robot_3d_0067-> 139/331 | 41%
[2026-04-11 01:15:41] [INFO] Chargement de robot_3d_0068-> 140/331 | 42%
[2026-04-11 01:15:41] [INFO] Chargement de robot_3d_0069-> 141/331 | 42%
[2026-04-11 01:15:41] [INFO] Chargement de robot_3d_0071-> 143/331 | 43%
[2026-04-11 01:15:41] [INFO] Chargement de robot_3d_0073-> 145/331 | 43%
[2026-04-11 01:15:41] [INFO] Chargement de robot_3d_0074-> 146/331 | 44%
[2026-04-11 01:15:41] [INFO] Chargement de robot_3d_0075-> 147/331 | 44%
[2026-04-11 01:15:41] [INFO] Chargement de robot_3d_0076-> 148/331 | 44%
[2026-04-11 01:15:41] [INFO] Chargement de robot_3d_0077-> 149/331 | 45%
[2026-04-11 01:15:41] [INFO] Chargement de robot_3d_0078-> 150/331 | 45%
[2026-04-11 01:15:41] [INFO] Chargement de robot_3d_0079-> 151/331 | 45%
[2026-04-11 01:15:41] [INFO] Chargement de robot_3d_0080-> 152/331 | 45%
[2026-04-11 01:15:41] [INFO] Chargement de robot_3d_0082-> 154/331 | 46%
[2026-04-11 01:15:41] [INFO] Chargement de robot_3d_0083-> 155/331 | 46%
[2026-04-11 01:15:41] [INFO] Chargement de robot_3d_0084-> 156/331 | 47%
[2026-04-11 01:15:41] [INFO] Chargement de robot_3d_0085-> 157/331 | 47%
[2026-04-11 01:15:41] [INFO] Chargement de robot_3d_0086-> 158/331 | 47%
[2026-04-11 01:15:41] [INFO] Chargement de robot_3d_0087-> 159/331 | 48%
[2026-04-11 01:15:41] [INFO] Chargement de robot_3d_0088-> 160/331 | 48%
[2026-04-11 01:15:41] [INFO] Chargement de robot_3d_0090-> 162/331 | 48%
[2026-04-11 01:15:41] [INFO] Chargement de robot_3d_0091-> 163/331 | 49%
[2026-04-11 01:15:41] [INFO] Chargement de robot_3d_0093-> 165/331 | 49%
[2026-04-11 01:15:41] [INFO] Chargement de robot_3d_0094-> 166/331 | 50%
[2026-04-11 01:15:41] [INFO] Chargement de robot_3d_0095-> 167/331 | 50%
[2026-04-11 01:15:41] [INFO] Chargement de robot_3d_0096-> 168/331 | 50%
[2026-04-11 01:15:41] [INFO] Chargement de robot_3d_0098-> 170/331 | 51%
[2026-04-11 01:15:41] [INFO] Chargement de robot_3d_0099-> 171/331 | 51%
[2026-04-11 01:15:41] [INFO] Chargement de robot_3d_0101-> 173/331 | 52%
[2026-04-11 01:15:41] [INFO] Chargement de robot_3d_0102-> 174/331 | 52%
[2026-04-11 01:15:41] [INFO] Chargement de robot_3d_0103-> 175/331 | 52%
[2026-04-11 01:15:41] [INFO] Chargement de robot_3d_0105-> 177/331 | 53%
[2026-04-11 01:15:41] [INFO] Chargement de robot_3d_0106-> 178/331 | 53%
[2026-04-11 01:15:41] [INFO] Chargement de robot_3d_0108-> 180/331 | 54%
[2026-04-11 01:15:41] [INFO] Chargement de robot_3d_0109-> 181/331 | 54%
[2026-04-11 01:15:41] [INFO] Chargement de robot_3d_0110-> 182/331 | 54%
[2026-04-11 01:15:41] [INFO] Chargement de robot_3d_0111-> 183/331 | 55%
[2026-04-11 01:15:41] [INFO] Chargement de robot_3d_0112-> 184/331 | 55%
[2026-04-11 01:15:41] [INFO] Chargement de robot_3d_0114-> 186/331 | 56%
[2026-04-11 01:15:41] [INFO] Chargement de robot_3d_0116-> 188/331 | 56%
[2026-04-11 01:15:41] [INFO] Chargement de robot_3d_0117-> 189/331 | 57%
[2026-04-11 01:15:41] [INFO] Chargement de robot_3d_0118-> 190/331 | 57%
[2026-04-11 01:15:41] [INFO] Chargement de robot_3d_0120-> 192/331 | 58%
[2026-04-11 01:15:41] [INFO] Chargement de robot_3d_0120-> 192/331 | 58%
[2026-04-11 01:15:41] [INFO] Chargement de robot_3d_0121-> 193/331 | 58%
[2026-04-11 01:15:41] [INFO] Chargement de robot_3d_0122-> 194/331 | 58%
[2026-04-11 01:15:41] [INFO] Chargement de robot_3d_0123-> 195/331 | 58%
[2026-04-11 01:15:41] [INFO] Chargement de robot_3d_0124-> 196/331 | 59%
[2026-04-11 01:15:42] [INFO] Chargement de robot_3d_0205-> 277/331 | 83%
[2026-04-11 01:15:42] [INFO] Chargement de robot_3d_0206-> 278/331 | 83%
[2026-04-11 01:15:42] [INFO] Chargement de robot_3d_0207-> 279/331 | 84%
[2026-04-11 01:15:42] [INFO] Chargement de robot_3d_0208-> 280/331 | 84%
[2026-04-11 01:15:42] [INFO] Chargement de robot_3d_0209-> 281/331 | 84%
[2026-04-11 01:15:42] [INFO] Chargement de robot_3d_0210-> 282/331 | 85%
[2026-04-11 01:15:42] [INFO] Chargement de robot_3d_0212-> 284/331 | 85%
[2026-04-11 01:15:42] [INFO] Chargement de robot_3d_0213-> 285/331 | 86%
[2026-04-11 01:15:42] [INFO] Chargement de robot_3d_0215-> 287/331 | 86%
[2026-04-11 01:15:42] [INFO] Chargement de robot_3d_0216-> 288/331 | 87%
[2026-04-11 01:15:42] [INFO] Chargement de robot_3d_0217-> 289/331 | 87%
[2026-04-11 01:15:42] [INFO] Chargement de robot_3d_0218-> 290/331 | 87%
[2026-04-11 01:15:42] [INFO] Chargement de robot_3d_0219-> 291/331 | 87%
[2026-04-11 01:15:42] [INFO] Chargement de robot_3d_0220-> 292/331 | 88%
[2026-04-11 01:15:42] [INFO] Chargement de robot_3d_0221-> 293/331 | 88%
[2026-04-11 01:15:42] [INFO] Chargement de robot_3d_0222-> 294/331 | 88%
[2026-04-11 01:15:42] [INFO] Chargement de robot_3d_0223-> 295/331 | 89%
[2026-04-11 01:15:42] [INFO] Chargement de robot_3d_0224-> 296/331 | 89%
[2026-04-11 01:15:42] [INFO] Chargement de robot_3d_0225-> 297/331 | 89%
[2026-04-11 01:15:42] [INFO] Chargement de robot_3d_0226-> 298/331 | 90%
[2026-04-11 01:15:42] [INFO] Chargement de robot_3d_0227-> 299/331 | 90%
[2026-04-11 01:15:42] [INFO] Chargement de robot_3d_0228-> 300/331 | 90%
[2026-04-11 01:15:42] [INFO] Chargement de robot_3d_0229-> 301/331 | 90%
[2026-04-11 01:15:42] [INFO] Chargement de robot_3d_0230-> 302/331 | 91%
[2026-04-11 01:15:42] [INFO] Chargement de robot_3d_0231-> 303/331 | 91%
[2026-04-11 01:15:42] [INFO] Chargement de robot_3d_0232-> 304/331 | 91%
[2026-04-11 01:15:42] [INFO] Chargement de robot_3d_0233-> 305/331 | 92%
[2026-04-11 01:15:42] [INFO] Chargement de robot_3d_0234-> 306/331 | 92%
[2026-04-11 01:15:42] [INFO] Chargement de robot_3d_0235-> 307/331 | 92%
[2026-04-11 01:15:42] [INFO] Chargement de robot_3d_0236-> 308/331 | 93%
[2026-04-11 01:15:42] [INFO] Chargement de robot_3d_0237-> 309/331 | 93%
[2026-04-11 01:15:42] [INFO] Chargement de robot_3d_0238-> 310/331 | 93%
[2026-04-11 01:15:42] [INFO] Chargement de robot_3d_0239-> 311/331 | 93%
[2026-04-11 01:15:42] [INFO] Chargement de robot_3d_0240-> 312/331 | 94%
[2026-04-11 01:15:42] [INFO] Chargement de water_7-> 320/331 | 96%
[2026-04-11 01:15:42] [INFO] Chargement de lava_5-> 326/331 | 98%
[2026-04-11 01:15:42] [INFO] Assets chargés, redirect vers play_menu
[2026-04-11 01:15:42] [INFO] Entrez dans play_menu avec le compte test1.json
[2026-04-11 01:16:29] [INFO] Entrez dans play_menu avec le compte test1.json
[2026-04-11 01:18:32] [INFO] 



+///////////////////////////////////////////////////////////////////////////+

                Démarrage de Nexus Extraction

+///////////////////////////////////////////////////////////////////////////+

[2026-04-11 01:18:32] [INFO] 
+---------------------------- Bienvenue ! ----------------------------+

Bienvenue dans Nexus Extraction. Si vous lisez ceci, c’est que vous vous
trouvez actuellement dans les logs du jeu. Si vous êtes un joueur lambda,
cette fenêtre ne vous intéressera pas, mais ne la fermez pas, car cette
action entraînera la fermeture du jeu.

En cas de problème ou de plantage du jeu, merci de contacter le développeur
à l’adresse e-mail suivante : mouyelv@sjb-liege.org
en joignant les fichiers de logs qui se trouvent dans le dossier "logs/".

Merci de jouer à Nexus Extraction et bon jeu ;)

+-------------------------------- LOGS --------------------------------+

[2026-04-11 01:18:32] [INFO] Main Menu
[2026-04-11 01:18:34] [INFO] Entrez dans compte
[2026-04-11 01:18:37] [INFO] Entrez dans load_menu avec le compte -> test1.json
[2026-04-11 01:18:37] [INFO] Chargement de title-> 1/331 | 0%
[2026-04-11 01:18:37] [INFO] Chargement de creator-> 2/331 | 0%
[2026-04-11 01:18:37] [INFO] Chargement de the_void-> 4/331 | 1%
[2026-04-11 01:18:37] [INFO] Chargement de the_void_full-> 5/331 | 1%
[2026-04-11 01:18:37] [INFO] Chargement de underground_1-> 6/331 | 1%
[2026-04-11 01:18:37] [INFO] Chargement de underground_2-> 7/331 | 2%
[2026-04-11 01:18:37] [INFO] Chargement de underground_3-> 8/331 | 2%
[2026-04-11 01:18:37] [INFO] Chargement de underground_3-> 8/331 | 2%
[2026-04-11 01:18:37] [INFO] Chargement de btn_play_menu-> 9/331 | 2%
[2026-04-11 01:18:37] [INFO] Chargement de btn_play_menu-> 9/331 | 2%
[2026-04-11 01:18:37] [INFO] Chargement de btn_boutique_menu-> 10/331 | 3%
[2026-04-11 01:18:37] [INFO] Chargement de btn_boutique_menu-> 10/331 | 3%
[2026-04-11 01:18:37] [INFO] Chargement de btn_option_menu-> 11/331 | 3%
[2026-04-11 01:18:37] [INFO] Chargement de btn_option_menu-> 11/331 | 3%
[2026-04-11 01:18:37] [INFO] Chargement de btn_play-> 12/331 | 3%
[2026-04-11 01:18:37] [INFO] Chargement de btn_play-> 12/331 | 3%
[2026-04-11 01:18:37] [INFO] Chargement de btn_play-> 12/331 | 3%
[2026-04-11 01:18:37] [INFO] Chargement de btn_quitter-> 13/331 | 3%
[2026-04-11 01:18:37] [INFO] Chargement de btn_quitter-> 13/331 | 3%
[2026-04-11 01:18:37] [INFO] Chargement de barre_laterale-> 16/331 | 4%
[2026-04-11 01:18:37] [INFO] Chargement de boutique_frame-> 18/331 | 5%
[2026-04-11 01:18:37] [INFO] Chargement de boutique_pression-> 20/331 | 6%
[2026-04-11 01:18:37] [INFO] Chargement de pression_icon-> 24/331 | 7%
[2026-04-11 01:18:37] [INFO] Chargement de emerald_ore-> 31/331 | 9%
[2026-04-11 01:18:37] [INFO] Chargement de deepslate_coal_ore-> 38/331 | 11%
[2026-04-11 01:18:37] [INFO] Chargement de lapis_ore-> 46/331 | 13%
[2026-04-11 01:18:37] [INFO] Chargement de robot_0-> 53/331 | 16%
[2026-04-11 01:18:37] [INFO] Chargement de robot_20-> 62/331 | 18%
[2026-04-11 01:18:37] [INFO] Chargement de bird_0-> 69/331 | 20%
[2026-04-11 01:18:37] [INFO] Chargement de robot_3d_0001-> 73/331 | 22%
[2026-04-11 01:18:37] [INFO] Chargement de robot_3d_0002-> 74/331 | 22%
[2026-04-11 01:18:37] [INFO] Chargement de robot_3d_0003-> 75/331 | 22%
[2026-04-11 01:18:37] [INFO] Chargement de robot_3d_0004-> 76/331 | 22%
[2026-04-11 01:18:37] [INFO] Chargement de robot_3d_0006-> 78/331 | 23%
[2026-04-11 01:18:37] [INFO] Chargement de robot_3d_0006-> 78/331 | 23%
[2026-04-11 01:18:37] [INFO] Chargement de robot_3d_0007-> 79/331 | 23%
[2026-04-11 01:18:38] [INFO] Chargement de robot_3d_0008-> 80/331 | 24%
[2026-04-11 01:18:38] [INFO] Chargement de robot_3d_0010-> 82/331 | 24%
[2026-04-11 01:18:38] [INFO] Chargement de robot_3d_0011-> 83/331 | 25%
[2026-04-11 01:18:38] [INFO] Chargement de robot_3d_0012-> 84/331 | 25%
[2026-04-11 01:18:38] [INFO] Chargement de robot_3d_0014-> 86/331 | 25%
[2026-04-11 01:18:38] [INFO] Chargement de robot_3d_0015-> 87/331 | 26%
[2026-04-11 01:18:38] [INFO] Chargement de robot_3d_0016-> 88/331 | 26%
[2026-04-11 01:18:38] [INFO] Chargement de robot_3d_0016-> 88/331 | 26%
[2026-04-11 01:18:38] [INFO] Chargement de robot_3d_0017-> 89/331 | 26%
[2026-04-11 01:18:38] [INFO] Chargement de robot_3d_0018-> 90/331 | 27%
[2026-04-11 01:18:38] [INFO] Chargement de robot_3d_0020-> 92/331 | 27%
[2026-04-11 01:18:38] [INFO] Chargement de robot_3d_0020-> 92/331 | 27%
[2026-04-11 01:18:38] [INFO] Chargement de robot_3d_0021-> 93/331 | 28%
[2026-04-11 01:18:38] [INFO] Chargement de robot_3d_0023-> 95/331 | 28%
[2026-04-11 01:18:38] [INFO] Chargement de robot_3d_0024-> 96/331 | 29%
[2026-04-11 01:18:38] [INFO] Chargement de robot_3d_0025-> 97/331 | 29%
[2026-04-11 01:18:38] [INFO] Chargement de robot_3d_0027-> 99/331 | 29%
[2026-04-11 01:18:38] [INFO] Chargement de robot_3d_0028-> 100/331 | 30%
[2026-04-11 01:18:38] [INFO] Chargement de robot_3d_0029-> 101/331 | 30%
[2026-04-11 01:18:38] [INFO] Chargement de robot_3d_0031-> 103/331 | 31%
[2026-04-11 01:18:38] [INFO] Chargement de robot_3d_0034-> 106/331 | 32%
[2026-04-11 01:18:38] [INFO] Chargement de robot_3d_0035-> 107/331 | 32%
[2026-04-11 01:18:38] [INFO] Chargement de robot_3d_0037-> 109/331 | 32%
[2026-04-11 01:18:38] [INFO] Chargement de robot_3d_0038-> 110/331 | 33%
[2026-04-11 01:18:38] [INFO] Chargement de robot_3d_0040-> 112/331 | 33%
[2026-04-11 01:18:38] [INFO] Chargement de robot_3d_0040-> 112/331 | 33%
[2026-04-11 01:18:38] [INFO] Chargement de robot_3d_0042-> 114/331 | 34%
[2026-04-11 01:18:38] [INFO] Chargement de robot_3d_0043-> 115/331 | 34%
[2026-04-11 01:18:38] [INFO] Chargement de robot_3d_0044-> 116/331 | 35%
[2026-04-11 01:18:38] [INFO] Chargement de robot_3d_0045-> 117/331 | 35%
[2026-04-11 01:18:38] [INFO] Chargement de robot_3d_0046-> 118/331 | 35%
[2026-04-11 01:18:38] [INFO] Chargement de robot_3d_0047-> 119/331 | 35%
[2026-04-11 01:18:38] [INFO] Chargement de robot_3d_0048-> 120/331 | 36%
[2026-04-11 01:18:38] [INFO] Chargement de robot_3d_0049-> 121/331 | 36%
[2026-04-11 01:18:38] [INFO] Chargement de robot_3d_0050-> 122/331 | 36%
[2026-04-11 01:18:38] [INFO] Chargement de robot_3d_0051-> 123/331 | 37%
[2026-04-11 01:18:38] [INFO] Chargement de robot_3d_0052-> 124/331 | 37%
[2026-04-11 01:18:38] [INFO] Chargement de robot_3d_0053-> 125/331 | 37%
[2026-04-11 01:18:38] [INFO] Chargement de robot_3d_0054-> 126/331 | 38%
[2026-04-11 01:18:38] [INFO] Chargement de robot_3d_0055-> 127/331 | 38%
[2026-04-11 01:18:38] [INFO] Chargement de robot_3d_0056-> 128/331 | 38%
[2026-04-11 01:18:38] [INFO] Chargement de robot_3d_0057-> 129/331 | 38%
[2026-04-11 01:18:38] [INFO] Chargement de robot_3d_0058-> 130/331 | 39%
[2026-04-11 01:18:38] [INFO] Chargement de robot_3d_0059-> 131/331 | 39%
[2026-04-11 01:18:38] [INFO] Chargement de robot_3d_0060-> 132/331 | 39%
[2026-04-11 01:18:38] [INFO] Chargement de robot_3d_0061-> 133/331 | 40%
[2026-04-11 01:18:38] [INFO] Chargement de robot_3d_0062-> 134/331 | 40%
[2026-04-11 01:18:38] [INFO] Chargement de robot_3d_0063-> 135/331 | 40%
[2026-04-11 01:18:38] [INFO] Chargement de robot_3d_0064-> 136/331 | 41%
[2026-04-11 01:18:38] [INFO] Chargement de robot_3d_0066-> 138/331 | 41%
[2026-04-11 01:18:38] [INFO] Chargement de robot_3d_0067-> 139/331 | 41%
[2026-04-11 01:18:38] [INFO] Chargement de robot_3d_0068-> 140/331 | 42%
[2026-04-11 01:18:38] [INFO] Chargement de robot_3d_0069-> 141/331 | 42%
[2026-04-11 01:18:38] [INFO] Chargement de robot_3d_0070-> 142/331 | 42%
[2026-04-11 01:18:38] [INFO] Chargement de robot_3d_0071-> 143/331 | 43%
[2026-04-11 01:18:38] [INFO] Chargement de robot_3d_0072-> 144/331 | 43%
[2026-04-11 01:18:38] [INFO] Chargement de robot_3d_0073-> 145/331 | 43%
[2026-04-11 01:18:38] [INFO] Chargement de robot_3d_0074-> 146/331 | 44%
[2026-04-11 01:18:38] [INFO] Chargement de robot_3d_0075-> 147/331 | 44%
[2026-04-11 01:18:38] [INFO] Chargement de robot_3d_0076-> 148/331 | 44%
[2026-04-11 01:18:38] [INFO] Chargement de robot_3d_0077-> 149/331 | 45%
[2026-04-11 01:18:38] [INFO] Chargement de robot_3d_0078-> 150/331 | 45%
[2026-04-11 01:18:38] [INFO] Chargement de robot_3d_0079-> 151/331 | 45%
[2026-04-11 01:18:38] [INFO] Chargement de robot_3d_0080-> 152/331 | 45%
[2026-04-11 01:18:38] [INFO] Chargement de robot_3d_0081-> 153/331 | 46%
[2026-04-11 01:18:38] [INFO] Chargement de robot_3d_0082-> 154/331 | 46%
[2026-04-11 01:18:38] [INFO] Chargement de robot_3d_0083-> 155/331 | 46%
[2026-04-11 01:18:38] [INFO] Chargement de robot_3d_0084-> 156/331 | 47%
[2026-04-11 01:18:38] [INFO] Chargement de robot_3d_0085-> 157/331 | 47%
[2026-04-11 01:18:38] [INFO] Chargement de robot_3d_0086-> 158/331 | 47%
[2026-04-11 01:18:38] [INFO] Chargement de robot_3d_0087-> 159/331 | 48%
[2026-04-11 01:18:38] [INFO] Chargement de robot_3d_0088-> 160/331 | 48%
[2026-04-11 01:18:38] [INFO] Chargement de robot_3d_0090-> 162/331 | 48%
[2026-04-11 01:18:38] [INFO] Chargement de robot_3d_0090-> 162/331 | 48%
[2026-04-11 01:18:38] [INFO] Chargement de robot_3d_0092-> 164/331 | 49%
[2026-04-11 01:18:38] [INFO] Chargement de robot_3d_0093-> 165/331 | 49%
[2026-04-11 01:18:38] [INFO] Chargement de robot_3d_0095-> 167/331 | 50%
[2026-04-11 01:18:38] [INFO] Chargement de robot_3d_0096-> 168/331 | 50%
[2026-04-11 01:18:38] [INFO] Chargement de robot_3d_0098-> 170/331 | 51%
[2026-04-11 01:18:38] [INFO] Chargement de robot_3d_0099-> 171/331 | 51%
[2026-04-11 01:18:38] [INFO] Chargement de robot_3d_0101-> 173/331 | 52%
[2026-04-11 01:18:38] [INFO] Chargement de robot_3d_0102-> 174/331 | 52%
[2026-04-11 01:18:38] [INFO] Chargement de robot_3d_0103-> 175/331 | 52%
[2026-04-11 01:18:38] [INFO] Chargement de robot_3d_0105-> 177/331 | 53%
[2026-04-11 01:18:38] [INFO] Chargement de robot_3d_0105-> 177/331 | 53%
[2026-04-11 01:18:39] [INFO] Chargement de robot_3d_0106-> 178/331 | 53%
[2026-04-11 01:18:39] [INFO] Chargement de robot_3d_0107-> 179/331 | 54%
[2026-04-11 01:18:39] [INFO] Chargement de robot_3d_0108-> 180/331 | 54%
[2026-04-11 01:18:39] [INFO] Chargement de robot_3d_0110-> 182/331 | 54%
[2026-04-11 01:18:39] [INFO] Chargement de robot_3d_0112-> 184/331 | 55%
[2026-04-11 01:18:39] [INFO] Chargement de robot_3d_0113-> 185/331 | 55%
[2026-04-11 01:18:39] [INFO] Chargement de robot_3d_0115-> 187/331 | 56%
[2026-04-11 01:18:39] [INFO] Chargement de robot_3d_0116-> 188/331 | 56%
[2026-04-11 01:18:39] [INFO] Chargement de robot_3d_0117-> 189/331 | 57%
[2026-04-11 01:18:39] [INFO] Chargement de robot_3d_0119-> 191/331 | 57%
[2026-04-11 01:18:39] [INFO] Chargement de robot_3d_0120-> 192/331 | 58%
[2026-04-11 01:18:39] [INFO] Chargement de robot_3d_0121-> 193/331 | 58%
[2026-04-11 01:18:39] [INFO] Chargement de robot_3d_0122-> 194/331 | 58%
[2026-04-11 01:18:39] [INFO] Chargement de robot_3d_0123-> 195/331 | 58%
[2026-04-11 01:18:39] [INFO] Chargement de robot_3d_0124-> 196/331 | 59%
[2026-04-11 01:18:39] [INFO] Chargement de robot_3d_0125-> 197/331 | 59%
[2026-04-11 01:18:39] [INFO] Chargement de robot_3d_0126-> 198/331 | 59%
[2026-04-11 01:18:39] [INFO] Chargement de robot_3d_0127-> 199/331 | 60%
[2026-04-11 01:18:39] [INFO] Chargement de robot_3d_0128-> 200/331 | 60%
[2026-04-11 01:18:39] [INFO] Chargement de robot_3d_0130-> 202/331 | 61%
[2026-04-11 01:18:39] [INFO] Chargement de robot_3d_0131-> 203/331 | 61%
[2026-04-11 01:18:39] [INFO] Chargement de robot_3d_0133-> 205/331 | 61%
[2026-04-11 01:18:39] [INFO] Chargement de robot_3d_0134-> 206/331 | 62%
[2026-04-11 01:18:39] [INFO] Chargement de robot_3d_0136-> 208/331 | 62%
[2026-04-11 01:18:39] [INFO] Chargement de robot_3d_0137-> 209/331 | 63%
[2026-04-11 01:18:39] [INFO] Chargement de robot_3d_0138-> 210/331 | 63%
[2026-04-11 01:18:39] [INFO] Chargement de robot_3d_0139-> 211/331 | 63%
[2026-04-11 01:18:39] [INFO] Chargement de robot_3d_0140-> 212/331 | 64%
[2026-04-11 01:18:39] [INFO] Chargement de robot_3d_0142-> 214/331 | 64%
[2026-04-11 01:18:39] [INFO] Chargement de robot_3d_0143-> 215/331 | 64%
[2026-04-11 01:18:39] [INFO] Chargement de robot_3d_0144-> 216/331 | 65%
[2026-04-11 01:18:39] [INFO] Chargement de robot_3d_0146-> 218/331 | 65%
[2026-04-11 01:18:39] [INFO] Chargement de robot_3d_0148-> 220/331 | 66%
[2026-04-11 01:18:39] [INFO] Chargement de robot_3d_0149-> 221/331 | 66%
[2026-04-11 01:18:39] [INFO] Chargement de robot_3d_0150-> 222/331 | 67%
[2026-04-11 01:18:39] [INFO] Chargement de robot_3d_0152-> 224/331 | 67%
[2026-04-11 01:18:39] [INFO] Chargement de robot_3d_0152-> 224/331 | 67%
[2026-04-11 01:18:39] [INFO] Chargement de robot_3d_0154-> 226/331 | 68%
[2026-04-11 01:18:39] [INFO] Chargement de robot_3d_0154-> 226/331 | 68%
[2026-04-11 01:18:39] [INFO] Chargement de robot_3d_0155-> 227/331 | 68%
[2026-04-11 01:18:39] [INFO] Chargement de robot_3d_0156-> 228/331 | 68%
[2026-04-11 01:18:39] [INFO] Chargement de robot_3d_0158-> 230/331 | 69%
[2026-04-11 01:18:39] [INFO] Chargement de robot_3d_0159-> 231/331 | 69%
[2026-04-11 01:18:39] [INFO] Chargement de robot_3d_0160-> 232/331 | 70%
[2026-04-11 01:18:39] [INFO] Chargement de robot_3d_0161-> 233/331 | 70%
[2026-04-11 01:18:39] [INFO] Chargement de robot_3d_0162-> 234/331 | 70%
[2026-04-11 01:18:39] [INFO] Chargement de robot_3d_0163-> 235/331 | 70%
[2026-04-11 01:18:39] [INFO] Chargement de robot_3d_0164-> 236/331 | 71%
[2026-04-11 01:18:39] [INFO] Chargement de robot_3d_0165-> 237/331 | 71%
[2026-04-11 01:18:39] [INFO] Chargement de robot_3d_0166-> 238/331 | 71%
[2026-04-11 01:18:39] [INFO] Chargement de robot_3d_0167-> 239/331 | 72%
[2026-04-11 01:18:39] [INFO] Chargement de robot_3d_0168-> 240/331 | 72%
[2026-04-11 01:18:39] [INFO] Chargement de robot_3d_0169-> 241/331 | 72%
[2026-04-11 01:18:39] [INFO] Chargement de robot_3d_0170-> 242/331 | 73%
[2026-04-11 01:18:39] [INFO] Chargement de robot_3d_0171-> 243/331 | 73%
[2026-04-11 01:18:39] [INFO] Chargement de robot_3d_0173-> 245/331 | 74%
[2026-04-11 01:18:39] [INFO] Chargement de robot_3d_0174-> 246/331 | 74%
[2026-04-11 01:18:39] [INFO] Chargement de robot_3d_0176-> 248/331 | 74%
[2026-04-11 01:18:39] [INFO] Chargement de robot_3d_0177-> 249/331 | 75%
[2026-04-11 01:18:39] [INFO] Chargement de robot_3d_0178-> 250/331 | 75%
[2026-04-11 01:18:39] [INFO] Chargement de robot_3d_0179-> 251/331 | 75%
[2026-04-11 01:18:39] [INFO] Chargement de robot_3d_0180-> 252/331 | 76%
[2026-04-11 01:18:39] [INFO] Chargement de robot_3d_0181-> 253/331 | 76%
[2026-04-11 01:18:39] [INFO] Chargement de robot_3d_0182-> 254/331 | 76%
[2026-04-11 01:18:39] [INFO] Chargement de robot_3d_0183-> 255/331 | 77%
[2026-04-11 01:18:39] [INFO] Chargement de robot_3d_0184-> 256/331 | 77%
[2026-04-11 01:18:39] [INFO] Chargement de robot_3d_0185-> 257/331 | 77%
[2026-04-11 01:18:39] [INFO] Chargement de robot_3d_0186-> 258/331 | 77%
[2026-04-11 01:18:39] [INFO] Chargement de robot_3d_0187-> 259/331 | 78%
[2026-04-11 01:18:39] [INFO] Chargement de robot_3d_0188-> 260/331 | 78%
[2026-04-11 01:18:39] [INFO] Chargement de robot_3d_0189-> 261/331 | 78%
[2026-04-11 01:18:39] [INFO] Chargement de robot_3d_0190-> 262/331 | 79%
[2026-04-11 01:18:39] [INFO] Chargement de robot_3d_0191-> 263/331 | 79%
[2026-04-11 01:18:39] [INFO] Chargement de robot_3d_0192-> 264/331 | 79%
[2026-04-11 01:18:39] [INFO] Chargement de robot_3d_0193-> 265/331 | 80%
[2026-04-11 01:18:39] [INFO] Chargement de robot_3d_0194-> 266/331 | 80%
[2026-04-11 01:18:39] [INFO] Chargement de robot_3d_0196-> 268/331 | 80%
[2026-04-11 01:18:39] [INFO] Chargement de robot_3d_0198-> 270/331 | 81%
[2026-04-11 01:18:39] [INFO] Chargement de robot_3d_0200-> 272/331 | 82%
[2026-04-11 01:18:39] [INFO] Chargement de robot_3d_0201-> 273/331 | 82%
[2026-04-11 01:18:39] [INFO] Chargement de robot_3d_0202-> 274/331 | 82%
[2026-04-11 01:18:39] [INFO] Chargement de robot_3d_0203-> 275/331 | 83%
[2026-04-11 01:18:39] [INFO] Chargement de robot_3d_0204-> 276/331 | 83%
[2026-04-11 01:18:39] [INFO] Chargement de robot_3d_0205-> 277/331 | 83%
[2026-04-11 01:18:39] [INFO] Chargement de robot_3d_0207-> 279/331 | 84%
[2026-04-11 01:18:39] [INFO] Chargement de robot_3d_0207-> 279/331 | 84%
[2026-04-11 01:18:39] [INFO] Chargement de robot_3d_0209-> 281/331 | 84%
[2026-04-11 01:18:39] [INFO] Chargement de robot_3d_0210-> 282/331 | 85%
[2026-04-11 01:18:39] [INFO] Chargement de robot_3d_0211-> 283/331 | 85%
[2026-04-11 01:18:39] [INFO] Chargement de robot_3d_0213-> 285/331 | 86%
[2026-04-11 01:18:39] [INFO] Chargement de robot_3d_0215-> 287/331 | 86%
[2026-04-11 01:18:39] [INFO] Chargement de robot_3d_0216-> 288/331 | 87%
[2026-04-11 01:18:39] [INFO] Chargement de robot_3d_0217-> 289/331 | 87%
[2026-04-11 01:18:39] [INFO] Chargement de robot_3d_0218-> 290/331 | 87%
[2026-04-11 01:18:39] [INFO] Chargement de robot_3d_0219-> 291/331 | 87%
[2026-04-11 01:18:39] [INFO] Chargement de robot_3d_0220-> 292/331 | 88%
[2026-04-11 01:18:39] [INFO] Chargement de robot_3d_0221-> 293/331 | 88%
[2026-04-11 01:18:39] [INFO] Chargement de robot_3d_0222-> 294/331 | 88%
[2026-04-11 01:18:39] [INFO] Chargement de robot_3d_0223-> 295/331 | 89%
[2026-04-11 01:18:39] [INFO] Chargement de robot_3d_0224-> 296/331 | 89%
[2026-04-11 01:18:39] [INFO] Chargement de robot_3d_0225-> 297/331 | 89%
[2026-04-11 01:18:39] [INFO] Chargement de robot_3d_0226-> 298/331 | 90%
[2026-04-11 01:18:39] [INFO] Chargement de robot_3d_0227-> 299/331 | 90%
[2026-04-11 01:18:39] [INFO] Chargement de robot_3d_0228-> 300/331 | 90%
[2026-04-11 01:18:39] [INFO] Chargement de robot_3d_0229-> 301/331 | 90%
[2026-04-11 01:18:39] [INFO] Chargement de robot_3d_0230-> 302/331 | 91%
[2026-04-11 01:18:39] [INFO] Chargement de robot_3d_0231-> 303/331 | 91%
[2026-04-11 01:18:39] [INFO] Chargement de robot_3d_0232-> 304/331 | 91%
[2026-04-11 01:18:39] [INFO] Chargement de robot_3d_0233-> 305/331 | 92%
[2026-04-11 01:18:39] [INFO] Chargement de robot_3d_0234-> 306/331 | 92%
[2026-04-11 01:18:39] [INFO] Chargement de robot_3d_0235-> 307/331 | 92%
[2026-04-11 01:18:39] [INFO] Chargement de robot_3d_0237-> 309/331 | 93%
[2026-04-11 01:18:39] [INFO] Chargement de robot_3d_0238-> 310/331 | 93%
[2026-04-11 01:18:40] [INFO] Chargement de robot_3d_0240-> 312/331 | 94%
[2026-04-11 01:18:40] [INFO] Chargement de lava_0-> 321/331 | 96%
[2026-04-11 01:18:40] [INFO] Chargement de lava_7-> 328/331 | 99%
[2026-04-11 01:18:40] [INFO] Assets chargés, redirect vers play_menu
[2026-04-11 01:18:40] [INFO] Entrez dans play_menu avec le compte test1.json
[2026-04-11 01:20:13] [ERROR] play ->
Traceback (most recent call last):
  File "d:\informatique_tfe\tfe\src\data\object\games\play.py", line 269, in play
    draw_background(background, background_pos, camera_y)
  File "d:\informatique_tfe\tfe\src\data\object\games\play.py", line 164, in draw_background
    screen.blit(img, (bx, by - int(camera_y * parallax)))
pygame.error: display Surface quit
[2026-04-11 01:20:13] [ERROR] play_menu ->
Traceback (most recent call last):
  File "d:\informatique_tfe\tfe\src\data\object\games\play_menu.py", line 96, in play_menu
    screen.blit(BACKGROUND, (0, 0))
pygame.error: display Surface quit
[2026-04-11 01:20:13] [INFO] Compte choisi -> True
[2026-04-11 01:20:13] [INFO] Main Menu
[2026-04-11 01:20:15] [INFO] +------ Fin du jeux -----+
[2026-04-11 01:21:33] [INFO] 



+///////////////////////////////////////////////////////////////////////////+

                Démarrage de Nexus Extraction

+///////////////////////////////////////////////////////////////////////////+

[2026-04-11 01:21:33] [INFO] 
+---------------------------- Bienvenue ! ----------------------------+

Bienvenue dans Nexus Extraction. Si vous lisez ceci, c’est que vous vous
trouvez actuellement dans les logs du jeu. Si vous êtes un joueur lambda,
cette fenêtre ne vous intéressera pas, mais ne la fermez pas, car cette
action entraînera la fermeture du jeu.

En cas de problème ou de plantage du jeu, merci de contacter le développeur
à l’adresse e-mail suivante : mouyelv@sjb-liege.org
en joignant les fichiers de logs qui se trouvent dans le dossier "logs/".

Merci de jouer à Nexus Extraction et bon jeu ;)

+-------------------------------- LOGS --------------------------------+

[2026-04-11 01:21:33] [INFO] Main Menu
[2026-04-11 01:21:34] [INFO] Entrez dans compte
[2026-04-11 01:21:34] [INFO] Entrez dans load_menu avec le compte -> test1.json
[2026-04-11 01:21:34] [INFO] Chargement de creator-> 2/331 | 0%
[2026-04-11 01:21:35] [INFO] Chargement de creator-> 2/331 | 0%
[2026-04-11 01:21:35] [INFO] Chargement de the_void-> 4/331 | 1%
[2026-04-11 01:21:35] [INFO] Chargement de the_void_full-> 5/331 | 1%
[2026-04-11 01:21:35] [INFO] Chargement de underground_1-> 6/331 | 1%
[2026-04-11 01:21:35] [INFO] Chargement de underground_2-> 7/331 | 2%
[2026-04-11 01:21:35] [INFO] Chargement de underground_3-> 8/331 | 2%
[2026-04-11 01:21:35] [INFO] Chargement de btn_play_menu-> 9/331 | 2%
[2026-04-11 01:21:35] [INFO] Chargement de btn_play_menu-> 9/331 | 2%
[2026-04-11 01:21:35] [INFO] Chargement de btn_boutique_menu-> 10/331 | 3%
[2026-04-11 01:21:35] [INFO] Chargement de btn_boutique_menu-> 10/331 | 3%
[2026-04-11 01:21:35] [INFO] Chargement de btn_option_menu-> 11/331 | 3%
[2026-04-11 01:21:35] [INFO] Chargement de btn_option_menu-> 11/331 | 3%
[2026-04-11 01:21:35] [INFO] Chargement de btn_play-> 12/331 | 3%
[2026-04-11 01:21:35] [INFO] Chargement de btn_play-> 12/331 | 3%
[2026-04-11 01:21:35] [INFO] Chargement de btn_quitter-> 13/331 | 3%
[2026-04-11 01:21:35] [INFO] Chargement de btn_quitter-> 13/331 | 3%
[2026-04-11 01:21:35] [INFO] Chargement de refresh_btn-> 15/331 | 4%
[2026-04-11 01:21:35] [INFO] Chargement de boutique_frame-> 18/331 | 5%
[2026-04-11 01:21:35] [INFO] Chargement de inventory-> 21/331 | 6%
[2026-04-11 01:21:35] [INFO] Chargement de danger-> 23/331 | 6%
[2026-04-11 01:21:35] [INFO] Chargement de pression_icon-> 24/331 | 7%
[2026-04-11 01:21:35] [INFO] Chargement de bedrock-> 34/331 | 10%
[2026-04-11 01:21:35] [INFO] Chargement de deepslate_diamond_ore-> 42/331 | 12%
[2026-04-11 01:21:35] [INFO] Chargement de deepslate-> 48/331 | 14%
[2026-04-11 01:21:35] [INFO] Chargement de robot_2-> 55/331 | 16%
[2026-04-11 01:21:35] [INFO] Chargement de robot_40-> 64/331 | 19%
[2026-04-11 01:21:35] [INFO] Chargement de robot_3d_0002-> 74/331 | 22%
[2026-04-11 01:21:35] [INFO] Chargement de robot_3d_0003-> 75/331 | 22%
[2026-04-11 01:21:35] [INFO] Chargement de robot_3d_0004-> 76/331 | 22%
[2026-04-11 01:21:35] [INFO] Chargement de robot_3d_0006-> 78/331 | 23%
[2026-04-11 01:21:35] [INFO] Chargement de robot_3d_0007-> 79/331 | 23%
[2026-04-11 01:21:35] [INFO] Chargement de robot_3d_0008-> 80/331 | 24%
[2026-04-11 01:21:35] [INFO] Chargement de robot_3d_0009-> 81/331 | 24%
[2026-04-11 01:21:35] [INFO] Chargement de robot_3d_0009-> 81/331 | 24%
[2026-04-11 01:21:35] [INFO] Chargement de robot_3d_0011-> 83/331 | 25%
[2026-04-11 01:21:35] [INFO] Chargement de robot_3d_0012-> 84/331 | 25%
[2026-04-11 01:21:35] [INFO] Chargement de robot_3d_0013-> 85/331 | 25%
[2026-04-11 01:21:35] [INFO] Chargement de robot_3d_0014-> 86/331 | 25%
[2026-04-11 01:21:35] [INFO] Chargement de robot_3d_0015-> 87/331 | 26%
[2026-04-11 01:21:35] [INFO] Chargement de robot_3d_0017-> 89/331 | 26%
[2026-04-11 01:21:35] [INFO] Chargement de robot_3d_0018-> 90/331 | 27%
[2026-04-11 01:21:35] [INFO] Chargement de robot_3d_0019-> 91/331 | 27%
[2026-04-11 01:21:35] [INFO] Chargement de robot_3d_0020-> 92/331 | 27%
[2026-04-11 01:21:35] [INFO] Chargement de robot_3d_0021-> 93/331 | 28%
[2026-04-11 01:21:35] [INFO] Chargement de robot_3d_0022-> 94/331 | 28%
[2026-04-11 01:21:35] [INFO] Chargement de robot_3d_0023-> 95/331 | 28%
[2026-04-11 01:21:35] [INFO] Chargement de robot_3d_0023-> 95/331 | 28%
[2026-04-11 01:21:35] [INFO] Chargement de robot_3d_0025-> 97/331 | 29%
[2026-04-11 01:21:36] [INFO] Chargement de robot_3d_0027-> 99/331 | 29%
[2026-04-11 01:21:36] [INFO] Chargement de robot_3d_0028-> 100/331 | 30%
[2026-04-11 01:21:36] [INFO] Chargement de robot_3d_0029-> 101/331 | 30%
[2026-04-11 01:21:36] [INFO] Chargement de robot_3d_0030-> 102/331 | 30%
[2026-04-11 01:21:36] [INFO] Chargement de robot_3d_0032-> 104/331 | 31%
[2026-04-11 01:21:36] [INFO] Chargement de robot_3d_0033-> 105/331 | 31%
[2026-04-11 01:21:36] [INFO] Chargement de robot_3d_0034-> 106/331 | 32%
[2026-04-11 01:21:36] [INFO] Chargement de robot_3d_0036-> 108/331 | 32%
[2026-04-11 01:21:36] [INFO] Chargement de robot_3d_0037-> 109/331 | 32%
[2026-04-11 01:21:36] [INFO] Chargement de robot_3d_0039-> 111/331 | 33%
[2026-04-11 01:21:36] [INFO] Chargement de robot_3d_0040-> 112/331 | 33%
[2026-04-11 01:21:36] [INFO] Chargement de robot_3d_0042-> 114/331 | 34%
[2026-04-11 01:21:36] [INFO] Chargement de robot_3d_0043-> 115/331 | 34%
[2026-04-11 01:21:36] [INFO] Chargement de robot_3d_0044-> 116/331 | 35%
[2026-04-11 01:21:36] [INFO] Chargement de robot_3d_0045-> 117/331 | 35%
[2026-04-11 01:21:36] [INFO] Chargement de robot_3d_0047-> 119/331 | 35%
[2026-04-11 01:21:36] [INFO] Chargement de robot_3d_0048-> 120/331 | 36%
[2026-04-11 01:21:36] [INFO] Chargement de robot_3d_0049-> 121/331 | 36%
[2026-04-11 01:21:36] [INFO] Chargement de robot_3d_0051-> 123/331 | 37%
[2026-04-11 01:21:36] [INFO] Chargement de robot_3d_0052-> 124/331 | 37%
[2026-04-11 01:21:36] [INFO] Chargement de robot_3d_0053-> 125/331 | 37%
[2026-04-11 01:21:36] [INFO] Chargement de robot_3d_0054-> 126/331 | 38%
[2026-04-11 01:21:36] [INFO] Chargement de robot_3d_0056-> 128/331 | 38%
[2026-04-11 01:21:36] [INFO] Chargement de robot_3d_0058-> 130/331 | 39%
[2026-04-11 01:21:36] [INFO] Chargement de robot_3d_0058-> 130/331 | 39%
[2026-04-11 01:21:36] [INFO] Chargement de robot_3d_0060-> 132/331 | 39%
[2026-04-11 01:21:36] [INFO] Chargement de robot_3d_0062-> 134/331 | 40%
[2026-04-11 01:21:36] [INFO] Chargement de robot_3d_0064-> 136/331 | 41%
[2026-04-11 01:21:36] [INFO] Chargement de robot_3d_0065-> 137/331 | 41%
[2026-04-11 01:21:36] [INFO] Chargement de robot_3d_0067-> 139/331 | 41%
[2026-04-11 01:21:36] [INFO] Chargement de robot_3d_0068-> 140/331 | 42%
[2026-04-11 01:21:36] [INFO] Chargement de robot_3d_0069-> 141/331 | 42%
[2026-04-11 01:21:36] [INFO] Chargement de robot_3d_0070-> 142/331 | 42%
[2026-04-11 01:21:36] [INFO] Chargement de robot_3d_0072-> 144/331 | 43%
[2026-04-11 01:21:36] [INFO] Chargement de robot_3d_0073-> 145/331 | 43%
[2026-04-11 01:21:36] [INFO] Chargement de robot_3d_0075-> 147/331 | 44%
[2026-04-11 01:21:36] [INFO] Chargement de robot_3d_0075-> 147/331 | 44%
[2026-04-11 01:21:36] [INFO] Chargement de robot_3d_0077-> 149/331 | 45%
[2026-04-11 01:21:36] [INFO] Chargement de robot_3d_0077-> 149/331 | 45%
[2026-04-11 01:21:36] [INFO] Chargement de robot_3d_0078-> 150/331 | 45%
[2026-04-11 01:21:36] [INFO] Chargement de robot_3d_0080-> 152/331 | 45%
[2026-04-11 01:21:36] [INFO] Chargement de robot_3d_0081-> 153/331 | 46%
[2026-04-11 01:21:36] [INFO] Chargement de robot_3d_0083-> 155/331 | 46%
[2026-04-11 01:21:36] [INFO] Chargement de robot_3d_0084-> 156/331 | 47%
[2026-04-11 01:21:36] [INFO] Chargement de robot_3d_0086-> 158/331 | 47%
[2026-04-11 01:21:36] [INFO] Chargement de robot_3d_0087-> 159/331 | 48%
[2026-04-11 01:21:36] [INFO] Chargement de robot_3d_0089-> 161/331 | 48%
[2026-04-11 01:21:36] [INFO] Chargement de robot_3d_0090-> 162/331 | 48%
[2026-04-11 01:21:36] [INFO] Chargement de robot_3d_0092-> 164/331 | 49%
[2026-04-11 01:21:36] [INFO] Chargement de robot_3d_0094-> 166/331 | 50%
[2026-04-11 01:21:36] [INFO] Chargement de robot_3d_0096-> 168/331 | 50%
[2026-04-11 01:21:36] [INFO] Chargement de robot_3d_0098-> 170/331 | 51%
[2026-04-11 01:21:36] [INFO] Chargement de robot_3d_0098-> 170/331 | 51%
[2026-04-11 01:21:36] [INFO] Chargement de robot_3d_0100-> 172/331 | 51%
[2026-04-11 01:21:36] [INFO] Chargement de robot_3d_0100-> 172/331 | 51%
[2026-04-11 01:21:36] [INFO] Chargement de robot_3d_0101-> 173/331 | 52%
[2026-04-11 01:21:36] [INFO] Chargement de robot_3d_0103-> 175/331 | 52%
[2026-04-11 01:21:36] [INFO] Chargement de robot_3d_0104-> 176/331 | 53%
[2026-04-11 01:21:36] [INFO] Chargement de robot_3d_0105-> 177/331 | 53%
[2026-04-11 01:21:36] [INFO] Chargement de robot_3d_0107-> 179/331 | 54%
[2026-04-11 01:21:36] [INFO] Chargement de robot_3d_0108-> 180/331 | 54%
[2026-04-11 01:21:36] [INFO] Chargement de robot_3d_0110-> 182/331 | 54%
[2026-04-11 01:21:36] [INFO] Chargement de robot_3d_0111-> 183/331 | 55%
[2026-04-11 01:21:36] [INFO] Chargement de robot_3d_0113-> 185/331 | 55%
[2026-04-11 01:21:36] [INFO] Chargement de robot_3d_0115-> 187/331 | 56%
[2026-04-11 01:21:36] [INFO] Chargement de robot_3d_0116-> 188/331 | 56%
[2026-04-11 01:21:36] [INFO] Chargement de robot_3d_0118-> 190/331 | 57%
[2026-04-11 01:21:36] [INFO] Chargement de robot_3d_0119-> 191/331 | 57%
[2026-04-11 01:21:36] [INFO] Chargement de robot_3d_0121-> 193/331 | 58%
[2026-04-11 01:21:36] [INFO] Chargement de robot_3d_0122-> 194/331 | 58%
[2026-04-11 01:21:36] [INFO] Chargement de robot_3d_0123-> 195/331 | 58%
[2026-04-11 01:21:36] [INFO] Chargement de robot_3d_0124-> 196/331 | 59%
[2026-04-11 01:21:36] [INFO] Chargement de robot_3d_0125-> 197/331 | 59%
[2026-04-11 01:21:36] [INFO] Chargement de robot_3d_0127-> 199/331 | 60%
[2026-04-11 01:21:36] [INFO] Chargement de robot_3d_0128-> 200/331 | 60%
[2026-04-11 01:21:36] [INFO] Chargement de robot_3d_0129-> 201/331 | 60%
[2026-04-11 01:21:37] [INFO] Chargement de robot_3d_0131-> 203/331 | 61%
[2026-04-11 01:21:37] [INFO] Chargement de robot_3d_0132-> 204/331 | 61%
[2026-04-11 01:21:37] [INFO] Chargement de robot_3d_0134-> 206/331 | 62%
[2026-04-11 01:21:37] [INFO] Chargement de robot_3d_0135-> 207/331 | 62%
[2026-04-11 01:21:37] [INFO] Chargement de robot_3d_0137-> 209/331 | 63%
[2026-04-11 01:21:37] [INFO] Chargement de robot_3d_0138-> 210/331 | 63%
[2026-04-11 01:21:37] [INFO] Chargement de robot_3d_0139-> 211/331 | 63%
[2026-04-11 01:21:37] [INFO] Chargement de robot_3d_0141-> 213/331 | 64%
[2026-04-11 01:21:37] [INFO] Chargement de robot_3d_0142-> 214/331 | 64%
[2026-04-11 01:21:37] [INFO] Chargement de robot_3d_0144-> 216/331 | 65%
[2026-04-11 01:21:37] [INFO] Chargement de robot_3d_0145-> 217/331 | 65%
[2026-04-11 01:21:37] [INFO] Chargement de robot_3d_0147-> 219/331 | 66%
[2026-04-11 01:21:37] [INFO] Chargement de robot_3d_0148-> 220/331 | 66%
[2026-04-11 01:21:37] [INFO] Chargement de robot_3d_0150-> 222/331 | 67%
[2026-04-11 01:21:37] [INFO] Chargement de robot_3d_0151-> 223/331 | 67%
[2026-04-11 01:21:37] [INFO] Chargement de robot_3d_0152-> 224/331 | 67%
[2026-04-11 01:21:37] [INFO] Chargement de robot_3d_0154-> 226/331 | 68%
[2026-04-11 01:21:37] [INFO] Chargement de robot_3d_0156-> 228/331 | 68%
[2026-04-11 01:21:37] [INFO] Chargement de robot_3d_0156-> 228/331 | 68%
[2026-04-11 01:21:37] [INFO] Chargement de robot_3d_0158-> 230/331 | 69%
[2026-04-11 01:21:37] [INFO] Chargement de robot_3d_0159-> 231/331 | 69%
[2026-04-11 01:21:37] [INFO] Chargement de robot_3d_0160-> 232/331 | 70%
[2026-04-11 01:21:37] [INFO] Chargement de robot_3d_0161-> 233/331 | 70%
[2026-04-11 01:21:37] [INFO] Chargement de robot_3d_0162-> 234/331 | 70%
[2026-04-11 01:21:37] [INFO] Chargement de robot_3d_0163-> 235/331 | 70%
[2026-04-11 01:21:37] [INFO] Chargement de robot_3d_0164-> 236/331 | 71%
[2026-04-11 01:21:37] [INFO] Chargement de robot_3d_0165-> 237/331 | 71%
[2026-04-11 01:21:37] [INFO] Chargement de robot_3d_0167-> 239/331 | 72%
[2026-04-11 01:21:37] [INFO] Chargement de robot_3d_0168-> 240/331 | 72%
[2026-04-11 01:21:37] [INFO] Chargement de robot_3d_0169-> 241/331 | 72%
[2026-04-11 01:21:37] [INFO] Chargement de robot_3d_0171-> 243/331 | 73%
[2026-04-11 01:21:37] [INFO] Chargement de robot_3d_0173-> 245/331 | 74%
[2026-04-11 01:21:37] [INFO] Chargement de robot_3d_0175-> 247/331 | 74%
[2026-04-11 01:21:37] [INFO] Chargement de robot_3d_0176-> 248/331 | 74%
[2026-04-11 01:21:37] [INFO] Chargement de robot_3d_0178-> 250/331 | 75%
[2026-04-11 01:21:37] [INFO] Chargement de robot_3d_0179-> 251/331 | 75%
[2026-04-11 01:21:37] [INFO] Chargement de robot_3d_0181-> 253/331 | 76%
[2026-04-11 01:21:37] [INFO] Chargement de robot_3d_0183-> 255/331 | 77%
[2026-04-11 01:21:37] [INFO] Chargement de robot_3d_0184-> 256/331 | 77%
[2026-04-11 01:21:37] [INFO] Chargement de robot_3d_0186-> 258/331 | 77%
[2026-04-11 01:21:37] [INFO] Chargement de robot_3d_0187-> 259/331 | 78%
[2026-04-11 01:21:37] [INFO] Chargement de robot_3d_0188-> 260/331 | 78%
[2026-04-11 01:21:37] [INFO] Chargement de robot_3d_0190-> 262/331 | 79%
[2026-04-11 01:21:37] [INFO] Chargement de robot_3d_0191-> 263/331 | 79%
[2026-04-11 01:21:37] [INFO] Chargement de robot_3d_0192-> 264/331 | 79%
[2026-04-11 01:21:37] [INFO] Chargement de robot_3d_0194-> 266/331 | 80%
[2026-04-11 01:21:37] [INFO] Chargement de robot_3d_0195-> 267/331 | 80%
[2026-04-11 01:21:37] [INFO] Chargement de robot_3d_0197-> 269/331 | 81%
[2026-04-11 01:21:37] [INFO] Chargement de robot_3d_0199-> 271/331 | 81%
[2026-04-11 01:21:37] [INFO] Chargement de robot_3d_0200-> 272/331 | 82%
[2026-04-11 01:21:37] [INFO] Chargement de robot_3d_0201-> 273/331 | 82%
[2026-04-11 01:21:37] [INFO] Chargement de robot_3d_0202-> 274/331 | 82%
[2026-04-11 01:21:37] [INFO] Chargement de robot_3d_0204-> 276/331 | 83%
[2026-04-11 01:21:37] [INFO] Chargement de robot_3d_0206-> 278/331 | 83%
[2026-04-11 01:21:37] [INFO] Chargement de robot_3d_0207-> 279/331 | 84%
[2026-04-11 01:21:37] [INFO] Chargement de robot_3d_0209-> 281/331 | 84%
[2026-04-11 01:21:37] [INFO] Chargement de robot_3d_0210-> 282/331 | 85%
[2026-04-11 01:21:37] [INFO] Chargement de robot_3d_0212-> 284/331 | 85%
[2026-04-11 01:21:37] [INFO] Chargement de robot_3d_0213-> 285/331 | 86%
[2026-04-11 01:21:37] [INFO] Chargement de robot_3d_0215-> 287/331 | 86%
[2026-04-11 01:21:37] [INFO] Chargement de robot_3d_0215-> 287/331 | 86%
[2026-04-11 01:21:37] [INFO] Chargement de robot_3d_0217-> 289/331 | 87%
[2026-04-11 01:21:37] [INFO] Chargement de robot_3d_0217-> 289/331 | 87%
[2026-04-11 01:21:37] [INFO] Chargement de robot_3d_0218-> 290/331 | 87%
[2026-04-11 01:21:37] [INFO] Chargement de robot_3d_0219-> 291/331 | 87%
[2026-04-11 01:21:37] [INFO] Chargement de robot_3d_0221-> 293/331 | 88%
[2026-04-11 01:21:37] [INFO] Chargement de robot_3d_0222-> 294/331 | 88%
[2026-04-11 01:21:37] [INFO] Chargement de robot_3d_0224-> 296/331 | 89%
[2026-04-11 01:21:37] [INFO] Chargement de robot_3d_0224-> 296/331 | 89%
[2026-04-11 01:21:37] [INFO] Chargement de robot_3d_0225-> 297/331 | 89%
[2026-04-11 01:21:37] [INFO] Chargement de robot_3d_0226-> 298/331 | 90%
[2026-04-11 01:21:37] [INFO] Chargement de robot_3d_0228-> 300/331 | 90%
[2026-04-11 01:21:37] [INFO] Chargement de robot_3d_0229-> 301/331 | 90%
[2026-04-11 01:21:37] [INFO] Chargement de robot_3d_0230-> 302/331 | 91%
[2026-04-11 01:21:37] [INFO] Chargement de robot_3d_0231-> 303/331 | 91%
[2026-04-11 01:21:37] [INFO] Chargement de robot_3d_0232-> 304/331 | 91%
[2026-04-11 01:21:37] [INFO] Chargement de robot_3d_0233-> 305/331 | 92%
[2026-04-11 01:21:37] [INFO] Chargement de robot_3d_0234-> 306/331 | 92%
[2026-04-11 01:21:37] [INFO] Chargement de robot_3d_0235-> 307/331 | 92%
[2026-04-11 01:21:37] [INFO] Chargement de robot_3d_0236-> 308/331 | 93%
[2026-04-11 01:21:37] [INFO] Chargement de robot_3d_0237-> 309/331 | 93%
[2026-04-11 01:21:37] [INFO] Chargement de robot_3d_0239-> 311/331 | 93%
[2026-04-11 01:21:37] [INFO] Chargement de robot_3d_0240-> 312/331 | 94%
[2026-04-11 01:21:37] [INFO] Chargement de water_5-> 318/331 | 96%
[2026-04-11 01:21:37] [INFO] Chargement de lava_4-> 325/331 | 98%
[2026-04-11 01:21:37] [INFO] Chargement de rocket_1-> 330/331 | 99%
[2026-04-11 01:21:38] [INFO] Assets chargés, redirect vers play_menu
[2026-04-11 01:21:38] [INFO] Entrez dans play_menu avec le compte test1.json
[2026-04-11 01:21:56] [INFO] Entrez dans play_menu avec le compte test1.json
[2026-04-11 01:21:57] [ERROR] play ->
Traceback (most recent call last):
  File "d:\informatique_tfe\tfe\src\data\object\games\play.py", line 269, in play
    draw_background(background, background_pos, camera_y)
  File "d:\informatique_tfe\tfe\src\data\object\games\play.py", line 164, in draw_background
    screen.blit(img, (bx, by - int(camera_y * parallax)))
pygame.error: display Surface quit
[2026-04-11 01:21:57] [ERROR] play_menu ->
Traceback (most recent call last):
  File "d:\informatique_tfe\tfe\src\data\object\games\play_menu.py", line 96, in play_menu
    screen.blit(BACKGROUND, (0, 0))
pygame.error: display Surface quit
[2026-04-11 01:21:57] [INFO] Compte choisi -> True
[2026-04-11 01:21:57] [INFO] Main Menu
[2026-04-11 01:21:58] [INFO] +------ Fin du jeux -----+
[2026-04-11 01:22:26] [INFO] 



+///////////////////////////////////////////////////////////////////////////+

                Démarrage de Nexus Extraction

+///////////////////////////////////////////////////////////////////////////+

[2026-04-11 01:22:26] [INFO] 
+---------------------------- Bienvenue ! ----------------------------+

Bienvenue dans Nexus Extraction. Si vous lisez ceci, c’est que vous vous
trouvez actuellement dans les logs du jeu. Si vous êtes un joueur lambda,
cette fenêtre ne vous intéressera pas, mais ne la fermez pas, car cette
action entraînera la fermeture du jeu.

En cas de problème ou de plantage du jeu, merci de contacter le développeur
à l’adresse e-mail suivante : mouyelv@sjb-liege.org
en joignant les fichiers de logs qui se trouvent dans le dossier "logs/".

Merci de jouer à Nexus Extraction et bon jeu ;)

+-------------------------------- LOGS --------------------------------+

[2026-04-11 01:22:26] [INFO] Main Menu
[2026-04-11 01:22:28] [INFO] Entrez dans compte
[2026-04-11 01:22:28] [INFO] Entrez dans load_menu avec le compte -> test1.json
[2026-04-11 01:22:29] [INFO] Chargement de creator-> 2/331 | 0%
[2026-04-11 01:22:29] [INFO] Chargement de creator-> 2/331 | 0%
[2026-04-11 01:22:29] [INFO] Chargement de the_void-> 4/331 | 1%
[2026-04-11 01:22:29] [INFO] Chargement de the_void_full-> 5/331 | 1%
[2026-04-11 01:22:29] [INFO] Chargement de underground_1-> 6/331 | 1%
[2026-04-11 01:22:29] [INFO] Chargement de underground_2-> 7/331 | 2%
[2026-04-11 01:22:29] [INFO] Chargement de underground_3-> 8/331 | 2%
[2026-04-11 01:22:29] [INFO] Chargement de btn_play_menu-> 9/331 | 2%
[2026-04-11 01:22:29] [INFO] Chargement de btn_play_menu-> 9/331 | 2%
[2026-04-11 01:22:29] [INFO] Chargement de btn_boutique_menu-> 10/331 | 3%
[2026-04-11 01:22:29] [INFO] Chargement de btn_boutique_menu-> 10/331 | 3%
[2026-04-11 01:22:29] [INFO] Chargement de btn_option_menu-> 11/331 | 3%
[2026-04-11 01:22:29] [INFO] Chargement de btn_option_menu-> 11/331 | 3%
[2026-04-11 01:22:29] [INFO] Chargement de btn_option_menu-> 11/331 | 3%
[2026-04-11 01:22:29] [INFO] Chargement de btn_play-> 12/331 | 3%
[2026-04-11 01:22:29] [INFO] Chargement de btn_play-> 12/331 | 3%
[2026-04-11 01:22:29] [INFO] Chargement de btn_quitter-> 13/331 | 3%
[2026-04-11 01:22:29] [INFO] Chargement de btn_quitter-> 13/331 | 3%
[2026-04-11 01:22:29] [INFO] Chargement de btn_quitter-> 13/331 | 3%
[2026-04-11 01:22:29] [INFO] Chargement de barre_laterale-> 16/331 | 4%
[2026-04-11 01:22:29] [INFO] Chargement de boutique_frame-> 18/331 | 5%
[2026-04-11 01:22:29] [INFO] Chargement de boutique_pression-> 20/331 | 6%
[2026-04-11 01:22:29] [INFO] Chargement de danger-> 23/331 | 6%
[2026-04-11 01:22:29] [INFO] Chargement de dirt-> 25/331 | 7%
[2026-04-11 01:22:29] [INFO] Chargement de emerald_ore-> 31/331 | 9%
[2026-04-11 01:22:29] [INFO] Chargement de deepslate_lapis_ore-> 45/331 | 13%
[2026-04-11 01:22:29] [INFO] Chargement de robot_3-> 56/331 | 16%
[2026-04-11 01:22:29] [INFO] Chargement de robot_75-> 66/331 | 19%
[2026-04-11 01:22:29] [INFO] Chargement de robot_3d_0001-> 73/331 | 22%
[2026-04-11 01:22:29] [INFO] Chargement de robot_3d_0003-> 75/331 | 22%
[2026-04-11 01:22:29] [INFO] Chargement de robot_3d_0004-> 76/331 | 22%
[2026-04-11 01:22:29] [INFO] Chargement de robot_3d_0004-> 76/331 | 22%
[2026-04-11 01:22:29] [INFO] Chargement de robot_3d_0005-> 77/331 | 23%
[2026-04-11 01:22:29] [INFO] Chargement de robot_3d_0006-> 78/331 | 23%
[2026-04-11 01:22:29] [INFO] Chargement de robot_3d_0007-> 79/331 | 23%
[2026-04-11 01:22:29] [INFO] Chargement de robot_3d_0008-> 80/331 | 24%
[2026-04-11 01:22:29] [INFO] Chargement de robot_3d_0010-> 82/331 | 24%
[2026-04-11 01:22:29] [INFO] Chargement de robot_3d_0010-> 82/331 | 24%
[2026-04-11 01:22:29] [INFO] Chargement de robot_3d_0012-> 84/331 | 25%
[2026-04-11 01:22:29] [INFO] Chargement de robot_3d_0013-> 85/331 | 25%
[2026-04-11 01:22:29] [INFO] Chargement de robot_3d_0014-> 86/331 | 25%
[2026-04-11 01:22:29] [INFO] Chargement de robot_3d_0016-> 88/331 | 26%
[2026-04-11 01:22:29] [INFO] Chargement de robot_3d_0017-> 89/331 | 26%
[2026-04-11 01:22:29] [INFO] Chargement de robot_3d_0018-> 90/331 | 27%
[2026-04-11 01:22:29] [INFO] Chargement de robot_3d_0019-> 91/331 | 27%
[2026-04-11 01:22:29] [INFO] Chargement de robot_3d_0019-> 91/331 | 27%
[2026-04-11 01:22:29] [INFO] Chargement de robot_3d_0021-> 93/331 | 28%
[2026-04-11 01:22:29] [INFO] Chargement de robot_3d_0022-> 94/331 | 28%
[2026-04-11 01:22:29] [INFO] Chargement de robot_3d_0022-> 94/331 | 28%
[2026-04-11 01:22:29] [INFO] Chargement de robot_3d_0023-> 95/331 | 28%
[2026-04-11 01:22:29] [INFO] Chargement de robot_3d_0024-> 96/331 | 29%
[2026-04-11 01:22:29] [INFO] Chargement de robot_3d_0026-> 98/331 | 29%
[2026-04-11 01:22:30] [INFO] Chargement de robot_3d_0027-> 99/331 | 29%
[2026-04-11 01:22:30] [INFO] Chargement de robot_3d_0030-> 102/331 | 30%
[2026-04-11 01:22:30] [INFO] Chargement de robot_3d_0031-> 103/331 | 31%
[2026-04-11 01:22:30] [INFO] Chargement de robot_3d_0032-> 104/331 | 31%
[2026-04-11 01:22:30] [INFO] Chargement de robot_3d_0033-> 105/331 | 31%
[2026-04-11 01:22:30] [INFO] Chargement de robot_3d_0033-> 105/331 | 31%
[2026-04-11 01:22:30] [INFO] Chargement de robot_3d_0034-> 106/331 | 32%
[2026-04-11 01:22:30] [INFO] Chargement de robot_3d_0036-> 108/331 | 32%
[2026-04-11 01:22:30] [INFO] Chargement de robot_3d_0038-> 110/331 | 33%
[2026-04-11 01:22:30] [INFO] Chargement de robot_3d_0039-> 111/331 | 33%
[2026-04-11 01:22:30] [INFO] Chargement de robot_3d_0041-> 113/331 | 34%
[2026-04-11 01:22:30] [INFO] Chargement de robot_3d_0041-> 113/331 | 34%
[2026-04-11 01:22:30] [INFO] Chargement de robot_3d_0043-> 115/331 | 34%
[2026-04-11 01:22:30] [INFO] Chargement de robot_3d_0043-> 115/331 | 34%
[2026-04-11 01:22:30] [INFO] Chargement de robot_3d_0044-> 116/331 | 35%
[2026-04-11 01:22:30] [INFO] Chargement de robot_3d_0045-> 117/331 | 35%
[2026-04-11 01:22:30] [INFO] Chargement de robot_3d_0046-> 118/331 | 35%
[2026-04-11 01:22:30] [INFO] Chargement de robot_3d_0047-> 119/331 | 35%
[2026-04-11 01:22:30] [INFO] Chargement de robot_3d_0048-> 120/331 | 36%
[2026-04-11 01:22:30] [INFO] Chargement de robot_3d_0050-> 122/331 | 36%
[2026-04-11 01:22:30] [INFO] Chargement de robot_3d_0052-> 124/331 | 37%
[2026-04-11 01:22:30] [INFO] Chargement de robot_3d_0053-> 125/331 | 37%
[2026-04-11 01:22:30] [INFO] Chargement de robot_3d_0054-> 126/331 | 38%
[2026-04-11 01:22:30] [INFO] Chargement de robot_3d_0055-> 127/331 | 38%
[2026-04-11 01:22:30] [INFO] Chargement de robot_3d_0056-> 128/331 | 38%
[2026-04-11 01:22:30] [INFO] Chargement de robot_3d_0057-> 129/331 | 38%
[2026-04-11 01:22:30] [INFO] Chargement de robot_3d_0058-> 130/331 | 39%
[2026-04-11 01:22:30] [INFO] Chargement de robot_3d_0059-> 131/331 | 39%
[2026-04-11 01:22:30] [INFO] Chargement de robot_3d_0060-> 132/331 | 39%
[2026-04-11 01:22:30] [INFO] Chargement de robot_3d_0061-> 133/331 | 40%
[2026-04-11 01:22:30] [INFO] Chargement de robot_3d_0062-> 134/331 | 40%
[2026-04-11 01:22:30] [INFO] Chargement de robot_3d_0063-> 135/331 | 40%
[2026-04-11 01:22:30] [INFO] Chargement de robot_3d_0064-> 136/331 | 41%
[2026-04-11 01:22:30] [INFO] Chargement de robot_3d_0065-> 137/331 | 41%
[2026-04-11 01:22:30] [INFO] Chargement de robot_3d_0066-> 138/331 | 41%
[2026-04-11 01:22:30] [INFO] Chargement de robot_3d_0067-> 139/331 | 41%
[2026-04-11 01:22:30] [INFO] Chargement de robot_3d_0068-> 140/331 | 42%
[2026-04-11 01:22:30] [INFO] Chargement de robot_3d_0069-> 141/331 | 42%
[2026-04-11 01:22:30] [INFO] Chargement de robot_3d_0070-> 142/331 | 42%
[2026-04-11 01:22:30] [INFO] Chargement de robot_3d_0071-> 143/331 | 43%
[2026-04-11 01:22:30] [INFO] Chargement de robot_3d_0072-> 144/331 | 43%
[2026-04-11 01:22:30] [INFO] Chargement de robot_3d_0073-> 145/331 | 43%
[2026-04-11 01:22:30] [INFO] Chargement de robot_3d_0074-> 146/331 | 44%
[2026-04-11 01:22:30] [INFO] Chargement de robot_3d_0075-> 147/331 | 44%
[2026-04-11 01:22:30] [INFO] Chargement de robot_3d_0076-> 148/331 | 44%
[2026-04-11 01:22:30] [INFO] Chargement de robot_3d_0077-> 149/331 | 45%
[2026-04-11 01:22:30] [INFO] Chargement de robot_3d_0078-> 150/331 | 45%
[2026-04-11 01:22:30] [INFO] Chargement de robot_3d_0079-> 151/331 | 45%
[2026-04-11 01:22:30] [INFO] Chargement de robot_3d_0080-> 152/331 | 45%
[2026-04-11 01:22:30] [INFO] Chargement de robot_3d_0081-> 153/331 | 46%
[2026-04-11 01:22:30] [INFO] Chargement de robot_3d_0082-> 154/331 | 46%
[2026-04-11 01:22:30] [INFO] Chargement de robot_3d_0083-> 155/331 | 46%
[2026-04-11 01:22:30] [INFO] Chargement de robot_3d_0084-> 156/331 | 47%
[2026-04-11 01:22:30] [INFO] Chargement de robot_3d_0085-> 157/331 | 47%
[2026-04-11 01:22:30] [INFO] Chargement de robot_3d_0086-> 158/331 | 47%
[2026-04-11 01:22:30] [INFO] Chargement de robot_3d_0087-> 159/331 | 48%
[2026-04-11 01:22:30] [INFO] Chargement de robot_3d_0089-> 161/331 | 48%
[2026-04-11 01:22:30] [INFO] Chargement de robot_3d_0090-> 162/331 | 48%
[2026-04-11 01:22:30] [INFO] Chargement de robot_3d_0091-> 163/331 | 49%
[2026-04-11 01:22:30] [INFO] Chargement de robot_3d_0093-> 165/331 | 49%
[2026-04-11 01:22:30] [INFO] Chargement de robot_3d_0095-> 167/331 | 50%
[2026-04-11 01:22:30] [INFO] Chargement de robot_3d_0095-> 167/331 | 50%
[2026-04-11 01:22:30] [INFO] Chargement de robot_3d_0096-> 168/331 | 50%
[2026-04-11 01:22:30] [INFO] Chargement de robot_3d_0097-> 169/331 | 51%
[2026-04-11 01:22:30] [INFO] Chargement de robot_3d_0098-> 170/331 | 51%
[2026-04-11 01:22:30] [INFO] Chargement de robot_3d_0099-> 171/331 | 51%
[2026-04-11 01:22:30] [INFO] Chargement de robot_3d_0100-> 172/331 | 51%
[2026-04-11 01:22:30] [INFO] Chargement de robot_3d_0101-> 173/331 | 52%
[2026-04-11 01:22:30] [INFO] Chargement de robot_3d_0102-> 174/331 | 52%
[2026-04-11 01:22:30] [INFO] Chargement de robot_3d_0103-> 175/331 | 52%
[2026-04-11 01:22:30] [INFO] Chargement de robot_3d_0104-> 176/331 | 53%
[2026-04-11 01:22:30] [INFO] Chargement de robot_3d_0105-> 177/331 | 53%
[2026-04-11 01:22:30] [INFO] Chargement de robot_3d_0107-> 179/331 | 54%
[2026-04-11 01:22:30] [INFO] Chargement de robot_3d_0113-> 185/331 | 55%
[2026-04-11 01:22:30] [INFO] Chargement de robot_3d_0115-> 187/331 | 56%
[2026-04-11 01:22:30] [INFO] Chargement de robot_3d_0116-> 188/331 | 56%
[2026-04-11 01:22:30] [INFO] Chargement de robot_3d_0118-> 190/331 | 57%
[2026-04-11 01:22:30] [INFO] Chargement de robot_3d_0119-> 191/331 | 57%
[2026-04-11 01:22:30] [INFO] Chargement de robot_3d_0120-> 192/331 | 58%
[2026-04-11 01:22:30] [INFO] Chargement de robot_3d_0121-> 193/331 | 58%
[2026-04-11 01:22:30] [INFO] Chargement de robot_3d_0122-> 194/331 | 58%
[2026-04-11 01:22:30] [INFO] Chargement de robot_3d_0123-> 195/331 | 58%
[2026-04-11 01:22:30] [INFO] Chargement de robot_3d_0124-> 196/331 | 59%
[2026-04-11 01:22:30] [INFO] Chargement de robot_3d_0125-> 197/331 | 59%
[2026-04-11 01:22:30] [INFO] Chargement de robot_3d_0126-> 198/331 | 59%
[2026-04-11 01:22:30] [INFO] Chargement de robot_3d_0127-> 199/331 | 60%
[2026-04-11 01:22:30] [INFO] Chargement de robot_3d_0128-> 200/331 | 60%
[2026-04-11 01:22:30] [INFO] Chargement de robot_3d_0129-> 201/331 | 60%
[2026-04-11 01:22:30] [INFO] Chargement de robot_3d_0130-> 202/331 | 61%
[2026-04-11 01:22:30] [INFO] Chargement de robot_3d_0132-> 204/331 | 61%
[2026-04-11 01:22:30] [INFO] Chargement de robot_3d_0132-> 204/331 | 61%
[2026-04-11 01:22:30] [INFO] Chargement de robot_3d_0133-> 205/331 | 61%
[2026-04-11 01:22:30] [INFO] Chargement de robot_3d_0134-> 206/331 | 62%
[2026-04-11 01:22:30] [INFO] Chargement de robot_3d_0135-> 207/331 | 62%
[2026-04-11 01:22:30] [INFO] Chargement de robot_3d_0136-> 208/331 | 62%
[2026-04-11 01:22:30] [INFO] Chargement de robot_3d_0137-> 209/331 | 63%
[2026-04-11 01:22:30] [INFO] Chargement de robot_3d_0138-> 210/331 | 63%
[2026-04-11 01:22:30] [INFO] Chargement de robot_3d_0140-> 212/331 | 64%
[2026-04-11 01:22:30] [INFO] Chargement de robot_3d_0141-> 213/331 | 64%
[2026-04-11 01:22:31] [INFO] Chargement de robot_3d_0142-> 214/331 | 64%
[2026-04-11 01:22:31] [INFO] Chargement de robot_3d_0143-> 215/331 | 64%
[2026-04-11 01:22:31] [INFO] Chargement de robot_3d_0144-> 216/331 | 65%
[2026-04-11 01:22:31] [INFO] Chargement de robot_3d_0145-> 217/331 | 65%
[2026-04-11 01:22:31] [INFO] Chargement de robot_3d_0146-> 218/331 | 65%
[2026-04-11 01:22:31] [INFO] Chargement de robot_3d_0148-> 220/331 | 66%
[2026-04-11 01:22:31] [INFO] Chargement de robot_3d_0150-> 222/331 | 67%
[2026-04-11 01:22:31] [INFO] Chargement de robot_3d_0151-> 223/331 | 67%
[2026-04-11 01:22:31] [INFO] Chargement de robot_3d_0152-> 224/331 | 67%
[2026-04-11 01:22:31] [INFO] Chargement de robot_3d_0154-> 226/331 | 68%
[2026-04-11 01:22:31] [INFO] Chargement de robot_3d_0155-> 227/331 | 68%
[2026-04-11 01:22:31] [INFO] Chargement de robot_3d_0156-> 228/331 | 68%
[2026-04-11 01:22:31] [INFO] Chargement de robot_3d_0157-> 229/331 | 69%
[2026-04-11 01:22:31] [INFO] Chargement de robot_3d_0158-> 230/331 | 69%
[2026-04-11 01:22:31] [INFO] Chargement de robot_3d_0159-> 231/331 | 69%
[2026-04-11 01:22:31] [INFO] Chargement de robot_3d_0160-> 232/331 | 70%
[2026-04-11 01:22:31] [INFO] Chargement de robot_3d_0161-> 233/331 | 70%
[2026-04-11 01:22:31] [INFO] Chargement de robot_3d_0162-> 234/331 | 70%
[2026-04-11 01:22:31] [INFO] Chargement de robot_3d_0163-> 235/331 | 70%
[2026-04-11 01:22:31] [INFO] Chargement de robot_3d_0164-> 236/331 | 71%
[2026-04-11 01:22:31] [INFO] Chargement de robot_3d_0165-> 237/331 | 71%
[2026-04-11 01:22:31] [INFO] Chargement de robot_3d_0166-> 238/331 | 71%
[2026-04-11 01:22:31] [INFO] Chargement de robot_3d_0168-> 240/331 | 72%
[2026-04-11 01:22:31] [INFO] Chargement de robot_3d_0168-> 240/331 | 72%
[2026-04-11 01:22:31] [INFO] Chargement de robot_3d_0170-> 242/331 | 73%
[2026-04-11 01:22:31] [INFO] Chargement de robot_3d_0170-> 242/331 | 73%
[2026-04-11 01:22:31] [INFO] Chargement de robot_3d_0171-> 243/331 | 73%
[2026-04-11 01:22:31] [INFO] Chargement de robot_3d_0172-> 244/331 | 73%
[2026-04-11 01:22:31] [INFO] Chargement de robot_3d_0174-> 246/331 | 74%
[2026-04-11 01:22:31] [INFO] Chargement de robot_3d_0176-> 248/331 | 74%
[2026-04-11 01:22:31] [INFO] Chargement de robot_3d_0178-> 250/331 | 75%
[2026-04-11 01:22:31] [INFO] Chargement de robot_3d_0179-> 251/331 | 75%
[2026-04-11 01:22:31] [INFO] Chargement de robot_3d_0180-> 252/331 | 76%
[2026-04-11 01:22:31] [INFO] Chargement de robot_3d_0181-> 253/331 | 76%
[2026-04-11 01:22:31] [INFO] Chargement de robot_3d_0182-> 254/331 | 76%
[2026-04-11 01:22:31] [INFO] Chargement de robot_3d_0183-> 255/331 | 77%
[2026-04-11 01:22:31] [INFO] Chargement de robot_3d_0184-> 256/331 | 77%
[2026-04-11 01:22:31] [INFO] Chargement de robot_3d_0185-> 257/331 | 77%
[2026-04-11 01:22:31] [INFO] Chargement de robot_3d_0186-> 258/331 | 77%
[2026-04-11 01:22:31] [INFO] Chargement de robot_3d_0187-> 259/331 | 78%
[2026-04-11 01:22:31] [INFO] Chargement de robot_3d_0188-> 260/331 | 78%
[2026-04-11 01:22:31] [INFO] Chargement de robot_3d_0189-> 261/331 | 78%
[2026-04-11 01:22:31] [INFO] Chargement de robot_3d_0190-> 262/331 | 79%
[2026-04-11 01:22:31] [INFO] Chargement de robot_3d_0191-> 263/331 | 79%
[2026-04-11 01:22:31] [INFO] Chargement de robot_3d_0192-> 264/331 | 79%
[2026-04-11 01:22:31] [INFO] Chargement de robot_3d_0193-> 265/331 | 80%
[2026-04-11 01:22:31] [INFO] Chargement de robot_3d_0194-> 266/331 | 80%
[2026-04-11 01:22:31] [INFO] Chargement de robot_3d_0196-> 268/331 | 80%
[2026-04-11 01:22:31] [INFO] Chargement de robot_3d_0196-> 268/331 | 80%
[2026-04-11 01:22:31] [INFO] Chargement de robot_3d_0197-> 269/331 | 81%
[2026-04-11 01:22:31] [INFO] Chargement de robot_3d_0198-> 270/331 | 81%
[2026-04-11 01:22:31] [INFO] Chargement de robot_3d_0199-> 271/331 | 81%
[2026-04-11 01:22:31] [INFO] Chargement de robot_3d_0200-> 272/331 | 82%
[2026-04-11 01:22:31] [INFO] Chargement de robot_3d_0201-> 273/331 | 82%
[2026-04-11 01:22:31] [INFO] Chargement de robot_3d_0203-> 275/331 | 83%
[2026-04-11 01:22:31] [INFO] Chargement de robot_3d_0203-> 275/331 | 83%
[2026-04-11 01:22:31] [INFO] Chargement de robot_3d_0205-> 277/331 | 83%
[2026-04-11 01:22:31] [INFO] Chargement de robot_3d_0206-> 278/331 | 83%
[2026-04-11 01:22:31] [INFO] Chargement de robot_3d_0207-> 279/331 | 84%
[2026-04-11 01:22:31] [INFO] Chargement de robot_3d_0208-> 280/331 | 84%
[2026-04-11 01:22:31] [INFO] Chargement de robot_3d_0209-> 281/331 | 84%
[2026-04-11 01:22:31] [INFO] Chargement de robot_3d_0210-> 282/331 | 85%
[2026-04-11 01:22:31] [INFO] Chargement de robot_3d_0212-> 284/331 | 85%
[2026-04-11 01:22:31] [INFO] Chargement de robot_3d_0212-> 284/331 | 85%
[2026-04-11 01:22:31] [INFO] Chargement de robot_3d_0213-> 285/331 | 86%
[2026-04-11 01:22:31] [INFO] Chargement de robot_3d_0214-> 286/331 | 86%
[2026-04-11 01:22:31] [INFO] Chargement de robot_3d_0215-> 287/331 | 86%
[2026-04-11 01:22:31] [INFO] Chargement de robot_3d_0216-> 288/331 | 87%
[2026-04-11 01:22:31] [INFO] Chargement de robot_3d_0218-> 290/331 | 87%
[2026-04-11 01:22:31] [INFO] Chargement de robot_3d_0218-> 290/331 | 87%
[2026-04-11 01:22:31] [INFO] Chargement de robot_3d_0219-> 291/331 | 87%
[2026-04-11 01:22:31] [INFO] Chargement de robot_3d_0220-> 292/331 | 88%
[2026-04-11 01:22:31] [INFO] Chargement de robot_3d_0222-> 294/331 | 88%
[2026-04-11 01:22:31] [INFO] Chargement de robot_3d_0222-> 294/331 | 88%
[2026-04-11 01:22:31] [INFO] Chargement de robot_3d_0223-> 295/331 | 89%
[2026-04-11 01:22:31] [INFO] Chargement de robot_3d_0224-> 296/331 | 89%
[2026-04-11 01:22:31] [INFO] Chargement de robot_3d_0225-> 297/331 | 89%
[2026-04-11 01:22:31] [INFO] Chargement de robot_3d_0226-> 298/331 | 90%
[2026-04-11 01:22:31] [INFO] Chargement de robot_3d_0227-> 299/331 | 90%
[2026-04-11 01:22:31] [INFO] Chargement de robot_3d_0228-> 300/331 | 90%
[2026-04-11 01:22:31] [INFO] Chargement de robot_3d_0229-> 301/331 | 90%
[2026-04-11 01:22:31] [INFO] Chargement de robot_3d_0230-> 302/331 | 91%
[2026-04-11 01:22:31] [INFO] Chargement de robot_3d_0231-> 303/331 | 91%
[2026-04-11 01:22:31] [INFO] Chargement de robot_3d_0232-> 304/331 | 91%
[2026-04-11 01:22:31] [INFO] Chargement de robot_3d_0233-> 305/331 | 92%
[2026-04-11 01:22:31] [INFO] Chargement de robot_3d_0234-> 306/331 | 92%
[2026-04-11 01:22:31] [INFO] Chargement de robot_3d_0235-> 307/331 | 92%
[2026-04-11 01:22:31] [INFO] Chargement de robot_3d_0236-> 308/331 | 93%
[2026-04-11 01:22:31] [INFO] Chargement de robot_3d_0237-> 309/331 | 93%
[2026-04-11 01:22:31] [INFO] Chargement de robot_3d_0238-> 310/331 | 93%
[2026-04-11 01:22:31] [INFO] Chargement de robot_3d_0239-> 311/331 | 93%
[2026-04-11 01:22:31] [INFO] Chargement de robot_3d_0240-> 312/331 | 94%
[2026-04-11 01:22:31] [INFO] Chargement de water_7-> 320/331 | 96%
[2026-04-11 01:22:31] [INFO] Chargement de lava_7-> 328/331 | 99%
[2026-04-11 01:22:31] [INFO] Assets chargés, redirect vers play_menu
[2026-04-11 01:22:31] [INFO] Entrez dans play_menu avec le compte test1.json
[2026-04-11 01:23:09] [INFO] Entrez dans play_menu avec le compte test1.json
[2026-04-11 01:23:11] [ERROR] play ->
Traceback (most recent call last):
  File "d:\informatique_tfe\tfe\src\data\object\games\play.py", line 269, in play
    draw_background(background, background_pos, camera_y)
  File "d:\informatique_tfe\tfe\src\data\object\games\play.py", line 164, in draw_background
    screen.blit(img, (bx, by - int(camera_y * parallax)))
pygame.error: display Surface quit
[2026-04-11 01:23:11] [ERROR] play_menu ->
Traceback (most recent call last):
  File "d:\informatique_tfe\tfe\src\data\object\games\play_menu.py", line 96, in play_menu
    screen.blit(BACKGROUND, (0, 0))
pygame.error: display Surface quit
[2026-04-11 01:23:11] [INFO] Compte choisi -> True
[2026-04-11 01:23:11] [INFO] Main Menu
[2026-04-11 01:23:12] [INFO] Entrez dans compte
[2026-04-11 01:23:16] [INFO] Compte choisi -> True
[2026-04-11 01:23:16] [INFO] Main Menu
[2026-04-11 01:23:18] [INFO] Main Menu
[2026-04-20 10:43:05] [INFO] 



+///////////////////////////////////////////////////////////////////////////+

                Démarrage de Nexus Extraction

+///////////////////////////////////////////////////////////////////////////+

[2026-04-20 10:43:05] [INFO] 
+---------------------------- Bienvenue ! ----------------------------+

Bienvenue dans Nexus Extraction. Si vous lisez ceci, c’est que vous vous
trouvez actuellement dans les logs du jeu. Si vous êtes un joueur lambda,
cette fenêtre ne vous intéressera pas, mais ne la fermez pas, car cette
action entraînera la fermeture du jeu.

En cas de problème ou de plantage du jeu, merci de contacter le développeur
à l’adresse e-mail suivante : mouyelv@sjb-liege.org
en joignant les fichiers de logs qui se trouvent dans le dossier "logs/".

Merci de jouer à Nexus Extraction et bon jeu ;)

+-------------------------------- LOGS --------------------------------+

[2026-04-20 10:43:05] [INFO] Main Menu
[2026-04-20 10:43:12] [INFO] Entrez dans compte
[2026-04-20 10:43:13] [INFO] Entrez dans load_menu avec le compte -> test1.json
[2026-04-20 10:43:13] [INFO] Chargement de title-> 1/331 | 0%
[2026-04-20 10:43:14] [INFO] Chargement de creator-> 2/331 | 0%
[2026-04-20 10:43:14] [INFO] Chargement de creator-> 2/331 | 0%
[2026-04-20 10:43:14] [INFO] Chargement de creator-> 2/331 | 0%
[2026-04-20 10:43:14] [INFO] Chargement de creator-> 2/331 | 0%
[2026-04-20 10:43:14] [INFO] Chargement de creator-> 2/331 | 0%
[2026-04-20 10:43:14] [INFO] Chargement de creator-> 2/331 | 0%
[2026-04-20 10:43:14] [INFO] Chargement de the_void-> 4/331 | 1%
[2026-04-20 10:43:14] [INFO] Chargement de the_void-> 4/331 | 1%
[2026-04-20 10:43:14] [INFO] Chargement de the_void_full-> 5/331 | 1%
[2026-04-20 10:43:14] [INFO] Chargement de underground_1-> 6/331 | 1%
[2026-04-20 10:43:14] [INFO] Chargement de underground_2-> 7/331 | 2%
[2026-04-20 10:43:14] [INFO] Chargement de underground_2-> 7/331 | 2%
[2026-04-20 10:43:14] [INFO] Chargement de underground_2-> 7/331 | 2%
[2026-04-20 10:43:14] [INFO] Chargement de underground_2-> 7/331 | 2%
[2026-04-20 10:43:14] [INFO] Chargement de underground_2-> 7/331 | 2%
[2026-04-20 10:43:14] [INFO] Chargement de underground_2-> 7/331 | 2%
[2026-04-20 10:43:14] [INFO] Chargement de underground_2-> 7/331 | 2%
[2026-04-20 10:43:14] [INFO] Chargement de underground_2-> 7/331 | 2%
[2026-04-20 10:43:14] [INFO] Chargement de underground_3-> 8/331 | 2%
[2026-04-20 10:43:14] [INFO] Chargement de btn_play_menu-> 9/331 | 2%
[2026-04-20 10:43:14] [INFO] Chargement de btn_play_menu-> 9/331 | 2%
[2026-04-20 10:43:14] [INFO] Chargement de btn_boutique_menu-> 10/331 | 3%
[2026-04-20 10:43:14] [INFO] Chargement de btn_boutique_menu-> 10/331 | 3%
[2026-04-20 10:43:14] [INFO] Chargement de btn_option_menu-> 11/331 | 3%
[2026-04-20 10:43:14] [INFO] Chargement de btn_option_menu-> 11/331 | 3%
[2026-04-20 10:43:14] [INFO] Chargement de btn_option_menu-> 11/331 | 3%
[2026-04-20 10:43:14] [INFO] Chargement de btn_play-> 12/331 | 3%
[2026-04-20 10:43:14] [INFO] Chargement de btn_play-> 12/331 | 3%
[2026-04-20 10:43:14] [INFO] Chargement de btn_quitter-> 13/331 | 3%
[2026-04-20 10:43:14] [INFO] Chargement de btn_quitter-> 13/331 | 3%
[2026-04-20 10:43:14] [INFO] Chargement de refresh_btn-> 15/331 | 4%
[2026-04-20 10:43:14] [INFO] Chargement de boutique_frame-> 18/331 | 5%
[2026-04-20 10:43:14] [INFO] Chargement de inventory-> 21/331 | 6%
[2026-04-20 10:43:14] [INFO] Chargement de danger-> 23/331 | 6%
[2026-04-20 10:43:14] [INFO] Chargement de pression_icon-> 24/331 | 7%
[2026-04-20 10:43:15] [INFO] Chargement de stairs-> 28/331 | 8%
[2026-04-20 10:43:15] [INFO] Chargement de emerald_ore-> 31/331 | 9%
[2026-04-20 10:43:15] [INFO] Chargement de oak_strairs_R-> 35/331 | 10%
[2026-04-20 10:43:15] [INFO] Chargement de deepslate_coal_ore-> 38/331 | 11%
[2026-04-20 10:43:15] [INFO] Chargement de deepslate_diamond_ore-> 42/331 | 12%
[2026-04-20 10:43:15] [INFO] Chargement de cobblestone-> 47/331 | 14%
[2026-04-20 10:43:15] [INFO] Chargement de water_full-> 50/331 | 15%
[2026-04-20 10:43:15] [INFO] Chargement de robot_1-> 54/331 | 16%
[2026-04-20 10:43:15] [INFO] Chargement de robot_4-> 57/331 | 17%
[2026-04-20 10:43:15] [INFO] Chargement de robot_8-> 61/331 | 18%
[2026-04-20 10:43:15] [INFO] Chargement de robot_50-> 65/331 | 19%
[2026-04-20 10:43:15] [INFO] Chargement de bird_0-> 69/331 | 20%
[2026-04-20 10:43:15] [INFO] Chargement de bird_3-> 72/331 | 21%
[2026-04-20 10:43:15] [INFO] Chargement de robot_3d_0002-> 74/331 | 22%
[2026-04-20 10:43:15] [INFO] Chargement de robot_3d_0003-> 75/331 | 22%
[2026-04-20 10:43:15] [INFO] Chargement de robot_3d_0004-> 76/331 | 22%
[2026-04-20 10:43:15] [INFO] Chargement de robot_3d_0005-> 77/331 | 23%
[2026-04-20 10:43:15] [INFO] Chargement de robot_3d_0006-> 78/331 | 23%
[2026-04-20 10:43:15] [INFO] Chargement de robot_3d_0007-> 79/331 | 23%
[2026-04-20 10:43:15] [INFO] Chargement de robot_3d_0008-> 80/331 | 24%
[2026-04-20 10:43:15] [INFO] Chargement de robot_3d_0009-> 81/331 | 24%
[2026-04-20 10:43:16] [INFO] Chargement de robot_3d_0010-> 82/331 | 24%
[2026-04-20 10:43:16] [INFO] Chargement de robot_3d_0011-> 83/331 | 25%
[2026-04-20 10:43:16] [INFO] Chargement de robot_3d_0012-> 84/331 | 25%
[2026-04-20 10:43:16] [INFO] Chargement de robot_3d_0013-> 85/331 | 25%
[2026-04-20 10:43:16] [INFO] Chargement de robot_3d_0014-> 86/331 | 25%
[2026-04-20 10:43:16] [INFO] Chargement de robot_3d_0015-> 87/331 | 26%
[2026-04-20 10:43:16] [INFO] Chargement de robot_3d_0015-> 87/331 | 26%
[2026-04-20 10:43:16] [INFO] Chargement de robot_3d_0016-> 88/331 | 26%
[2026-04-20 10:43:16] [INFO] Chargement de robot_3d_0017-> 89/331 | 26%
[2026-04-20 10:43:16] [INFO] Chargement de robot_3d_0018-> 90/331 | 27%
[2026-04-20 10:43:16] [INFO] Chargement de robot_3d_0019-> 91/331 | 27%
[2026-04-20 10:43:16] [INFO] Chargement de robot_3d_0020-> 92/331 | 27%
[2026-04-20 10:43:16] [INFO] Chargement de robot_3d_0021-> 93/331 | 28%
[2026-04-20 10:43:16] [INFO] Chargement de robot_3d_0022-> 94/331 | 28%
[2026-04-20 10:43:16] [INFO] Chargement de robot_3d_0023-> 95/331 | 28%
[2026-04-20 10:43:16] [INFO] Chargement de robot_3d_0024-> 96/331 | 29%
[2026-04-20 10:43:16] [INFO] Chargement de robot_3d_0025-> 97/331 | 29%
[2026-04-20 10:43:16] [INFO] Chargement de robot_3d_0026-> 98/331 | 29%
[2026-04-20 10:43:16] [INFO] Chargement de robot_3d_0027-> 99/331 | 29%
[2026-04-20 10:43:16] [INFO] Chargement de robot_3d_0028-> 100/331 | 30%
[2026-04-20 10:43:16] [INFO] Chargement de robot_3d_0029-> 101/331 | 30%
[2026-04-20 10:43:16] [INFO] Chargement de robot_3d_0030-> 102/331 | 30%
[2026-04-20 10:43:16] [INFO] Chargement de robot_3d_0031-> 103/331 | 31%
[2026-04-20 10:43:16] [INFO] Chargement de robot_3d_0032-> 104/331 | 31%
[2026-04-20 10:43:16] [INFO] Chargement de robot_3d_0033-> 105/331 | 31%
[2026-04-20 10:43:16] [INFO] Chargement de robot_3d_0034-> 106/331 | 32%
[2026-04-20 10:43:16] [INFO] Chargement de robot_3d_0035-> 107/331 | 32%
[2026-04-20 10:43:16] [INFO] Chargement de robot_3d_0036-> 108/331 | 32%
[2026-04-20 10:43:16] [INFO] Chargement de robot_3d_0037-> 109/331 | 32%
[2026-04-20 10:43:16] [INFO] Chargement de robot_3d_0038-> 110/331 | 33%
[2026-04-20 10:43:16] [INFO] Chargement de robot_3d_0039-> 111/331 | 33%
[2026-04-20 10:43:16] [INFO] Chargement de robot_3d_0040-> 112/331 | 33%
[2026-04-20 10:43:16] [INFO] Chargement de robot_3d_0041-> 113/331 | 34%
[2026-04-20 10:43:16] [INFO] Chargement de robot_3d_0042-> 114/331 | 34%
[2026-04-20 10:43:16] [INFO] Chargement de robot_3d_0043-> 115/331 | 34%
[2026-04-20 10:43:16] [INFO] Chargement de robot_3d_0044-> 116/331 | 35%
[2026-04-20 10:43:16] [INFO] Chargement de robot_3d_0045-> 117/331 | 35%
[2026-04-20 10:43:16] [INFO] Chargement de robot_3d_0046-> 118/331 | 35%
[2026-04-20 10:43:16] [INFO] Chargement de robot_3d_0047-> 119/331 | 35%
[2026-04-20 10:43:16] [INFO] Chargement de robot_3d_0048-> 120/331 | 36%
[2026-04-20 10:43:16] [INFO] Chargement de robot_3d_0049-> 121/331 | 36%
[2026-04-20 10:43:16] [INFO] Chargement de robot_3d_0050-> 122/331 | 36%
[2026-04-20 10:43:16] [INFO] Chargement de robot_3d_0051-> 123/331 | 37%
[2026-04-20 10:43:16] [INFO] Chargement de robot_3d_0052-> 124/331 | 37%
[2026-04-20 10:43:17] [INFO] Chargement de robot_3d_0053-> 125/331 | 37%
[2026-04-20 10:43:17] [INFO] Chargement de robot_3d_0054-> 126/331 | 38%
[2026-04-20 10:43:17] [INFO] Chargement de robot_3d_0055-> 127/331 | 38%
[2026-04-20 10:43:17] [INFO] Chargement de robot_3d_0056-> 128/331 | 38%
[2026-04-20 10:43:17] [INFO] Chargement de robot_3d_0057-> 129/331 | 38%
[2026-04-20 10:43:17] [INFO] Chargement de robot_3d_0058-> 130/331 | 39%
[2026-04-20 10:43:17] [INFO] Chargement de robot_3d_0059-> 131/331 | 39%
[2026-04-20 10:43:17] [INFO] Chargement de robot_3d_0061-> 133/331 | 40%
[2026-04-20 10:43:17] [INFO] Chargement de robot_3d_0061-> 133/331 | 40%
[2026-04-20 10:43:17] [INFO] Chargement de robot_3d_0062-> 134/331 | 40%
[2026-04-20 10:43:17] [INFO] Chargement de robot_3d_0063-> 135/331 | 40%
[2026-04-20 10:43:17] [INFO] Chargement de robot_3d_0064-> 136/331 | 41%
[2026-04-20 10:43:17] [INFO] Chargement de robot_3d_0065-> 137/331 | 41%
[2026-04-20 10:43:17] [INFO] Chargement de robot_3d_0066-> 138/331 | 41%
[2026-04-20 10:43:17] [INFO] Chargement de robot_3d_0067-> 139/331 | 41%
[2026-04-20 10:43:17] [INFO] Chargement de robot_3d_0068-> 140/331 | 42%
[2026-04-20 10:43:17] [INFO] Chargement de robot_3d_0069-> 141/331 | 42%
[2026-04-20 10:43:17] [INFO] Chargement de robot_3d_0070-> 142/331 | 42%
[2026-04-20 10:43:17] [INFO] Chargement de robot_3d_0071-> 143/331 | 43%
[2026-04-20 10:43:17] [INFO] Chargement de robot_3d_0072-> 144/331 | 43%
[2026-04-20 10:43:17] [INFO] Chargement de robot_3d_0073-> 145/331 | 43%
[2026-04-20 10:43:17] [INFO] Chargement de robot_3d_0074-> 146/331 | 44%
[2026-04-20 10:43:17] [INFO] Chargement de robot_3d_0075-> 147/331 | 44%
[2026-04-20 10:43:17] [INFO] Chargement de robot_3d_0076-> 148/331 | 44%
[2026-04-20 10:43:17] [INFO] Chargement de robot_3d_0077-> 149/331 | 45%
[2026-04-20 10:43:17] [INFO] Chargement de robot_3d_0078-> 150/331 | 45%
[2026-04-20 10:43:17] [INFO] Chargement de robot_3d_0079-> 151/331 | 45%
[2026-04-20 10:43:17] [INFO] Chargement de robot_3d_0080-> 152/331 | 45%
[2026-04-20 10:43:17] [INFO] Chargement de robot_3d_0081-> 153/331 | 46%
[2026-04-20 10:43:17] [INFO] Chargement de robot_3d_0082-> 154/331 | 46%
[2026-04-20 10:43:17] [INFO] Chargement de robot_3d_0083-> 155/331 | 46%
[2026-04-20 10:43:17] [INFO] Chargement de robot_3d_0084-> 156/331 | 47%
[2026-04-20 10:43:17] [INFO] Chargement de robot_3d_0085-> 157/331 | 47%
[2026-04-20 10:43:17] [INFO] Chargement de robot_3d_0086-> 158/331 | 47%
[2026-04-20 10:43:17] [INFO] Chargement de robot_3d_0087-> 159/331 | 48%
[2026-04-20 10:43:17] [INFO] Chargement de robot_3d_0088-> 160/331 | 48%
[2026-04-20 10:43:17] [INFO] Chargement de robot_3d_0089-> 161/331 | 48%
[2026-04-20 10:43:17] [INFO] Chargement de robot_3d_0090-> 162/331 | 48%
[2026-04-20 10:43:17] [INFO] Chargement de robot_3d_0091-> 163/331 | 49%
[2026-04-20 10:43:17] [INFO] Chargement de robot_3d_0092-> 164/331 | 49%
[2026-04-20 10:43:17] [INFO] Chargement de robot_3d_0093-> 165/331 | 49%
[2026-04-20 10:43:17] [INFO] Chargement de robot_3d_0094-> 166/331 | 50%
[2026-04-20 10:43:17] [INFO] Chargement de robot_3d_0095-> 167/331 | 50%
[2026-04-20 10:43:17] [INFO] Chargement de robot_3d_0096-> 168/331 | 50%
[2026-04-20 10:43:18] [INFO] Chargement de robot_3d_0097-> 169/331 | 51%
[2026-04-20 10:43:18] [INFO] Chargement de robot_3d_0098-> 170/331 | 51%
[2026-04-20 10:43:18] [INFO] Chargement de robot_3d_0099-> 171/331 | 51%
[2026-04-20 10:43:18] [INFO] Chargement de robot_3d_0100-> 172/331 | 51%
[2026-04-20 10:43:18] [INFO] Chargement de robot_3d_0101-> 173/331 | 52%
[2026-04-20 10:43:18] [INFO] Chargement de robot_3d_0102-> 174/331 | 52%
[2026-04-20 10:43:18] [INFO] Chargement de robot_3d_0103-> 175/331 | 52%
[2026-04-20 10:43:18] [INFO] Chargement de robot_3d_0104-> 176/331 | 53%
[2026-04-20 10:43:18] [INFO] Chargement de robot_3d_0105-> 177/331 | 53%
[2026-04-20 10:43:18] [INFO] Chargement de robot_3d_0106-> 178/331 | 53%
[2026-04-20 10:43:18] [INFO] Chargement de robot_3d_0107-> 179/331 | 54%
[2026-04-20 10:43:18] [INFO] Chargement de robot_3d_0108-> 180/331 | 54%
[2026-04-20 10:43:18] [INFO] Chargement de robot_3d_0109-> 181/331 | 54%
[2026-04-20 10:43:18] [INFO] Chargement de robot_3d_0111-> 183/331 | 55%
[2026-04-20 10:43:18] [INFO] Chargement de robot_3d_0112-> 184/331 | 55%
[2026-04-20 10:43:18] [INFO] Chargement de robot_3d_0113-> 185/331 | 55%
[2026-04-20 10:43:18] [INFO] Chargement de robot_3d_0114-> 186/331 | 56%
[2026-04-20 10:43:18] [INFO] Chargement de robot_3d_0115-> 187/331 | 56%
[2026-04-20 10:43:18] [INFO] Chargement de robot_3d_0116-> 188/331 | 56%
[2026-04-20 10:43:18] [INFO] Chargement de robot_3d_0117-> 189/331 | 57%
[2026-04-20 10:43:18] [INFO] Chargement de robot_3d_0118-> 190/331 | 57%
[2026-04-20 10:43:18] [INFO] Chargement de robot_3d_0119-> 191/331 | 57%
[2026-04-20 10:43:18] [INFO] Chargement de robot_3d_0120-> 192/331 | 58%
[2026-04-20 10:43:18] [INFO] Chargement de robot_3d_0121-> 193/331 | 58%
[2026-04-20 10:43:18] [INFO] Chargement de robot_3d_0122-> 194/331 | 58%
[2026-04-20 10:43:18] [INFO] Chargement de robot_3d_0123-> 195/331 | 58%
[2026-04-20 10:43:18] [INFO] Chargement de robot_3d_0124-> 196/331 | 59%
[2026-04-20 10:43:18] [INFO] Chargement de robot_3d_0125-> 197/331 | 59%
[2026-04-20 10:43:18] [INFO] Chargement de robot_3d_0126-> 198/331 | 59%
[2026-04-20 10:43:18] [INFO] Chargement de robot_3d_0127-> 199/331 | 60%
[2026-04-20 10:43:18] [INFO] Chargement de robot_3d_0128-> 200/331 | 60%
[2026-04-20 10:43:18] [INFO] Chargement de robot_3d_0129-> 201/331 | 60%
[2026-04-20 10:43:18] [INFO] Chargement de robot_3d_0130-> 202/331 | 61%
[2026-04-20 10:43:18] [INFO] Chargement de robot_3d_0131-> 203/331 | 61%
[2026-04-20 10:43:18] [INFO] Chargement de robot_3d_0132-> 204/331 | 61%
[2026-04-20 10:43:18] [INFO] Chargement de robot_3d_0133-> 205/331 | 61%
[2026-04-20 10:43:18] [INFO] Chargement de robot_3d_0134-> 206/331 | 62%
[2026-04-20 10:43:18] [INFO] Chargement de robot_3d_0135-> 207/331 | 62%
[2026-04-20 10:43:18] [INFO] Chargement de robot_3d_0136-> 208/331 | 62%
[2026-04-20 10:43:18] [INFO] Chargement de robot_3d_0137-> 209/331 | 63%
[2026-04-20 10:43:18] [INFO] Chargement de robot_3d_0138-> 210/331 | 63%
[2026-04-20 10:43:18] [INFO] Chargement de robot_3d_0139-> 211/331 | 63%
[2026-04-20 10:43:18] [INFO] Chargement de robot_3d_0140-> 212/331 | 64%
[2026-04-20 10:43:18] [INFO] Chargement de robot_3d_0141-> 213/331 | 64%
[2026-04-20 10:43:18] [INFO] Chargement de robot_3d_0142-> 214/331 | 64%
[2026-04-20 10:43:19] [INFO] Chargement de robot_3d_0143-> 215/331 | 64%
[2026-04-20 10:43:19] [INFO] Chargement de robot_3d_0144-> 216/331 | 65%
[2026-04-20 10:43:19] [INFO] Chargement de robot_3d_0145-> 217/331 | 65%
[2026-04-20 10:43:19] [INFO] Chargement de robot_3d_0146-> 218/331 | 65%
[2026-04-20 10:43:19] [INFO] Chargement de robot_3d_0147-> 219/331 | 66%
[2026-04-20 10:43:19] [INFO] Chargement de robot_3d_0148-> 220/331 | 66%
[2026-04-20 10:43:19] [INFO] Chargement de robot_3d_0149-> 221/331 | 66%
[2026-04-20 10:43:19] [INFO] Chargement de robot_3d_0150-> 222/331 | 67%
[2026-04-20 10:43:19] [INFO] Chargement de robot_3d_0151-> 223/331 | 67%
[2026-04-20 10:43:19] [INFO] Chargement de robot_3d_0152-> 224/331 | 67%
[2026-04-20 10:43:19] [INFO] Chargement de robot_3d_0153-> 225/331 | 67%
[2026-04-20 10:43:19] [INFO] Chargement de robot_3d_0154-> 226/331 | 68%
[2026-04-20 10:43:19] [INFO] Chargement de robot_3d_0155-> 227/331 | 68%
[2026-04-20 10:43:19] [INFO] Chargement de robot_3d_0156-> 228/331 | 68%
[2026-04-20 10:43:19] [INFO] Chargement de robot_3d_0157-> 229/331 | 69%
[2026-04-20 10:43:19] [INFO] Chargement de robot_3d_0158-> 230/331 | 69%
[2026-04-20 10:43:19] [INFO] Chargement de robot_3d_0159-> 231/331 | 69%
[2026-04-20 10:43:19] [INFO] Chargement de robot_3d_0160-> 232/331 | 70%
[2026-04-20 10:43:19] [INFO] Chargement de robot_3d_0161-> 233/331 | 70%
[2026-04-20 10:43:19] [INFO] Chargement de robot_3d_0162-> 234/331 | 70%
[2026-04-20 10:43:19] [INFO] Chargement de robot_3d_0163-> 235/331 | 70%
[2026-04-20 10:43:19] [INFO] Chargement de robot_3d_0164-> 236/331 | 71%
[2026-04-20 10:43:19] [INFO] Chargement de robot_3d_0165-> 237/331 | 71%
[2026-04-20 10:43:19] [INFO] Chargement de robot_3d_0166-> 238/331 | 71%
[2026-04-20 10:43:19] [INFO] Chargement de robot_3d_0167-> 239/331 | 72%
[2026-04-20 10:43:19] [INFO] Chargement de robot_3d_0168-> 240/331 | 72%
[2026-04-20 10:43:19] [INFO] Chargement de robot_3d_0169-> 241/331 | 72%
[2026-04-20 10:43:19] [INFO] Chargement de robot_3d_0170-> 242/331 | 73%
[2026-04-20 10:43:19] [INFO] Chargement de robot_3d_0171-> 243/331 | 73%
[2026-04-20 10:43:19] [INFO] Chargement de robot_3d_0172-> 244/331 | 73%
[2026-04-20 10:43:19] [INFO] Chargement de robot_3d_0173-> 245/331 | 74%
[2026-04-20 10:43:19] [INFO] Chargement de robot_3d_0174-> 246/331 | 74%
[2026-04-20 10:43:19] [INFO] Chargement de robot_3d_0175-> 247/331 | 74%
[2026-04-20 10:43:19] [INFO] Chargement de robot_3d_0176-> 248/331 | 74%
[2026-04-20 10:43:19] [INFO] Chargement de robot_3d_0177-> 249/331 | 75%
[2026-04-20 10:43:19] [INFO] Chargement de robot_3d_0178-> 250/331 | 75%
[2026-04-20 10:43:19] [INFO] Chargement de robot_3d_0179-> 251/331 | 75%
[2026-04-20 10:43:19] [INFO] Chargement de robot_3d_0180-> 252/331 | 76%
[2026-04-20 10:43:19] [INFO] Chargement de robot_3d_0181-> 253/331 | 76%
[2026-04-20 10:43:19] [INFO] Chargement de robot_3d_0182-> 254/331 | 76%
[2026-04-20 10:43:19] [INFO] Chargement de robot_3d_0183-> 255/331 | 77%
[2026-04-20 10:43:19] [INFO] Chargement de robot_3d_0184-> 256/331 | 77%
[2026-04-20 10:43:19] [INFO] Chargement de robot_3d_0185-> 257/331 | 77%
[2026-04-20 10:43:19] [INFO] Chargement de robot_3d_0186-> 258/331 | 77%
[2026-04-20 10:43:19] [INFO] Chargement de robot_3d_0187-> 259/331 | 78%
[2026-04-20 10:43:19] [INFO] Chargement de robot_3d_0188-> 260/331 | 78%
[2026-04-20 10:43:20] [INFO] Chargement de robot_3d_0189-> 261/331 | 78%
[2026-04-20 10:43:20] [INFO] Chargement de robot_3d_0190-> 262/331 | 79%
[2026-04-20 10:43:20] [INFO] Chargement de robot_3d_0191-> 263/331 | 79%
[2026-04-20 10:43:20] [INFO] Chargement de robot_3d_0192-> 264/331 | 79%
[2026-04-20 10:43:20] [INFO] Chargement de robot_3d_0193-> 265/331 | 80%
[2026-04-20 10:43:20] [INFO] Chargement de robot_3d_0194-> 266/331 | 80%
[2026-04-20 10:43:20] [INFO] Chargement de robot_3d_0195-> 267/331 | 80%
[2026-04-20 10:43:20] [INFO] Chargement de robot_3d_0196-> 268/331 | 80%
[2026-04-20 10:43:20] [INFO] Chargement de robot_3d_0197-> 269/331 | 81%
[2026-04-20 10:43:20] [INFO] Chargement de robot_3d_0198-> 270/331 | 81%
[2026-04-20 10:43:20] [INFO] Chargement de robot_3d_0199-> 271/331 | 81%
[2026-04-20 10:43:20] [INFO] Chargement de robot_3d_0200-> 272/331 | 82%
[2026-04-20 10:43:20] [INFO] Chargement de robot_3d_0201-> 273/331 | 82%
[2026-04-20 10:43:20] [INFO] Chargement de robot_3d_0202-> 274/331 | 82%
[2026-04-20 10:43:20] [INFO] Chargement de robot_3d_0203-> 275/331 | 83%
[2026-04-20 10:43:20] [INFO] Chargement de robot_3d_0204-> 276/331 | 83%
[2026-04-20 10:43:20] [INFO] Chargement de robot_3d_0205-> 277/331 | 83%
[2026-04-20 10:43:20] [INFO] Chargement de robot_3d_0206-> 278/331 | 83%
[2026-04-20 10:43:20] [INFO] Chargement de robot_3d_0207-> 279/331 | 84%
[2026-04-20 10:43:20] [INFO] Chargement de robot_3d_0208-> 280/331 | 84%
[2026-04-20 10:43:20] [INFO] Chargement de robot_3d_0209-> 281/331 | 84%
[2026-04-20 10:43:20] [INFO] Chargement de robot_3d_0210-> 282/331 | 85%
[2026-04-20 10:43:20] [INFO] Chargement de robot_3d_0211-> 283/331 | 85%
[2026-04-20 10:43:20] [INFO] Chargement de robot_3d_0212-> 284/331 | 85%
[2026-04-20 10:43:20] [INFO] Chargement de robot_3d_0213-> 285/331 | 86%
[2026-04-20 10:43:20] [INFO] Chargement de robot_3d_0214-> 286/331 | 86%
[2026-04-20 10:43:20] [INFO] Chargement de robot_3d_0215-> 287/331 | 86%
[2026-04-20 10:43:20] [INFO] Chargement de robot_3d_0216-> 288/331 | 87%
[2026-04-20 10:43:20] [INFO] Chargement de robot_3d_0217-> 289/331 | 87%
[2026-04-20 10:43:20] [INFO] Chargement de robot_3d_0218-> 290/331 | 87%
[2026-04-20 10:43:20] [INFO] Chargement de robot_3d_0219-> 291/331 | 87%
[2026-04-20 10:43:20] [INFO] Chargement de robot_3d_0220-> 292/331 | 88%
[2026-04-20 10:43:20] [INFO] Chargement de robot_3d_0221-> 293/331 | 88%
[2026-04-20 10:43:20] [INFO] Chargement de robot_3d_0222-> 294/331 | 88%
[2026-04-20 10:43:20] [INFO] Chargement de robot_3d_0223-> 295/331 | 89%
[2026-04-20 10:43:20] [INFO] Chargement de robot_3d_0224-> 296/331 | 89%
[2026-04-20 10:43:20] [INFO] Chargement de robot_3d_0225-> 297/331 | 89%
[2026-04-20 10:43:20] [INFO] Chargement de robot_3d_0226-> 298/331 | 90%
[2026-04-20 10:43:20] [INFO] Chargement de robot_3d_0227-> 299/331 | 90%
[2026-04-20 10:43:20] [INFO] Chargement de robot_3d_0228-> 300/331 | 90%
[2026-04-20 10:43:20] [INFO] Chargement de robot_3d_0229-> 301/331 | 90%
[2026-04-20 10:43:20] [INFO] Chargement de robot_3d_0230-> 302/331 | 91%
[2026-04-20 10:43:20] [INFO] Chargement de robot_3d_0231-> 303/331 | 91%
[2026-04-20 10:43:20] [INFO] Chargement de robot_3d_0232-> 304/331 | 91%
[2026-04-20 10:43:20] [INFO] Chargement de robot_3d_0233-> 305/331 | 92%
[2026-04-20 10:43:20] [INFO] Chargement de robot_3d_0234-> 306/331 | 92%
[2026-04-20 10:43:21] [INFO] Chargement de robot_3d_0235-> 307/331 | 92%
[2026-04-20 10:43:21] [INFO] Chargement de robot_3d_0236-> 308/331 | 93%
[2026-04-20 10:43:21] [INFO] Chargement de robot_3d_0237-> 309/331 | 93%
[2026-04-20 10:43:21] [INFO] Chargement de robot_3d_0238-> 310/331 | 93%
[2026-04-20 10:43:21] [INFO] Chargement de robot_3d_0239-> 311/331 | 93%
[2026-04-20 10:43:21] [INFO] Chargement de robot_3d_0240-> 312/331 | 94%
[2026-04-20 10:43:21] [INFO] Chargement de water_1-> 314/331 | 94%
[2026-04-20 10:43:21] [INFO] Chargement de water_4-> 317/331 | 95%
[2026-04-20 10:43:21] [INFO] Chargement de lava_0-> 321/331 | 96%
[2026-04-20 10:43:21] [INFO] Chargement de lava_4-> 325/331 | 98%
[2026-04-20 10:43:21] [INFO] Chargement de lava_6-> 327/331 | 98%
[2026-04-20 10:43:21] [INFO] Chargement de rocket_0-> 329/331 | 99%
[2026-04-20 10:43:21] [INFO] Assets chargés, redirect vers play_menu
[2026-04-20 10:43:21] [INFO] Entrez dans play_menu avec le compte test1.json
[2026-04-20 10:43:29] [INFO] Compte choisi -> True
[2026-04-20 10:43:29] [INFO] Main Menu
[2026-04-20 10:43:30] [INFO] +------ Fin du jeux -----+
[2026-04-20 10:47:25] [INFO] 



+///////////////////////////////////////////////////////////////////////////+

                Démarrage de Nexus Extraction

+///////////////////////////////////////////////////////////////////////////+

[2026-04-20 10:47:25] [INFO] 
+---------------------------- Bienvenue ! ----------------------------+

Bienvenue dans Nexus Extraction. Si vous lisez ceci, c’est que vous vous
trouvez actuellement dans les logs du jeu. Si vous êtes un joueur lambda,
cette fenêtre ne vous intéressera pas, mais ne la fermez pas, car cette
action entraînera la fermeture du jeu.

En cas de problème ou de plantage du jeu, merci de contacter le développeur
à l’adresse e-mail suivante : mouyelv@sjb-liege.org
en joignant les fichiers de logs qui se trouvent dans le dossier "logs/".

Merci de jouer à Nexus Extraction et bon jeu ;)

+-------------------------------- LOGS --------------------------------+

[2026-04-20 10:47:25] [INFO] Main Menu
[2026-04-20 10:47:27] [INFO] Entrez dans compte
[2026-04-20 10:48:18] [INFO] Entrez dans load_menu avec le compte -> tsukira2.json
[2026-04-20 10:48:18] [INFO] Chargement de creator-> 2/331 | 0%
[2026-04-20 10:48:18] [INFO] Chargement de creator-> 2/331 | 0%
[2026-04-20 10:48:18] [INFO] Chargement de the_void-> 4/331 | 1%
[2026-04-20 10:48:18] [INFO] Chargement de the_void_full-> 5/331 | 1%
[2026-04-20 10:48:18] [INFO] Chargement de underground_1-> 6/331 | 1%
[2026-04-20 10:48:18] [INFO] Chargement de underground_2-> 7/331 | 2%
[2026-04-20 10:48:18] [INFO] Chargement de underground_3-> 8/331 | 2%
[2026-04-20 10:48:18] [INFO] Chargement de underground_3-> 8/331 | 2%
[2026-04-20 10:48:18] [INFO] Chargement de btn_play_menu-> 9/331 | 2%
[2026-04-20 10:48:19] [INFO] Chargement de btn_play_menu-> 9/331 | 2%
[2026-04-20 10:48:19] [INFO] Chargement de btn_boutique_menu-> 10/331 | 3%
[2026-04-20 10:48:19] [INFO] Chargement de btn_boutique_menu-> 10/331 | 3%
[2026-04-20 10:48:19] [INFO] Chargement de btn_option_menu-> 11/331 | 3%
[2026-04-20 10:48:19] [INFO] Chargement de btn_option_menu-> 11/331 | 3%
[2026-04-20 10:48:19] [INFO] Chargement de btn_play-> 12/331 | 3%
[2026-04-20 10:48:19] [INFO] Chargement de btn_play-> 12/331 | 3%
[2026-04-20 10:48:19] [INFO] Chargement de btn_quitter-> 13/331 | 3%
[2026-04-20 10:48:19] [INFO] Chargement de btn_quitter-> 13/331 | 3%
[2026-04-20 10:48:19] [INFO] Chargement de barre_laterale-> 16/331 | 4%
[2026-04-20 10:48:19] [INFO] Chargement de boutique_frame-> 18/331 | 5%
[2026-04-20 10:48:19] [INFO] Chargement de boutique_pression-> 20/331 | 6%
[2026-04-20 10:48:19] [INFO] Chargement de blue_storm-> 22/331 | 6%
[2026-04-20 10:48:19] [INFO] Chargement de pression_icon-> 24/331 | 7%
[2026-04-20 10:48:19] [INFO] Chargement de emerald_ore-> 31/331 | 9%
[2026-04-20 10:48:19] [INFO] Chargement de deepslate_coal_ore-> 38/331 | 11%
[2026-04-20 10:48:19] [INFO] Chargement de lapis_ore-> 46/331 | 13%
[2026-04-20 10:48:19] [INFO] Chargement de lava_full-> 51/331 | 15%
[2026-04-20 10:48:19] [INFO] Chargement de robot_7-> 60/331 | 18%
[2026-04-20 10:48:19] [INFO] Chargement de bird_2-> 71/331 | 21%
[2026-04-20 10:48:19] [INFO] Chargement de robot_3d_0002-> 74/331 | 22%
[2026-04-20 10:48:19] [INFO] Chargement de robot_3d_0003-> 75/331 | 22%
[2026-04-20 10:48:19] [INFO] Chargement de robot_3d_0003-> 75/331 | 22%
[2026-04-20 10:48:19] [INFO] Chargement de robot_3d_0005-> 77/331 | 23%
[2026-04-20 10:48:19] [INFO] Chargement de robot_3d_0006-> 78/331 | 23%
[2026-04-20 10:48:19] [INFO] Chargement de robot_3d_0007-> 79/331 | 23%
[2026-04-20 10:48:19] [INFO] Chargement de robot_3d_0008-> 80/331 | 24%
[2026-04-20 10:48:19] [INFO] Chargement de robot_3d_0010-> 82/331 | 24%
[2026-04-20 10:48:19] [INFO] Chargement de robot_3d_0011-> 83/331 | 25%
[2026-04-20 10:48:19] [INFO] Chargement de robot_3d_0012-> 84/331 | 25%
[2026-04-20 10:48:19] [INFO] Chargement de robot_3d_0012-> 84/331 | 25%
[2026-04-20 10:48:19] [INFO] Chargement de robot_3d_0014-> 86/331 | 25%
[2026-04-20 10:48:19] [INFO] Chargement de robot_3d_0015-> 87/331 | 26%
[2026-04-20 10:48:19] [INFO] Chargement de robot_3d_0016-> 88/331 | 26%
[2026-04-20 10:48:19] [INFO] Chargement de robot_3d_0016-> 88/331 | 26%
[2026-04-20 10:48:19] [INFO] Chargement de robot_3d_0018-> 90/331 | 27%
[2026-04-20 10:48:19] [INFO] Chargement de robot_3d_0018-> 90/331 | 27%
[2026-04-20 10:48:19] [INFO] Chargement de robot_3d_0020-> 92/331 | 27%
[2026-04-20 10:48:19] [INFO] Chargement de robot_3d_0022-> 94/331 | 28%
[2026-04-20 10:48:19] [INFO] Chargement de robot_3d_0023-> 95/331 | 28%
[2026-04-20 10:48:19] [INFO] Chargement de robot_3d_0024-> 96/331 | 29%
[2026-04-20 10:48:19] [INFO] Chargement de robot_3d_0026-> 98/331 | 29%
[2026-04-20 10:48:19] [INFO] Chargement de robot_3d_0027-> 99/331 | 29%
[2026-04-20 10:48:19] [INFO] Chargement de robot_3d_0028-> 100/331 | 30%
[2026-04-20 10:48:19] [INFO] Chargement de robot_3d_0029-> 101/331 | 30%
[2026-04-20 10:48:19] [INFO] Chargement de robot_3d_0031-> 103/331 | 31%
[2026-04-20 10:48:19] [INFO] Chargement de robot_3d_0032-> 104/331 | 31%
[2026-04-20 10:48:19] [INFO] Chargement de robot_3d_0033-> 105/331 | 31%
[2026-04-20 10:48:19] [INFO] Chargement de robot_3d_0033-> 105/331 | 31%
[2026-04-20 10:48:19] [INFO] Chargement de robot_3d_0035-> 107/331 | 32%
[2026-04-20 10:48:20] [INFO] Chargement de robot_3d_0036-> 108/331 | 32%
[2026-04-20 10:48:20] [INFO] Chargement de robot_3d_0037-> 109/331 | 32%
[2026-04-20 10:48:20] [INFO] Chargement de robot_3d_0037-> 109/331 | 32%
[2026-04-20 10:48:20] [INFO] Chargement de robot_3d_0039-> 111/331 | 33%
[2026-04-20 10:48:20] [INFO] Chargement de robot_3d_0039-> 111/331 | 33%
[2026-04-20 10:48:20] [INFO] Chargement de robot_3d_0040-> 112/331 | 33%
[2026-04-20 10:48:20] [INFO] Chargement de robot_3d_0041-> 113/331 | 34%
[2026-04-20 10:48:20] [INFO] Chargement de robot_3d_0043-> 115/331 | 34%
[2026-04-20 10:48:20] [INFO] Chargement de robot_3d_0044-> 116/331 | 35%
[2026-04-20 10:48:20] [INFO] Chargement de robot_3d_0046-> 118/331 | 35%
[2026-04-20 10:48:20] [INFO] Chargement de robot_3d_0047-> 119/331 | 35%
[2026-04-20 10:48:20] [INFO] Chargement de robot_3d_0048-> 120/331 | 36%
[2026-04-20 10:48:20] [INFO] Chargement de robot_3d_0049-> 121/331 | 36%
[2026-04-20 10:48:20] [INFO] Chargement de robot_3d_0050-> 122/331 | 36%
[2026-04-20 10:48:20] [INFO] Chargement de robot_3d_0051-> 123/331 | 37%
[2026-04-20 10:48:20] [INFO] Chargement de robot_3d_0052-> 124/331 | 37%
[2026-04-20 10:48:20] [INFO] Chargement de robot_3d_0053-> 125/331 | 37%
[2026-04-20 10:48:20] [INFO] Chargement de robot_3d_0054-> 126/331 | 38%
[2026-04-20 10:48:20] [INFO] Chargement de robot_3d_0055-> 127/331 | 38%
[2026-04-20 10:48:20] [INFO] Chargement de robot_3d_0056-> 128/331 | 38%
[2026-04-20 10:48:20] [INFO] Chargement de robot_3d_0057-> 129/331 | 38%
[2026-04-20 10:48:20] [INFO] Chargement de robot_3d_0058-> 130/331 | 39%
[2026-04-20 10:48:20] [INFO] Chargement de robot_3d_0060-> 132/331 | 39%
[2026-04-20 10:48:20] [INFO] Chargement de robot_3d_0060-> 132/331 | 39%
[2026-04-20 10:48:20] [INFO] Chargement de robot_3d_0061-> 133/331 | 40%
[2026-04-20 10:48:20] [INFO] Chargement de robot_3d_0063-> 135/331 | 40%
[2026-04-20 10:48:20] [INFO] Chargement de robot_3d_0064-> 136/331 | 41%
[2026-04-20 10:48:20] [INFO] Chargement de robot_3d_0066-> 138/331 | 41%
[2026-04-20 10:48:20] [INFO] Chargement de robot_3d_0067-> 139/331 | 41%
[2026-04-20 10:48:20] [INFO] Chargement de robot_3d_0068-> 140/331 | 42%
[2026-04-20 10:48:20] [INFO] Chargement de robot_3d_0069-> 141/331 | 42%
[2026-04-20 10:48:20] [INFO] Chargement de robot_3d_0070-> 142/331 | 42%
[2026-04-20 10:48:20] [INFO] Chargement de robot_3d_0071-> 143/331 | 43%
[2026-04-20 10:48:20] [INFO] Chargement de robot_3d_0072-> 144/331 | 43%
[2026-04-20 10:48:20] [INFO] Chargement de robot_3d_0074-> 146/331 | 44%
[2026-04-20 10:48:20] [INFO] Chargement de robot_3d_0075-> 147/331 | 44%
[2026-04-20 10:48:20] [INFO] Chargement de robot_3d_0076-> 148/331 | 44%
[2026-04-20 10:48:20] [INFO] Chargement de robot_3d_0078-> 150/331 | 45%
[2026-04-20 10:48:20] [INFO] Chargement de robot_3d_0079-> 151/331 | 45%
[2026-04-20 10:48:20] [INFO] Chargement de robot_3d_0081-> 153/331 | 46%
[2026-04-20 10:48:20] [INFO] Chargement de robot_3d_0081-> 153/331 | 46%
[2026-04-20 10:48:20] [INFO] Chargement de robot_3d_0082-> 154/331 | 46%
[2026-04-20 10:48:20] [INFO] Chargement de robot_3d_0084-> 156/331 | 47%
[2026-04-20 10:48:20] [INFO] Chargement de robot_3d_0085-> 157/331 | 47%
[2026-04-20 10:48:20] [INFO] Chargement de robot_3d_0086-> 158/331 | 47%
[2026-04-20 10:48:20] [INFO] Chargement de robot_3d_0087-> 159/331 | 48%
[2026-04-20 10:48:20] [INFO] Chargement de robot_3d_0088-> 160/331 | 48%
[2026-04-20 10:48:20] [INFO] Chargement de robot_3d_0090-> 162/331 | 48%
[2026-04-20 10:48:20] [INFO] Chargement de robot_3d_0092-> 164/331 | 49%
[2026-04-20 10:48:20] [INFO] Chargement de robot_3d_0093-> 165/331 | 49%
[2026-04-20 10:48:20] [INFO] Chargement de robot_3d_0095-> 167/331 | 50%
[2026-04-20 10:48:20] [INFO] Chargement de robot_3d_0097-> 169/331 | 51%
[2026-04-20 10:48:20] [INFO] Chargement de robot_3d_0097-> 169/331 | 51%
[2026-04-20 10:48:20] [INFO] Chargement de robot_3d_0098-> 170/331 | 51%
[2026-04-20 10:48:20] [INFO] Chargement de robot_3d_0099-> 171/331 | 51%
[2026-04-20 10:48:20] [INFO] Chargement de robot_3d_0100-> 172/331 | 51%
[2026-04-20 10:48:20] [INFO] Chargement de robot_3d_0102-> 174/331 | 52%
[2026-04-20 10:48:20] [INFO] Chargement de robot_3d_0102-> 174/331 | 52%
[2026-04-20 10:48:20] [INFO] Chargement de robot_3d_0104-> 176/331 | 53%
[2026-04-20 10:48:20] [INFO] Chargement de robot_3d_0105-> 177/331 | 53%
[2026-04-20 10:48:20] [INFO] Chargement de robot_3d_0106-> 178/331 | 53%
[2026-04-20 10:48:20] [INFO] Chargement de robot_3d_0107-> 179/331 | 54%
[2026-04-20 10:48:20] [INFO] Chargement de robot_3d_0108-> 180/331 | 54%
[2026-04-20 10:48:20] [INFO] Chargement de robot_3d_0110-> 182/331 | 54%
[2026-04-20 10:48:20] [INFO] Chargement de robot_3d_0111-> 183/331 | 55%
[2026-04-20 10:48:20] [INFO] Chargement de robot_3d_0112-> 184/331 | 55%
[2026-04-20 10:48:20] [INFO] Chargement de robot_3d_0114-> 186/331 | 56%
[2026-04-20 10:48:20] [INFO] Chargement de robot_3d_0116-> 188/331 | 56%
[2026-04-20 10:48:20] [INFO] Chargement de robot_3d_0117-> 189/331 | 57%
[2026-04-20 10:48:20] [INFO] Chargement de robot_3d_0118-> 190/331 | 57%
[2026-04-20 10:48:20] [INFO] Chargement de robot_3d_0120-> 192/331 | 58%
[2026-04-20 10:48:20] [INFO] Chargement de robot_3d_0121-> 193/331 | 58%
[2026-04-20 10:48:20] [INFO] Chargement de robot_3d_0122-> 194/331 | 58%
[2026-04-20 10:48:20] [INFO] Chargement de robot_3d_0124-> 196/331 | 59%
[2026-04-20 10:48:20] [INFO] Chargement de robot_3d_0125-> 197/331 | 59%
[2026-04-20 10:48:20] [INFO] Chargement de robot_3d_0126-> 198/331 | 59%
[2026-04-20 10:48:20] [INFO] Chargement de robot_3d_0127-> 199/331 | 60%
[2026-04-20 10:48:20] [INFO] Chargement de robot_3d_0128-> 200/331 | 60%
[2026-04-20 10:48:20] [INFO] Chargement de robot_3d_0130-> 202/331 | 61%
[2026-04-20 10:48:20] [INFO] Chargement de robot_3d_0130-> 202/331 | 61%
[2026-04-20 10:48:20] [INFO] Chargement de robot_3d_0131-> 203/331 | 61%
[2026-04-20 10:48:20] [INFO] Chargement de robot_3d_0132-> 204/331 | 61%
[2026-04-20 10:48:20] [INFO] Chargement de robot_3d_0133-> 205/331 | 61%
[2026-04-20 10:48:20] [INFO] Chargement de robot_3d_0135-> 207/331 | 62%
[2026-04-20 10:48:20] [INFO] Chargement de robot_3d_0137-> 209/331 | 63%
[2026-04-20 10:48:20] [INFO] Chargement de robot_3d_0137-> 209/331 | 63%
[2026-04-20 10:48:20] [INFO] Chargement de robot_3d_0138-> 210/331 | 63%
[2026-04-20 10:48:20] [INFO] Chargement de robot_3d_0140-> 212/331 | 64%
[2026-04-20 10:48:20] [INFO] Chargement de robot_3d_0141-> 213/331 | 64%
[2026-04-20 10:48:20] [INFO] Chargement de robot_3d_0142-> 214/331 | 64%
[2026-04-20 10:48:20] [INFO] Chargement de robot_3d_0144-> 216/331 | 65%
[2026-04-20 10:48:20] [INFO] Chargement de robot_3d_0145-> 217/331 | 65%
[2026-04-20 10:48:20] [INFO] Chargement de robot_3d_0146-> 218/331 | 65%
[2026-04-20 10:48:20] [INFO] Chargement de robot_3d_0147-> 219/331 | 66%
[2026-04-20 10:48:20] [INFO] Chargement de robot_3d_0149-> 221/331 | 66%
[2026-04-20 10:48:20] [INFO] Chargement de robot_3d_0150-> 222/331 | 67%
[2026-04-20 10:48:20] [INFO] Chargement de robot_3d_0152-> 224/331 | 67%
[2026-04-20 10:48:20] [INFO] Chargement de robot_3d_0153-> 225/331 | 67%
[2026-04-20 10:48:20] [INFO] Chargement de robot_3d_0155-> 227/331 | 68%
[2026-04-20 10:48:20] [INFO] Chargement de robot_3d_0157-> 229/331 | 69%
[2026-04-20 10:48:20] [INFO] Chargement de robot_3d_0158-> 230/331 | 69%
[2026-04-20 10:48:20] [INFO] Chargement de robot_3d_0160-> 232/331 | 70%
[2026-04-20 10:48:20] [INFO] Chargement de robot_3d_0161-> 233/331 | 70%
[2026-04-20 10:48:21] [INFO] Chargement de robot_3d_0162-> 234/331 | 70%
[2026-04-20 10:48:21] [INFO] Chargement de robot_3d_0164-> 236/331 | 71%
[2026-04-20 10:48:21] [INFO] Chargement de robot_3d_0164-> 236/331 | 71%
[2026-04-20 10:48:21] [INFO] Chargement de robot_3d_0165-> 237/331 | 71%
[2026-04-20 10:48:21] [INFO] Chargement de robot_3d_0167-> 239/331 | 72%
[2026-04-20 10:48:21] [INFO] Chargement de robot_3d_0169-> 241/331 | 72%
[2026-04-20 10:48:21] [INFO] Chargement de robot_3d_0170-> 242/331 | 73%
[2026-04-20 10:48:21] [INFO] Chargement de robot_3d_0173-> 245/331 | 74%
[2026-04-20 10:48:21] [INFO] Chargement de robot_3d_0175-> 247/331 | 74%
[2026-04-20 10:48:21] [INFO] Chargement de robot_3d_0177-> 249/331 | 75%
[2026-04-20 10:48:21] [INFO] Chargement de robot_3d_0179-> 251/331 | 75%
[2026-04-20 10:48:21] [INFO] Chargement de robot_3d_0181-> 253/331 | 76%
[2026-04-20 10:48:21] [INFO] Chargement de robot_3d_0183-> 255/331 | 77%
[2026-04-20 10:48:21] [INFO] Chargement de robot_3d_0183-> 255/331 | 77%
[2026-04-20 10:48:21] [INFO] Chargement de robot_3d_0184-> 256/331 | 77%
[2026-04-20 10:48:21] [INFO] Chargement de robot_3d_0186-> 258/331 | 77%
[2026-04-20 10:48:21] [INFO] Chargement de robot_3d_0187-> 259/331 | 78%
[2026-04-20 10:48:21] [INFO] Chargement de robot_3d_0188-> 260/331 | 78%
[2026-04-20 10:48:21] [INFO] Chargement de robot_3d_0189-> 261/331 | 78%
[2026-04-20 10:48:21] [INFO] Chargement de robot_3d_0191-> 263/331 | 79%
[2026-04-20 10:48:21] [INFO] Chargement de robot_3d_0192-> 264/331 | 79%
[2026-04-20 10:48:21] [INFO] Chargement de robot_3d_0194-> 266/331 | 80%
[2026-04-20 10:48:21] [INFO] Chargement de robot_3d_0195-> 267/331 | 80%
[2026-04-20 10:48:21] [INFO] Chargement de robot_3d_0196-> 268/331 | 80%
[2026-04-20 10:48:21] [INFO] Chargement de robot_3d_0197-> 269/331 | 81%
[2026-04-20 10:48:21] [INFO] Chargement de robot_3d_0199-> 271/331 | 81%
[2026-04-20 10:48:21] [INFO] Chargement de robot_3d_0200-> 272/331 | 82%
[2026-04-20 10:48:21] [INFO] Chargement de robot_3d_0201-> 273/331 | 82%
[2026-04-20 10:48:21] [INFO] Chargement de robot_3d_0203-> 275/331 | 83%
[2026-04-20 10:48:21] [INFO] Chargement de robot_3d_0203-> 275/331 | 83%
[2026-04-20 10:48:21] [INFO] Chargement de robot_3d_0205-> 277/331 | 83%
[2026-04-20 10:48:21] [INFO] Chargement de robot_3d_0206-> 278/331 | 83%
[2026-04-20 10:48:21] [INFO] Chargement de robot_3d_0207-> 279/331 | 84%
[2026-04-20 10:48:21] [INFO] Chargement de robot_3d_0209-> 281/331 | 84%
[2026-04-20 10:48:21] [INFO] Chargement de robot_3d_0210-> 282/331 | 85%
[2026-04-20 10:48:21] [INFO] Chargement de robot_3d_0212-> 284/331 | 85%
[2026-04-20 10:48:21] [INFO] Chargement de robot_3d_0213-> 285/331 | 86%
[2026-04-20 10:48:21] [INFO] Chargement de robot_3d_0215-> 287/331 | 86%
[2026-04-20 10:48:21] [INFO] Chargement de robot_3d_0217-> 289/331 | 87%
[2026-04-20 10:48:21] [INFO] Chargement de robot_3d_0217-> 289/331 | 87%
[2026-04-20 10:48:21] [INFO] Chargement de robot_3d_0219-> 291/331 | 87%
[2026-04-20 10:48:21] [INFO] Chargement de robot_3d_0221-> 293/331 | 88%
[2026-04-20 10:48:21] [INFO] Chargement de robot_3d_0222-> 294/331 | 88%
[2026-04-20 10:48:21] [INFO] Chargement de robot_3d_0223-> 295/331 | 89%
[2026-04-20 10:48:21] [INFO] Chargement de robot_3d_0225-> 297/331 | 89%
[2026-04-20 10:48:21] [INFO] Chargement de robot_3d_0225-> 297/331 | 89%
[2026-04-20 10:48:21] [INFO] Chargement de robot_3d_0226-> 298/331 | 90%
[2026-04-20 10:48:21] [INFO] Chargement de robot_3d_0227-> 299/331 | 90%
[2026-04-20 10:48:21] [INFO] Chargement de robot_3d_0228-> 300/331 | 90%
[2026-04-20 10:48:21] [INFO] Chargement de robot_3d_0229-> 301/331 | 90%
[2026-04-20 10:48:21] [INFO] Chargement de robot_3d_0230-> 302/331 | 91%
[2026-04-20 10:48:21] [INFO] Chargement de robot_3d_0231-> 303/331 | 91%
[2026-04-20 10:48:21] [INFO] Chargement de robot_3d_0232-> 304/331 | 91%
[2026-04-20 10:48:21] [INFO] Chargement de robot_3d_0234-> 306/331 | 92%
[2026-04-20 10:48:21] [INFO] Chargement de robot_3d_0235-> 307/331 | 92%
[2026-04-20 10:48:21] [INFO] Chargement de robot_3d_0236-> 308/331 | 93%
[2026-04-20 10:48:21] [INFO] Chargement de robot_3d_0237-> 309/331 | 93%
[2026-04-20 10:48:21] [INFO] Chargement de robot_3d_0238-> 310/331 | 93%
[2026-04-20 10:48:21] [INFO] Chargement de robot_3d_0240-> 312/331 | 94%
[2026-04-20 10:48:21] [INFO] Chargement de water_5-> 318/331 | 96%
[2026-04-20 10:48:21] [INFO] Chargement de lava_4-> 325/331 | 98%
[2026-04-20 10:48:21] [ERROR] load_menu ->
Traceback (most recent call last):
  File "c:\Users\elvin\Desktop\informatique_tfe\tfe\src\data\object\games\load_screen.py", line 101, in load_menu
    asset_manager.get_load_completion() / 100
    ^^^^^^^^^^^^^^^^^^^^^^^^^^^^^^^^^^^
  File "c:\Users\elvin\Desktop\informatique_tfe\tfe\src\data\object\others\assets_manager.py", line 28, in get_load_completion
    logger.info(f"Chargement de {self.element_name[self.nbr_element_load]}-> {self.nbr_element_load}/{len(self.element)} | {int((self.nbr_element_load / len(self.element)) * 100)}%")
                                 ~~~~~~~~~~~~~~~~~^^^^^^^^^^^^^^^^^^^^^^^
IndexError: list index out of range
[2026-04-20 10:48:21] [INFO] Compte choisi -> True
[2026-04-20 10:48:21] [INFO] Main Menu
[2026-04-20 10:48:32] [INFO] Entrez dans compte
[2026-04-20 10:48:32] [INFO] Entrez dans load_menu avec le compte -> test1.json
[2026-04-20 10:48:32] [INFO] Chargement de creator-> 2/331 | 0%
[2026-04-20 10:48:32] [INFO] Chargement de creator-> 2/331 | 0%
[2026-04-20 10:48:32] [INFO] Chargement de the_void_full-> 5/331 | 1%
[2026-04-20 10:48:32] [INFO] Chargement de the_void_full-> 5/331 | 1%
[2026-04-20 10:48:32] [INFO] Chargement de underground_1-> 6/331 | 1%
[2026-04-20 10:48:32] [INFO] Chargement de underground_2-> 7/331 | 2%
[2026-04-20 10:48:32] [INFO] Chargement de underground_3-> 8/331 | 2%
[2026-04-20 10:48:32] [INFO] Chargement de btn_play_menu-> 9/331 | 2%
[2026-04-20 10:48:32] [INFO] Chargement de btn_play_menu-> 9/331 | 2%
[2026-04-20 10:48:32] [INFO] Chargement de btn_boutique_menu-> 10/331 | 3%
[2026-04-20 10:48:32] [INFO] Chargement de btn_boutique_menu-> 10/331 | 3%
[2026-04-20 10:48:32] [INFO] Chargement de btn_option_menu-> 11/331 | 3%
[2026-04-20 10:48:32] [INFO] Chargement de btn_option_menu-> 11/331 | 3%
[2026-04-20 10:48:32] [INFO] Chargement de btn_play-> 12/331 | 3%
[2026-04-20 10:48:32] [INFO] Chargement de btn_play-> 12/331 | 3%
[2026-04-20 10:48:33] [INFO] Chargement de btn_quitter-> 13/331 | 3%
[2026-04-20 10:48:33] [INFO] Chargement de btn_quitter-> 13/331 | 3%
[2026-04-20 10:48:33] [INFO] Chargement de barre_laterale-> 16/331 | 4%
[2026-04-20 10:48:33] [INFO] Chargement de boutique_frame-> 18/331 | 5%
[2026-04-20 10:48:33] [INFO] Chargement de boutique_pression-> 20/331 | 6%
[2026-04-20 10:48:33] [INFO] Chargement de danger-> 23/331 | 6%
[2026-04-20 10:48:33] [INFO] Chargement de dirt-> 25/331 | 7%
[2026-04-20 10:48:33] [INFO] Chargement de raw_iron_block-> 40/331 | 12%
[2026-04-20 10:48:33] [INFO] Chargement de robot_0-> 53/331 | 16%
[2026-04-20 10:48:33] [INFO] Chargement de robot_40-> 64/331 | 19%
[2026-04-20 10:48:33] [INFO] Chargement de robot_3d_0001-> 73/331 | 22%
[2026-04-20 10:48:33] [INFO] Chargement de robot_3d_0002-> 74/331 | 22%
[2026-04-20 10:48:33] [INFO] Chargement de robot_3d_0004-> 76/331 | 22%
[2026-04-20 10:48:33] [INFO] Chargement de robot_3d_0006-> 78/331 | 23%
[2026-04-20 10:48:33] [INFO] Chargement de robot_3d_0008-> 80/331 | 24%
[2026-04-20 10:48:33] [INFO] Chargement de robot_3d_0009-> 81/331 | 24%
[2026-04-20 10:48:33] [INFO] Chargement de robot_3d_0010-> 82/331 | 24%
[2026-04-20 10:48:33] [INFO] Chargement de robot_3d_0012-> 84/331 | 25%
[2026-04-20 10:48:33] [INFO] Chargement de robot_3d_0013-> 85/331 | 25%
[2026-04-20 10:48:33] [INFO] Chargement de robot_3d_0015-> 87/331 | 26%
[2026-04-20 10:48:33] [INFO] Chargement de robot_3d_0016-> 88/331 | 26%
[2026-04-20 10:48:33] [INFO] Chargement de robot_3d_0017-> 89/331 | 26%
[2026-04-20 10:48:33] [INFO] Chargement de robot_3d_0018-> 90/331 | 27%
[2026-04-20 10:48:33] [INFO] Chargement de robot_3d_0019-> 91/331 | 27%
[2026-04-20 10:48:33] [INFO] Chargement de robot_3d_0020-> 92/331 | 27%
[2026-04-20 10:48:33] [INFO] Chargement de robot_3d_0021-> 93/331 | 28%
[2026-04-20 10:48:33] [INFO] Chargement de robot_3d_0022-> 94/331 | 28%
[2026-04-20 10:48:33] [INFO] Chargement de robot_3d_0023-> 95/331 | 28%
[2026-04-20 10:48:33] [INFO] Chargement de robot_3d_0024-> 96/331 | 29%
[2026-04-20 10:48:33] [INFO] Chargement de robot_3d_0024-> 96/331 | 29%
[2026-04-20 10:48:33] [INFO] Chargement de robot_3d_0026-> 98/331 | 29%
[2026-04-20 10:48:33] [INFO] Chargement de robot_3d_0027-> 99/331 | 29%
[2026-04-20 10:48:33] [INFO] Chargement de robot_3d_0028-> 100/331 | 30%
[2026-04-20 10:48:33] [INFO] Chargement de robot_3d_0028-> 100/331 | 30%
[2026-04-20 10:48:33] [INFO] Chargement de robot_3d_0030-> 102/331 | 30%
[2026-04-20 10:48:33] [INFO] Chargement de robot_3d_0032-> 104/331 | 31%
[2026-04-20 10:48:33] [INFO] Chargement de robot_3d_0033-> 105/331 | 31%
[2026-04-20 10:48:33] [INFO] Chargement de robot_3d_0034-> 106/331 | 32%
[2026-04-20 10:48:33] [INFO] Chargement de robot_3d_0035-> 107/331 | 32%
[2026-04-20 10:48:33] [INFO] Chargement de robot_3d_0036-> 108/331 | 32%
[2026-04-20 10:48:33] [INFO] Chargement de robot_3d_0037-> 109/331 | 32%
[2026-04-20 10:48:33] [INFO] Chargement de robot_3d_0039-> 111/331 | 33%
[2026-04-20 10:48:33] [INFO] Chargement de robot_3d_0041-> 113/331 | 34%
[2026-04-20 10:48:33] [INFO] Chargement de robot_3d_0042-> 114/331 | 34%
[2026-04-20 10:48:33] [INFO] Chargement de robot_3d_0043-> 115/331 | 34%
[2026-04-20 10:48:33] [INFO] Chargement de robot_3d_0044-> 116/331 | 35%
[2026-04-20 10:48:33] [INFO] Chargement de robot_3d_0045-> 117/331 | 35%
[2026-04-20 10:48:33] [INFO] Chargement de robot_3d_0046-> 118/331 | 35%
[2026-04-20 10:48:33] [INFO] Chargement de robot_3d_0046-> 118/331 | 35%
[2026-04-20 10:48:33] [INFO] Chargement de robot_3d_0047-> 119/331 | 35%
[2026-04-20 10:48:33] [INFO] Chargement de robot_3d_0048-> 120/331 | 36%
[2026-04-20 10:48:33] [INFO] Chargement de robot_3d_0049-> 121/331 | 36%
[2026-04-20 10:48:33] [INFO] Chargement de robot_3d_0050-> 122/331 | 36%
[2026-04-20 10:48:34] [INFO] Chargement de robot_3d_0052-> 124/331 | 37%
[2026-04-20 10:48:34] [INFO] Chargement de robot_3d_0053-> 125/331 | 37%
[2026-04-20 10:48:34] [INFO] Chargement de robot_3d_0054-> 126/331 | 38%
[2026-04-20 10:48:34] [INFO] Chargement de robot_3d_0055-> 127/331 | 38%
[2026-04-20 10:48:34] [INFO] Chargement de robot_3d_0057-> 129/331 | 38%
[2026-04-20 10:48:34] [INFO] Chargement de robot_3d_0057-> 129/331 | 38%
[2026-04-20 10:48:34] [INFO] Chargement de robot_3d_0058-> 130/331 | 39%
[2026-04-20 10:48:34] [INFO] Chargement de robot_3d_0059-> 131/331 | 39%
[2026-04-20 10:48:34] [INFO] Chargement de robot_3d_0060-> 132/331 | 39%
[2026-04-20 10:48:34] [INFO] Chargement de robot_3d_0061-> 133/331 | 40%
[2026-04-20 10:48:34] [INFO] Chargement de robot_3d_0062-> 134/331 | 40%
[2026-04-20 10:48:34] [INFO] Chargement de robot_3d_0063-> 135/331 | 40%
[2026-04-20 10:48:34] [INFO] Chargement de robot_3d_0064-> 136/331 | 41%
[2026-04-20 10:48:34] [INFO] Chargement de robot_3d_0065-> 137/331 | 41%
[2026-04-20 10:48:34] [INFO] Chargement de robot_3d_0067-> 139/331 | 41%
[2026-04-20 10:48:34] [INFO] Chargement de robot_3d_0068-> 140/331 | 42%
[2026-04-20 10:48:34] [INFO] Chargement de robot_3d_0070-> 142/331 | 42%
[2026-04-20 10:48:34] [INFO] Chargement de robot_3d_0071-> 143/331 | 43%
[2026-04-20 10:48:34] [INFO] Chargement de robot_3d_0072-> 144/331 | 43%
[2026-04-20 10:48:34] [INFO] Chargement de robot_3d_0073-> 145/331 | 43%
[2026-04-20 10:48:34] [INFO] Chargement de robot_3d_0074-> 146/331 | 44%
[2026-04-20 10:48:34] [INFO] Chargement de robot_3d_0076-> 148/331 | 44%
[2026-04-20 10:48:34] [INFO] Chargement de robot_3d_0076-> 148/331 | 44%
[2026-04-20 10:48:34] [INFO] Chargement de robot_3d_0077-> 149/331 | 45%
[2026-04-20 10:48:34] [INFO] Chargement de robot_3d_0079-> 151/331 | 45%
[2026-04-20 10:48:34] [INFO] Chargement de robot_3d_0079-> 151/331 | 45%
[2026-04-20 10:48:34] [INFO] Chargement de robot_3d_0080-> 152/331 | 45%
[2026-04-20 10:48:34] [INFO] Chargement de robot_3d_0081-> 153/331 | 46%
[2026-04-20 10:48:34] [INFO] Chargement de robot_3d_0082-> 154/331 | 46%
[2026-04-20 10:48:34] [INFO] Chargement de robot_3d_0084-> 156/331 | 47%
[2026-04-20 10:48:34] [INFO] Chargement de robot_3d_0085-> 157/331 | 47%
[2026-04-20 10:48:34] [INFO] Chargement de robot_3d_0087-> 159/331 | 48%
[2026-04-20 10:48:34] [INFO] Chargement de robot_3d_0088-> 160/331 | 48%
[2026-04-20 10:48:34] [INFO] Chargement de robot_3d_0090-> 162/331 | 48%
[2026-04-20 10:48:34] [INFO] Chargement de robot_3d_0092-> 164/331 | 49%
[2026-04-20 10:48:34] [INFO] Chargement de robot_3d_0093-> 165/331 | 49%
[2026-04-20 10:48:34] [INFO] Chargement de robot_3d_0095-> 167/331 | 50%
[2026-04-20 10:48:34] [INFO] Chargement de robot_3d_0097-> 169/331 | 51%
[2026-04-20 10:48:34] [INFO] Chargement de robot_3d_0098-> 170/331 | 51%
[2026-04-20 10:48:34] [INFO] Chargement de robot_3d_0099-> 171/331 | 51%
[2026-04-20 10:48:34] [INFO] Chargement de robot_3d_0101-> 173/331 | 52%
[2026-04-20 10:48:34] [INFO] Chargement de robot_3d_0102-> 174/331 | 52%
[2026-04-20 10:48:34] [INFO] Chargement de robot_3d_0103-> 175/331 | 52%
[2026-04-20 10:48:34] [INFO] Chargement de robot_3d_0104-> 176/331 | 53%
[2026-04-20 10:48:34] [INFO] Chargement de robot_3d_0106-> 178/331 | 53%
[2026-04-20 10:48:34] [INFO] Chargement de robot_3d_0107-> 179/331 | 54%
[2026-04-20 10:48:34] [INFO] Chargement de robot_3d_0109-> 181/331 | 54%
[2026-04-20 10:48:34] [INFO] Chargement de robot_3d_0111-> 183/331 | 55%
[2026-04-20 10:48:34] [INFO] Chargement de robot_3d_0113-> 185/331 | 55%
[2026-04-20 10:48:34] [INFO] Chargement de robot_3d_0114-> 186/331 | 56%
[2026-04-20 10:48:34] [INFO] Chargement de robot_3d_0115-> 187/331 | 56%
[2026-04-20 10:48:34] [INFO] Chargement de robot_3d_0116-> 188/331 | 56%
[2026-04-20 10:48:34] [INFO] Chargement de robot_3d_0117-> 189/331 | 57%
[2026-04-20 10:48:34] [INFO] Chargement de robot_3d_0118-> 190/331 | 57%
[2026-04-20 10:48:34] [INFO] Chargement de robot_3d_0119-> 191/331 | 57%
[2026-04-20 10:48:34] [INFO] Chargement de robot_3d_0121-> 193/331 | 58%
[2026-04-20 10:48:34] [INFO] Chargement de robot_3d_0122-> 194/331 | 58%
[2026-04-20 10:48:34] [INFO] Chargement de robot_3d_0123-> 195/331 | 58%
[2026-04-20 10:48:34] [INFO] Chargement de robot_3d_0124-> 196/331 | 59%
[2026-04-20 10:48:34] [INFO] Chargement de robot_3d_0125-> 197/331 | 59%
[2026-04-20 10:48:34] [INFO] Chargement de robot_3d_0127-> 199/331 | 60%
[2026-04-20 10:48:34] [INFO] Chargement de robot_3d_0129-> 201/331 | 60%
[2026-04-20 10:48:34] [INFO] Chargement de robot_3d_0129-> 201/331 | 60%
[2026-04-20 10:48:34] [INFO] Chargement de robot_3d_0131-> 203/331 | 61%
[2026-04-20 10:48:34] [INFO] Chargement de robot_3d_0133-> 205/331 | 61%
[2026-04-20 10:48:34] [INFO] Chargement de robot_3d_0134-> 206/331 | 62%
[2026-04-20 10:48:34] [INFO] Chargement de robot_3d_0134-> 206/331 | 62%
[2026-04-20 10:48:34] [INFO] Chargement de robot_3d_0136-> 208/331 | 62%
[2026-04-20 10:48:34] [INFO] Chargement de robot_3d_0137-> 209/331 | 63%
[2026-04-20 10:48:34] [INFO] Chargement de robot_3d_0138-> 210/331 | 63%
[2026-04-20 10:48:34] [INFO] Chargement de robot_3d_0139-> 211/331 | 63%
[2026-04-20 10:48:34] [INFO] Chargement de robot_3d_0141-> 213/331 | 64%
[2026-04-20 10:48:34] [INFO] Chargement de robot_3d_0142-> 214/331 | 64%
[2026-04-20 10:48:34] [INFO] Chargement de robot_3d_0143-> 215/331 | 64%
[2026-04-20 10:48:34] [INFO] Chargement de robot_3d_0144-> 216/331 | 65%
[2026-04-20 10:48:34] [INFO] Chargement de robot_3d_0146-> 218/331 | 65%
[2026-04-20 10:48:34] [INFO] Chargement de robot_3d_0148-> 220/331 | 66%
[2026-04-20 10:48:34] [INFO] Chargement de robot_3d_0150-> 222/331 | 67%
[2026-04-20 10:48:34] [INFO] Chargement de robot_3d_0152-> 224/331 | 67%
[2026-04-20 10:48:34] [INFO] Chargement de robot_3d_0153-> 225/331 | 67%
[2026-04-20 10:48:34] [INFO] Chargement de robot_3d_0154-> 226/331 | 68%
[2026-04-20 10:48:34] [INFO] Chargement de robot_3d_0156-> 228/331 | 68%
[2026-04-20 10:48:34] [INFO] Chargement de robot_3d_0157-> 229/331 | 69%
[2026-04-20 10:48:34] [INFO] Chargement de robot_3d_0159-> 231/331 | 69%
[2026-04-20 10:48:34] [INFO] Chargement de robot_3d_0160-> 232/331 | 70%
[2026-04-20 10:48:34] [INFO] Chargement de robot_3d_0161-> 233/331 | 70%
[2026-04-20 10:48:34] [INFO] Chargement de robot_3d_0163-> 235/331 | 70%
[2026-04-20 10:48:34] [INFO] Chargement de robot_3d_0164-> 236/331 | 71%
[2026-04-20 10:48:34] [INFO] Chargement de robot_3d_0164-> 236/331 | 71%
[2026-04-20 10:48:34] [INFO] Chargement de robot_3d_0165-> 237/331 | 71%
[2026-04-20 10:48:34] [INFO] Chargement de robot_3d_0166-> 238/331 | 71%
[2026-04-20 10:48:34] [INFO] Chargement de robot_3d_0167-> 239/331 | 72%
[2026-04-20 10:48:34] [INFO] Chargement de robot_3d_0168-> 240/331 | 72%
[2026-04-20 10:48:34] [INFO] Chargement de robot_3d_0169-> 241/331 | 72%
[2026-04-20 10:48:34] [INFO] Chargement de robot_3d_0170-> 242/331 | 73%
[2026-04-20 10:48:34] [INFO] Chargement de robot_3d_0172-> 244/331 | 73%
[2026-04-20 10:48:34] [INFO] Chargement de robot_3d_0173-> 245/331 | 74%
[2026-04-20 10:48:34] [INFO] Chargement de robot_3d_0175-> 247/331 | 74%
[2026-04-20 10:48:34] [INFO] Chargement de robot_3d_0176-> 248/331 | 74%
[2026-04-20 10:48:34] [INFO] Chargement de robot_3d_0177-> 249/331 | 75%
[2026-04-20 10:48:34] [INFO] Chargement de robot_3d_0178-> 250/331 | 75%
[2026-04-20 10:48:34] [INFO] Chargement de robot_3d_0180-> 252/331 | 76%
[2026-04-20 10:48:34] [INFO] Chargement de robot_3d_0181-> 253/331 | 76%
[2026-04-20 10:48:34] [INFO] Chargement de robot_3d_0182-> 254/331 | 76%
[2026-04-20 10:48:34] [INFO] Chargement de robot_3d_0183-> 255/331 | 77%
[2026-04-20 10:48:34] [INFO] Chargement de robot_3d_0184-> 256/331 | 77%
[2026-04-20 10:48:34] [INFO] Chargement de robot_3d_0185-> 257/331 | 77%
[2026-04-20 10:48:35] [INFO] Chargement de robot_3d_0186-> 258/331 | 77%
[2026-04-20 10:48:35] [INFO] Chargement de robot_3d_0187-> 259/331 | 78%
[2026-04-20 10:48:35] [INFO] Chargement de robot_3d_0188-> 260/331 | 78%
[2026-04-20 10:48:35] [INFO] Chargement de robot_3d_0190-> 262/331 | 79%
[2026-04-20 10:48:35] [INFO] Chargement de robot_3d_0192-> 264/331 | 79%
[2026-04-20 10:48:35] [INFO] Chargement de robot_3d_0193-> 265/331 | 80%
[2026-04-20 10:48:35] [INFO] Chargement de robot_3d_0194-> 266/331 | 80%
[2026-04-20 10:48:35] [INFO] Chargement de robot_3d_0196-> 268/331 | 80%
[2026-04-20 10:48:35] [INFO] Chargement de robot_3d_0197-> 269/331 | 81%
[2026-04-20 10:48:35] [INFO] Chargement de robot_3d_0198-> 270/331 | 81%
[2026-04-20 10:48:35] [INFO] Chargement de robot_3d_0199-> 271/331 | 81%
[2026-04-20 10:48:35] [INFO] Chargement de robot_3d_0201-> 273/331 | 82%
[2026-04-20 10:48:35] [INFO] Chargement de robot_3d_0202-> 274/331 | 82%
[2026-04-20 10:48:35] [INFO] Chargement de robot_3d_0204-> 276/331 | 83%
[2026-04-20 10:48:35] [INFO] Chargement de robot_3d_0206-> 278/331 | 83%
[2026-04-20 10:48:35] [INFO] Chargement de robot_3d_0207-> 279/331 | 84%
[2026-04-20 10:48:35] [INFO] Chargement de robot_3d_0208-> 280/331 | 84%
[2026-04-20 10:48:35] [INFO] Chargement de robot_3d_0210-> 282/331 | 85%
[2026-04-20 10:48:35] [INFO] Chargement de robot_3d_0211-> 283/331 | 85%
[2026-04-20 10:48:35] [INFO] Chargement de robot_3d_0212-> 284/331 | 85%
[2026-04-20 10:48:35] [INFO] Chargement de robot_3d_0213-> 285/331 | 86%
[2026-04-20 10:48:35] [INFO] Chargement de robot_3d_0214-> 286/331 | 86%
[2026-04-20 10:48:35] [INFO] Chargement de robot_3d_0215-> 287/331 | 86%
[2026-04-20 10:48:35] [INFO] Chargement de robot_3d_0216-> 288/331 | 87%
[2026-04-20 10:48:35] [INFO] Chargement de robot_3d_0217-> 289/331 | 87%
[2026-04-20 10:48:35] [INFO] Chargement de robot_3d_0218-> 290/331 | 87%
[2026-04-20 10:48:35] [INFO] Chargement de robot_3d_0220-> 292/331 | 88%
[2026-04-20 10:48:35] [INFO] Chargement de robot_3d_0222-> 294/331 | 88%
[2026-04-20 10:48:35] [INFO] Chargement de robot_3d_0223-> 295/331 | 89%
[2026-04-20 10:48:35] [INFO] Chargement de robot_3d_0224-> 296/331 | 89%
[2026-04-20 10:48:35] [INFO] Chargement de robot_3d_0225-> 297/331 | 89%
[2026-04-20 10:48:35] [INFO] Chargement de robot_3d_0226-> 298/331 | 90%
[2026-04-20 10:48:35] [INFO] Chargement de robot_3d_0227-> 299/331 | 90%
[2026-04-20 10:48:35] [INFO] Chargement de robot_3d_0229-> 301/331 | 90%
[2026-04-20 10:48:35] [INFO] Chargement de robot_3d_0230-> 302/331 | 91%
[2026-04-20 10:48:35] [INFO] Chargement de robot_3d_0232-> 304/331 | 91%
[2026-04-20 10:48:35] [INFO] Chargement de robot_3d_0232-> 304/331 | 91%
[2026-04-20 10:48:35] [INFO] Chargement de robot_3d_0233-> 305/331 | 92%
[2026-04-20 10:48:35] [INFO] Chargement de robot_3d_0234-> 306/331 | 92%
[2026-04-20 10:48:35] [INFO] Chargement de robot_3d_0236-> 308/331 | 93%
[2026-04-20 10:48:35] [INFO] Chargement de robot_3d_0238-> 310/331 | 93%
[2026-04-20 10:48:35] [INFO] Chargement de robot_3d_0240-> 312/331 | 94%
[2026-04-20 10:48:35] [INFO] Chargement de water_7-> 320/331 | 96%
[2026-04-20 10:48:35] [INFO] Chargement de lava_5-> 326/331 | 98%
[2026-04-20 10:48:35] [INFO] Assets chargés, redirect vers play_menu
[2026-04-20 10:48:35] [INFO] Entrez dans play_menu avec le compte test1.json
[2026-04-20 10:48:37] [INFO] Compte choisi -> True
[2026-04-20 10:48:37] [INFO] Main Menu
[2026-04-20 10:48:38] [INFO] Entrez dans compte
[2026-04-20 10:48:39] [INFO] Entrez dans load_menu avec le compte -> tsukira2.json
[2026-04-20 10:48:39] [INFO] Chargement de creator-> 2/331 | 0%
[2026-04-20 10:48:39] [INFO] Chargement de creator-> 2/331 | 0%
[2026-04-20 10:48:39] [INFO] Chargement de the_void-> 4/331 | 1%
[2026-04-20 10:48:39] [INFO] Chargement de the_void_full-> 5/331 | 1%
[2026-04-20 10:48:39] [INFO] Chargement de underground_1-> 6/331 | 1%
[2026-04-20 10:48:39] [INFO] Chargement de underground_2-> 7/331 | 2%
[2026-04-20 10:48:39] [INFO] Chargement de underground_2-> 7/331 | 2%
[2026-04-20 10:48:39] [INFO] Chargement de underground_3-> 8/331 | 2%
[2026-04-20 10:48:39] [INFO] Chargement de btn_play_menu-> 9/331 | 2%
[2026-04-20 10:48:39] [INFO] Chargement de btn_play_menu-> 9/331 | 2%
[2026-04-20 10:48:39] [INFO] Chargement de btn_boutique_menu-> 10/331 | 3%
[2026-04-20 10:48:39] [INFO] Chargement de btn_boutique_menu-> 10/331 | 3%
[2026-04-20 10:48:39] [INFO] Chargement de btn_boutique_menu-> 10/331 | 3%
[2026-04-20 10:48:39] [INFO] Chargement de btn_option_menu-> 11/331 | 3%
[2026-04-20 10:48:39] [INFO] Chargement de btn_option_menu-> 11/331 | 3%
[2026-04-20 10:48:39] [INFO] Chargement de btn_play-> 12/331 | 3%
[2026-04-20 10:48:39] [INFO] Chargement de btn_play-> 12/331 | 3%
[2026-04-20 10:48:39] [INFO] Chargement de btn_quitter-> 13/331 | 3%
[2026-04-20 10:48:39] [INFO] Chargement de btn_quitter-> 13/331 | 3%
[2026-04-20 10:48:39] [INFO] Chargement de btn_quitter-> 13/331 | 3%
[2026-04-20 10:48:39] [INFO] Chargement de barre_laterale-> 16/331 | 4%
[2026-04-20 10:48:39] [INFO] Chargement de boutique_frame-> 18/331 | 5%
[2026-04-20 10:48:39] [INFO] Chargement de boutique_pression-> 20/331 | 6%
[2026-04-20 10:48:39] [INFO] Chargement de danger-> 23/331 | 6%
[2026-04-20 10:48:39] [INFO] Chargement de pression_icon-> 24/331 | 7%
[2026-04-20 10:48:39] [INFO] Chargement de bedrock-> 34/331 | 10%
[2026-04-20 10:48:39] [INFO] Chargement de cobbled_deepslate-> 44/331 | 13%
[2026-04-20 10:48:39] [INFO] Chargement de robot_1-> 54/331 | 16%
[2026-04-20 10:48:39] [INFO] Chargement de robot_75-> 66/331 | 19%
[2026-04-20 10:48:39] [INFO] Chargement de robot_3d_0001-> 73/331 | 22%
[2026-04-20 10:48:39] [INFO] Chargement de robot_3d_0002-> 74/331 | 22%
[2026-04-20 10:48:39] [INFO] Chargement de robot_3d_0004-> 76/331 | 22%
[2026-04-20 10:48:39] [INFO] Chargement de robot_3d_0004-> 76/331 | 22%
[2026-04-20 10:48:39] [INFO] Chargement de robot_3d_0005-> 77/331 | 23%
[2026-04-20 10:48:39] [INFO] Chargement de robot_3d_0007-> 79/331 | 23%
[2026-04-20 10:48:39] [INFO] Chargement de robot_3d_0008-> 80/331 | 24%
[2026-04-20 10:48:39] [INFO] Chargement de robot_3d_0009-> 81/331 | 24%
[2026-04-20 10:48:39] [INFO] Chargement de robot_3d_0010-> 82/331 | 24%
[2026-04-20 10:48:39] [INFO] Chargement de robot_3d_0011-> 83/331 | 25%
[2026-04-20 10:48:39] [INFO] Chargement de robot_3d_0012-> 84/331 | 25%
[2026-04-20 10:48:39] [INFO] Chargement de robot_3d_0013-> 85/331 | 25%
[2026-04-20 10:48:39] [INFO] Chargement de robot_3d_0015-> 87/331 | 26%
[2026-04-20 10:48:39] [INFO] Chargement de robot_3d_0016-> 88/331 | 26%
[2026-04-20 10:48:39] [INFO] Chargement de robot_3d_0018-> 90/331 | 27%
[2026-04-20 10:48:39] [INFO] Chargement de robot_3d_0018-> 90/331 | 27%
[2026-04-20 10:48:40] [INFO] Chargement de robot_3d_0020-> 92/331 | 27%
[2026-04-20 10:48:40] [INFO] Chargement de robot_3d_0021-> 93/331 | 28%
[2026-04-20 10:48:40] [INFO] Chargement de robot_3d_0023-> 95/331 | 28%
[2026-04-20 10:48:40] [INFO] Chargement de robot_3d_0024-> 96/331 | 29%
[2026-04-20 10:48:40] [INFO] Chargement de robot_3d_0026-> 98/331 | 29%
[2026-04-20 10:48:40] [INFO] Chargement de robot_3d_0027-> 99/331 | 29%
[2026-04-20 10:48:40] [INFO] Chargement de robot_3d_0029-> 101/331 | 30%
[2026-04-20 10:48:40] [INFO] Chargement de robot_3d_0030-> 102/331 | 30%
[2026-04-20 10:48:40] [INFO] Chargement de robot_3d_0030-> 102/331 | 30%
[2026-04-20 10:48:40] [INFO] Chargement de robot_3d_0032-> 104/331 | 31%
[2026-04-20 10:48:40] [INFO] Chargement de robot_3d_0033-> 105/331 | 31%
[2026-04-20 10:48:40] [INFO] Chargement de robot_3d_0034-> 106/331 | 32%
[2026-04-20 10:48:40] [INFO] Chargement de robot_3d_0036-> 108/331 | 32%
[2026-04-20 10:48:40] [INFO] Chargement de robot_3d_0037-> 109/331 | 32%
[2026-04-20 10:48:40] [INFO] Chargement de robot_3d_0039-> 111/331 | 33%
[2026-04-20 10:48:40] [INFO] Chargement de robot_3d_0041-> 113/331 | 34%
[2026-04-20 10:48:40] [INFO] Chargement de robot_3d_0042-> 114/331 | 34%
[2026-04-20 10:48:40] [INFO] Chargement de robot_3d_0043-> 115/331 | 34%
[2026-04-20 10:48:40] [INFO] Chargement de robot_3d_0043-> 115/331 | 34%
[2026-04-20 10:48:40] [INFO] Chargement de robot_3d_0045-> 117/331 | 35%
[2026-04-20 10:48:40] [INFO] Chargement de robot_3d_0047-> 119/331 | 35%
[2026-04-20 10:48:40] [INFO] Chargement de robot_3d_0048-> 120/331 | 36%
[2026-04-20 10:48:40] [INFO] Chargement de robot_3d_0050-> 122/331 | 36%
[2026-04-20 10:48:40] [INFO] Chargement de robot_3d_0052-> 124/331 | 37%
[2026-04-20 10:48:40] [INFO] Chargement de robot_3d_0053-> 125/331 | 37%
[2026-04-20 10:48:40] [INFO] Chargement de robot_3d_0054-> 126/331 | 38%
[2026-04-20 10:48:40] [INFO] Chargement de robot_3d_0056-> 128/331 | 38%
[2026-04-20 10:48:40] [INFO] Chargement de robot_3d_0058-> 130/331 | 39%
[2026-04-20 10:48:40] [INFO] Chargement de robot_3d_0058-> 130/331 | 39%
[2026-04-20 10:48:40] [INFO] Chargement de robot_3d_0059-> 131/331 | 39%
[2026-04-20 10:48:40] [INFO] Chargement de robot_3d_0060-> 132/331 | 39%
[2026-04-20 10:48:40] [INFO] Chargement de robot_3d_0061-> 133/331 | 40%
[2026-04-20 10:48:40] [INFO] Chargement de robot_3d_0062-> 134/331 | 40%
[2026-04-20 10:48:40] [INFO] Chargement de robot_3d_0064-> 136/331 | 41%
[2026-04-20 10:48:40] [INFO] Chargement de robot_3d_0065-> 137/331 | 41%
[2026-04-20 10:48:40] [INFO] Chargement de robot_3d_0066-> 138/331 | 41%
[2026-04-20 10:48:40] [INFO] Chargement de robot_3d_0067-> 139/331 | 41%
[2026-04-20 10:48:40] [INFO] Chargement de robot_3d_0068-> 140/331 | 42%
[2026-04-20 10:48:40] [INFO] Chargement de robot_3d_0069-> 141/331 | 42%
[2026-04-20 10:48:40] [INFO] Chargement de robot_3d_0071-> 143/331 | 43%
[2026-04-20 10:48:40] [INFO] Chargement de robot_3d_0072-> 144/331 | 43%
[2026-04-20 10:48:40] [INFO] Chargement de robot_3d_0073-> 145/331 | 43%
[2026-04-20 10:48:40] [INFO] Chargement de robot_3d_0075-> 147/331 | 44%
[2026-04-20 10:48:40] [INFO] Chargement de robot_3d_0076-> 148/331 | 44%
[2026-04-20 10:48:40] [INFO] Chargement de robot_3d_0078-> 150/331 | 45%
[2026-04-20 10:48:40] [INFO] Chargement de robot_3d_0079-> 151/331 | 45%
[2026-04-20 10:48:40] [INFO] Chargement de robot_3d_0080-> 152/331 | 45%
[2026-04-20 10:48:40] [INFO] Chargement de robot_3d_0082-> 154/331 | 46%
[2026-04-20 10:48:40] [INFO] Chargement de robot_3d_0082-> 154/331 | 46%
[2026-04-20 10:48:40] [INFO] Chargement de robot_3d_0083-> 155/331 | 46%
[2026-04-20 10:48:40] [INFO] Chargement de robot_3d_0085-> 157/331 | 47%
[2026-04-20 10:48:40] [INFO] Chargement de robot_3d_0087-> 159/331 | 48%
[2026-04-20 10:48:40] [INFO] Chargement de robot_3d_0088-> 160/331 | 48%
[2026-04-20 10:48:40] [INFO] Chargement de robot_3d_0090-> 162/331 | 48%
[2026-04-20 10:48:40] [INFO] Chargement de robot_3d_0092-> 164/331 | 49%
[2026-04-20 10:48:40] [INFO] Chargement de robot_3d_0093-> 165/331 | 49%
[2026-04-20 10:48:40] [INFO] Chargement de robot_3d_0094-> 166/331 | 50%
[2026-04-20 10:48:40] [INFO] Chargement de robot_3d_0095-> 167/331 | 50%
[2026-04-20 10:48:40] [INFO] Chargement de robot_3d_0097-> 169/331 | 51%
[2026-04-20 10:48:40] [INFO] Chargement de robot_3d_0098-> 170/331 | 51%
[2026-04-20 10:48:40] [INFO] Chargement de robot_3d_0100-> 172/331 | 51%
[2026-04-20 10:48:40] [INFO] Chargement de robot_3d_0101-> 173/331 | 52%
[2026-04-20 10:48:40] [INFO] Chargement de robot_3d_0102-> 174/331 | 52%
[2026-04-20 10:48:40] [INFO] Chargement de robot_3d_0104-> 176/331 | 53%
[2026-04-20 10:48:40] [INFO] Chargement de robot_3d_0106-> 178/331 | 53%
[2026-04-20 10:48:40] [INFO] Chargement de robot_3d_0107-> 179/331 | 54%
[2026-04-20 10:48:40] [INFO] Chargement de robot_3d_0109-> 181/331 | 54%
[2026-04-20 10:48:40] [INFO] Chargement de robot_3d_0111-> 183/331 | 55%
[2026-04-20 10:48:40] [INFO] Chargement de robot_3d_0113-> 185/331 | 55%
[2026-04-20 10:48:40] [INFO] Chargement de robot_3d_0115-> 187/331 | 56%
[2026-04-20 10:48:40] [INFO] Chargement de robot_3d_0117-> 189/331 | 57%
[2026-04-20 10:48:40] [INFO] Chargement de robot_3d_0118-> 190/331 | 57%
[2026-04-20 10:48:40] [INFO] Chargement de robot_3d_0119-> 191/331 | 57%
[2026-04-20 10:48:40] [INFO] Chargement de robot_3d_0120-> 192/331 | 58%
[2026-04-20 10:48:40] [INFO] Chargement de robot_3d_0122-> 194/331 | 58%
[2026-04-20 10:48:40] [INFO] Chargement de robot_3d_0123-> 195/331 | 58%
[2026-04-20 10:48:40] [INFO] Chargement de robot_3d_0124-> 196/331 | 59%
[2026-04-20 10:48:40] [INFO] Chargement de robot_3d_0126-> 198/331 | 59%
[2026-04-20 10:48:40] [INFO] Chargement de robot_3d_0127-> 199/331 | 60%
[2026-04-20 10:48:40] [INFO] Chargement de robot_3d_0129-> 201/331 | 60%
[2026-04-20 10:48:40] [INFO] Chargement de robot_3d_0130-> 202/331 | 61%
[2026-04-20 10:48:40] [INFO] Chargement de robot_3d_0132-> 204/331 | 61%
[2026-04-20 10:48:40] [INFO] Chargement de robot_3d_0133-> 205/331 | 61%
[2026-04-20 10:48:40] [INFO] Chargement de robot_3d_0135-> 207/331 | 62%
[2026-04-20 10:48:41] [INFO] Chargement de robot_3d_0136-> 208/331 | 62%
[2026-04-20 10:48:41] [INFO] Chargement de robot_3d_0137-> 209/331 | 63%
[2026-04-20 10:48:41] [INFO] Chargement de robot_3d_0138-> 210/331 | 63%
[2026-04-20 10:48:41] [INFO] Chargement de robot_3d_0140-> 212/331 | 64%
[2026-04-20 10:48:41] [INFO] Chargement de robot_3d_0141-> 213/331 | 64%
[2026-04-20 10:48:41] [INFO] Chargement de robot_3d_0143-> 215/331 | 64%
[2026-04-20 10:48:41] [INFO] Chargement de robot_3d_0145-> 217/331 | 65%
[2026-04-20 10:48:41] [INFO] Chargement de robot_3d_0147-> 219/331 | 66%
[2026-04-20 10:48:41] [INFO] Chargement de robot_3d_0148-> 220/331 | 66%
[2026-04-20 10:48:41] [INFO] Chargement de robot_3d_0150-> 222/331 | 67%
[2026-04-20 10:48:41] [INFO] Chargement de robot_3d_0152-> 224/331 | 67%
[2026-04-20 10:48:41] [INFO] Chargement de robot_3d_0153-> 225/331 | 67%
[2026-04-20 10:48:41] [INFO] Chargement de robot_3d_0154-> 226/331 | 68%
[2026-04-20 10:48:41] [INFO] Chargement de robot_3d_0156-> 228/331 | 68%
[2026-04-20 10:48:41] [INFO] Chargement de robot_3d_0158-> 230/331 | 69%
[2026-04-20 10:48:41] [INFO] Chargement de robot_3d_0159-> 231/331 | 69%
[2026-04-20 10:48:41] [INFO] Chargement de robot_3d_0160-> 232/331 | 70%
[2026-04-20 10:48:41] [INFO] Chargement de robot_3d_0161-> 233/331 | 70%
[2026-04-20 10:48:41] [INFO] Chargement de robot_3d_0162-> 234/331 | 70%
[2026-04-20 10:48:41] [INFO] Chargement de robot_3d_0163-> 235/331 | 70%
[2026-04-20 10:48:41] [INFO] Chargement de robot_3d_0165-> 237/331 | 71%
[2026-04-20 10:48:41] [INFO] Chargement de robot_3d_0167-> 239/331 | 72%
[2026-04-20 10:48:41] [INFO] Chargement de robot_3d_0168-> 240/331 | 72%
[2026-04-20 10:48:41] [INFO] Chargement de robot_3d_0169-> 241/331 | 72%
[2026-04-20 10:48:41] [INFO] Chargement de robot_3d_0171-> 243/331 | 73%
[2026-04-20 10:48:41] [INFO] Chargement de robot_3d_0173-> 245/331 | 74%
[2026-04-20 10:48:41] [INFO] Chargement de robot_3d_0174-> 246/331 | 74%
[2026-04-20 10:48:41] [INFO] Chargement de robot_3d_0176-> 248/331 | 74%
[2026-04-20 10:48:41] [INFO] Chargement de robot_3d_0178-> 250/331 | 75%
[2026-04-20 10:48:41] [INFO] Chargement de robot_3d_0180-> 252/331 | 76%
[2026-04-20 10:48:41] [INFO] Chargement de robot_3d_0180-> 252/331 | 76%
[2026-04-20 10:48:41] [INFO] Chargement de robot_3d_0182-> 254/331 | 76%
[2026-04-20 10:48:41] [INFO] Chargement de robot_3d_0183-> 255/331 | 77%
[2026-04-20 10:48:41] [INFO] Chargement de robot_3d_0184-> 256/331 | 77%
[2026-04-20 10:48:41] [INFO] Chargement de robot_3d_0186-> 258/331 | 77%
[2026-04-20 10:48:41] [INFO] Chargement de robot_3d_0187-> 259/331 | 78%
[2026-04-20 10:48:41] [INFO] Chargement de robot_3d_0188-> 260/331 | 78%
[2026-04-20 10:48:41] [INFO] Chargement de robot_3d_0190-> 262/331 | 79%
[2026-04-20 10:48:41] [INFO] Chargement de robot_3d_0192-> 264/331 | 79%
[2026-04-20 10:48:41] [INFO] Chargement de robot_3d_0194-> 266/331 | 80%
[2026-04-20 10:48:41] [INFO] Chargement de robot_3d_0196-> 268/331 | 80%
[2026-04-20 10:48:41] [INFO] Chargement de robot_3d_0198-> 270/331 | 81%
[2026-04-20 10:48:41] [INFO] Chargement de robot_3d_0199-> 271/331 | 81%
[2026-04-20 10:48:41] [INFO] Chargement de robot_3d_0201-> 273/331 | 82%
[2026-04-20 10:48:41] [INFO] Chargement de robot_3d_0202-> 274/331 | 82%
[2026-04-20 10:48:41] [INFO] Chargement de robot_3d_0203-> 275/331 | 83%
[2026-04-20 10:48:41] [INFO] Chargement de robot_3d_0205-> 277/331 | 83%
[2026-04-20 10:48:41] [INFO] Chargement de robot_3d_0207-> 279/331 | 84%
[2026-04-20 10:48:41] [INFO] Chargement de robot_3d_0209-> 281/331 | 84%
[2026-04-20 10:48:41] [INFO] Chargement de robot_3d_0211-> 283/331 | 85%
[2026-04-20 10:48:41] [INFO] Chargement de robot_3d_0213-> 285/331 | 86%
[2026-04-20 10:48:41] [INFO] Chargement de robot_3d_0214-> 286/331 | 86%
[2026-04-20 10:48:41] [INFO] Chargement de robot_3d_0215-> 287/331 | 86%
[2026-04-20 10:48:41] [INFO] Chargement de robot_3d_0217-> 289/331 | 87%
[2026-04-20 10:48:41] [INFO] Chargement de robot_3d_0219-> 291/331 | 87%
[2026-04-20 10:48:41] [INFO] Chargement de robot_3d_0219-> 291/331 | 87%
[2026-04-20 10:48:41] [INFO] Chargement de robot_3d_0221-> 293/331 | 88%
[2026-04-20 10:48:41] [INFO] Chargement de robot_3d_0223-> 295/331 | 89%
[2026-04-20 10:48:41] [INFO] Chargement de robot_3d_0225-> 297/331 | 89%
[2026-04-20 10:48:41] [INFO] Chargement de robot_3d_0225-> 297/331 | 89%
[2026-04-20 10:48:41] [INFO] Chargement de robot_3d_0227-> 299/331 | 90%
[2026-04-20 10:48:41] [INFO] Chargement de robot_3d_0229-> 301/331 | 90%
[2026-04-20 10:48:41] [INFO] Chargement de robot_3d_0231-> 303/331 | 91%
[2026-04-20 10:48:41] [INFO] Chargement de robot_3d_0233-> 305/331 | 92%
[2026-04-20 10:48:41] [INFO] Chargement de robot_3d_0234-> 306/331 | 92%
[2026-04-20 10:48:41] [INFO] Chargement de robot_3d_0235-> 307/331 | 92%
[2026-04-20 10:48:41] [INFO] Chargement de robot_3d_0236-> 308/331 | 93%
[2026-04-20 10:48:41] [INFO] Chargement de robot_3d_0238-> 310/331 | 93%
[2026-04-20 10:48:41] [INFO] Chargement de robot_3d_0240-> 312/331 | 94%
[2026-04-20 10:48:41] [INFO] Chargement de lava_1-> 322/331 | 97%
[2026-04-20 10:48:41] [INFO] Assets chargés, redirect vers play_menu
[2026-04-20 10:48:41] [INFO] Entrez dans play_menu avec le compte tsukira2.json
[2026-04-20 10:49:13] [INFO] Compte choisi -> True
[2026-04-20 10:49:13] [INFO] Main Menu
[2026-04-20 10:49:13] [INFO] Entrez dans compte
[2026-04-20 10:49:17] [INFO] Entrez dans load_menu avec le compte -> tsukira2.json
[2026-04-20 10:49:17] [INFO] Chargement de creator-> 2/331 | 0%
[2026-04-20 10:49:17] [INFO] Chargement de creator-> 2/331 | 0%
[2026-04-20 10:49:17] [INFO] Chargement de the_void-> 4/331 | 1%
[2026-04-20 10:49:17] [INFO] Chargement de the_void_full-> 5/331 | 1%
[2026-04-20 10:49:17] [INFO] Chargement de underground_1-> 6/331 | 1%
[2026-04-20 10:49:17] [INFO] Chargement de underground_2-> 7/331 | 2%
[2026-04-20 10:49:17] [INFO] Chargement de underground_3-> 8/331 | 2%
[2026-04-20 10:49:17] [INFO] Chargement de btn_play_menu-> 9/331 | 2%
[2026-04-20 10:49:17] [INFO] Chargement de btn_play_menu-> 9/331 | 2%
[2026-04-20 10:49:17] [INFO] Chargement de btn_boutique_menu-> 10/331 | 3%
[2026-04-20 10:49:17] [INFO] Chargement de btn_boutique_menu-> 10/331 | 3%
[2026-04-20 10:49:17] [INFO] Chargement de btn_option_menu-> 11/331 | 3%
[2026-04-20 10:49:17] [INFO] Chargement de btn_option_menu-> 11/331 | 3%
[2026-04-20 10:49:17] [INFO] Chargement de btn_play-> 12/331 | 3%
[2026-04-20 10:49:17] [INFO] Chargement de btn_play-> 12/331 | 3%
[2026-04-20 10:49:17] [INFO] Chargement de btn_quitter-> 13/331 | 3%
[2026-04-20 10:49:17] [INFO] Chargement de btn_quitter-> 13/331 | 3%
[2026-04-20 10:49:17] [INFO] Chargement de btn_quitter-> 13/331 | 3%
[2026-04-20 10:49:17] [INFO] Chargement de refresh_btn-> 15/331 | 4%
[2026-04-20 10:49:17] [INFO] Chargement de boutique_energy-> 19/331 | 5%
[2026-04-20 10:49:17] [INFO] Chargement de boutique_pression-> 20/331 | 6%
[2026-04-20 10:49:17] [INFO] Chargement de pression_icon-> 24/331 | 7%
[2026-04-20 10:49:17] [INFO] Chargement de oak_strairs_L-> 36/331 | 10%
[2026-04-20 10:49:17] [INFO] Chargement de deepslate-> 48/331 | 14%
[2026-04-20 10:49:18] [INFO] Chargement de robot_7-> 60/331 | 18%
[2026-04-20 10:49:18] [INFO] Chargement de bird_1-> 70/331 | 21%
[2026-04-20 10:49:18] [INFO] Chargement de robot_3d_0002-> 74/331 | 22%
[2026-04-20 10:49:18] [INFO] Chargement de robot_3d_0003-> 75/331 | 22%
[2026-04-20 10:49:18] [INFO] Chargement de robot_3d_0003-> 75/331 | 22%
[2026-04-20 10:49:18] [INFO] Chargement de robot_3d_0005-> 77/331 | 23%
[2026-04-20 10:49:18] [INFO] Chargement de robot_3d_0005-> 77/331 | 23%
[2026-04-20 10:49:18] [INFO] Chargement de robot_3d_0006-> 78/331 | 23%
[2026-04-20 10:49:18] [INFO] Chargement de robot_3d_0008-> 80/331 | 24%
[2026-04-20 10:49:18] [INFO] Chargement de robot_3d_0008-> 80/331 | 24%
[2026-04-20 10:49:18] [INFO] Chargement de robot_3d_0010-> 82/331 | 24%
[2026-04-20 10:49:18] [INFO] Chargement de robot_3d_0011-> 83/331 | 25%
[2026-04-20 10:49:18] [INFO] Chargement de robot_3d_0012-> 84/331 | 25%
[2026-04-20 10:49:18] [INFO] Chargement de robot_3d_0012-> 84/331 | 25%
[2026-04-20 10:49:18] [INFO] Chargement de robot_3d_0013-> 85/331 | 25%
[2026-04-20 10:49:18] [INFO] Chargement de robot_3d_0015-> 87/331 | 26%
[2026-04-20 10:49:18] [INFO] Chargement de robot_3d_0017-> 89/331 | 26%
[2026-04-20 10:49:18] [INFO] Chargement de robot_3d_0018-> 90/331 | 27%
[2026-04-20 10:49:18] [INFO] Chargement de robot_3d_0020-> 92/331 | 27%
[2026-04-20 10:49:18] [INFO] Chargement de robot_3d_0021-> 93/331 | 28%
[2026-04-20 10:49:18] [INFO] Chargement de robot_3d_0022-> 94/331 | 28%
[2026-04-20 10:49:18] [INFO] Chargement de robot_3d_0023-> 95/331 | 28%
[2026-04-20 10:49:18] [INFO] Chargement de robot_3d_0023-> 95/331 | 28%
[2026-04-20 10:49:18] [INFO] Chargement de robot_3d_0024-> 96/331 | 29%
[2026-04-20 10:49:18] [INFO] Chargement de robot_3d_0026-> 98/331 | 29%
[2026-04-20 10:49:18] [INFO] Chargement de robot_3d_0027-> 99/331 | 29%
[2026-04-20 10:49:18] [INFO] Chargement de robot_3d_0028-> 100/331 | 30%
[2026-04-20 10:49:18] [INFO] Chargement de robot_3d_0029-> 101/331 | 30%
[2026-04-20 10:49:18] [INFO] Chargement de robot_3d_0031-> 103/331 | 31%
[2026-04-20 10:49:18] [INFO] Chargement de robot_3d_0032-> 104/331 | 31%
[2026-04-20 10:49:18] [INFO] Chargement de robot_3d_0034-> 106/331 | 32%
[2026-04-20 10:49:18] [INFO] Chargement de robot_3d_0035-> 107/331 | 32%
[2026-04-20 10:49:18] [INFO] Chargement de robot_3d_0036-> 108/331 | 32%
[2026-04-20 10:49:18] [INFO] Chargement de robot_3d_0038-> 110/331 | 33%
[2026-04-20 10:49:18] [INFO] Chargement de robot_3d_0039-> 111/331 | 33%
[2026-04-20 10:49:18] [INFO] Chargement de robot_3d_0039-> 111/331 | 33%
[2026-04-20 10:49:18] [INFO] Chargement de robot_3d_0042-> 114/331 | 34%
[2026-04-20 10:49:18] [INFO] Chargement de robot_3d_0043-> 115/331 | 34%
[2026-04-20 10:49:18] [INFO] Chargement de robot_3d_0044-> 116/331 | 35%
[2026-04-20 10:49:18] [INFO] Chargement de robot_3d_0044-> 116/331 | 35%
[2026-04-20 10:49:18] [INFO] Chargement de robot_3d_0046-> 118/331 | 35%
[2026-04-20 10:49:18] [INFO] Chargement de robot_3d_0048-> 120/331 | 36%
[2026-04-20 10:49:18] [INFO] Chargement de robot_3d_0049-> 121/331 | 36%
[2026-04-20 10:49:18] [INFO] Chargement de robot_3d_0051-> 123/331 | 37%
[2026-04-20 10:49:18] [INFO] Chargement de robot_3d_0053-> 125/331 | 37%
[2026-04-20 10:49:18] [INFO] Chargement de robot_3d_0055-> 127/331 | 38%
[2026-04-20 10:49:18] [INFO] Chargement de robot_3d_0057-> 129/331 | 38%
[2026-04-20 10:49:18] [INFO] Chargement de robot_3d_0059-> 131/331 | 39%
[2026-04-20 10:49:18] [INFO] Chargement de robot_3d_0061-> 133/331 | 40%
[2026-04-20 10:49:18] [INFO] Chargement de robot_3d_0062-> 134/331 | 40%
[2026-04-20 10:49:18] [INFO] Chargement de robot_3d_0064-> 136/331 | 41%
[2026-04-20 10:49:18] [INFO] Chargement de robot_3d_0065-> 137/331 | 41%
[2026-04-20 10:49:18] [INFO] Chargement de robot_3d_0067-> 139/331 | 41%
[2026-04-20 10:49:18] [INFO] Chargement de robot_3d_0068-> 140/331 | 42%
[2026-04-20 10:49:18] [INFO] Chargement de robot_3d_0069-> 141/331 | 42%
[2026-04-20 10:49:18] [INFO] Chargement de robot_3d_0070-> 142/331 | 42%
[2026-04-20 10:49:18] [INFO] Chargement de robot_3d_0071-> 143/331 | 43%
[2026-04-20 10:49:18] [INFO] Chargement de robot_3d_0072-> 144/331 | 43%
[2026-04-20 10:49:18] [INFO] Chargement de robot_3d_0074-> 146/331 | 44%
[2026-04-20 10:49:18] [INFO] Chargement de robot_3d_0075-> 147/331 | 44%
[2026-04-20 10:49:18] [INFO] Chargement de robot_3d_0076-> 148/331 | 44%
[2026-04-20 10:49:18] [INFO] Chargement de robot_3d_0078-> 150/331 | 45%
[2026-04-20 10:49:18] [INFO] Chargement de robot_3d_0080-> 152/331 | 45%
[2026-04-20 10:49:18] [INFO] Chargement de robot_3d_0082-> 154/331 | 46%
[2026-04-20 10:49:18] [INFO] Chargement de robot_3d_0083-> 155/331 | 46%
[2026-04-20 10:49:18] [INFO] Chargement de robot_3d_0084-> 156/331 | 47%
[2026-04-20 10:49:18] [INFO] Chargement de robot_3d_0085-> 157/331 | 47%
[2026-04-20 10:49:18] [INFO] Chargement de robot_3d_0087-> 159/331 | 48%
[2026-04-20 10:49:18] [INFO] Chargement de robot_3d_0088-> 160/331 | 48%
[2026-04-20 10:49:19] [INFO] Chargement de robot_3d_0090-> 162/331 | 48%
[2026-04-20 10:49:19] [INFO] Chargement de robot_3d_0091-> 163/331 | 49%
[2026-04-20 10:49:19] [INFO] Chargement de robot_3d_0092-> 164/331 | 49%
[2026-04-20 10:49:19] [INFO] Chargement de robot_3d_0094-> 166/331 | 50%
[2026-04-20 10:49:19] [INFO] Chargement de robot_3d_0096-> 168/331 | 50%
[2026-04-20 10:49:19] [INFO] Chargement de robot_3d_0097-> 169/331 | 51%
[2026-04-20 10:49:19] [INFO] Chargement de robot_3d_0098-> 170/331 | 51%
[2026-04-20 10:49:19] [INFO] Chargement de robot_3d_0099-> 171/331 | 51%
[2026-04-20 10:49:19] [INFO] Chargement de robot_3d_0100-> 172/331 | 51%
[2026-04-20 10:49:19] [INFO] Chargement de robot_3d_0101-> 173/331 | 52%
[2026-04-20 10:49:19] [INFO] Chargement de robot_3d_0103-> 175/331 | 52%
[2026-04-20 10:49:19] [INFO] Chargement de robot_3d_0104-> 176/331 | 53%
[2026-04-20 10:49:19] [INFO] Chargement de robot_3d_0106-> 178/331 | 53%
[2026-04-20 10:49:19] [INFO] Chargement de robot_3d_0108-> 180/331 | 54%
[2026-04-20 10:49:19] [INFO] Chargement de robot_3d_0110-> 182/331 | 54%
[2026-04-20 10:49:19] [INFO] Chargement de robot_3d_0111-> 183/331 | 55%
[2026-04-20 10:49:19] [INFO] Chargement de robot_3d_0112-> 184/331 | 55%
[2026-04-20 10:49:19] [INFO] Chargement de robot_3d_0113-> 185/331 | 55%
[2026-04-20 10:49:19] [INFO] Chargement de robot_3d_0116-> 188/331 | 56%
[2026-04-20 10:49:19] [INFO] Chargement de robot_3d_0117-> 189/331 | 57%
[2026-04-20 10:49:19] [INFO] Chargement de robot_3d_0118-> 190/331 | 57%
[2026-04-20 10:49:19] [INFO] Chargement de robot_3d_0120-> 192/331 | 58%
[2026-04-20 10:49:19] [INFO] Chargement de robot_3d_0122-> 194/331 | 58%
[2026-04-20 10:49:19] [INFO] Chargement de robot_3d_0124-> 196/331 | 59%
[2026-04-20 10:49:19] [INFO] Chargement de robot_3d_0126-> 198/331 | 59%
[2026-04-20 10:49:19] [INFO] Chargement de robot_3d_0127-> 199/331 | 60%
[2026-04-20 10:49:19] [INFO] Chargement de robot_3d_0129-> 201/331 | 60%
[2026-04-20 10:49:19] [INFO] Chargement de robot_3d_0130-> 202/331 | 61%
[2026-04-20 10:49:19] [INFO] Chargement de robot_3d_0131-> 203/331 | 61%
[2026-04-20 10:49:19] [INFO] Chargement de robot_3d_0132-> 204/331 | 61%
[2026-04-20 10:49:19] [INFO] Chargement de robot_3d_0134-> 206/331 | 62%
[2026-04-20 10:49:19] [INFO] Chargement de robot_3d_0135-> 207/331 | 62%
[2026-04-20 10:49:19] [INFO] Chargement de robot_3d_0136-> 208/331 | 62%
[2026-04-20 10:49:19] [INFO] Chargement de robot_3d_0137-> 209/331 | 63%
[2026-04-20 10:49:19] [INFO] Chargement de robot_3d_0138-> 210/331 | 63%
[2026-04-20 10:49:19] [INFO] Chargement de robot_3d_0140-> 212/331 | 64%
[2026-04-20 10:49:19] [INFO] Chargement de robot_3d_0142-> 214/331 | 64%
[2026-04-20 10:49:19] [INFO] Chargement de robot_3d_0143-> 215/331 | 64%
[2026-04-20 10:49:19] [INFO] Chargement de robot_3d_0145-> 217/331 | 65%
[2026-04-20 10:49:19] [INFO] Chargement de robot_3d_0147-> 219/331 | 66%
[2026-04-20 10:49:19] [INFO] Chargement de robot_3d_0148-> 220/331 | 66%
[2026-04-20 10:49:19] [INFO] Chargement de robot_3d_0150-> 222/331 | 67%
[2026-04-20 10:49:19] [INFO] Chargement de robot_3d_0151-> 223/331 | 67%
[2026-04-20 10:49:19] [INFO] Chargement de robot_3d_0152-> 224/331 | 67%
[2026-04-20 10:49:19] [INFO] Chargement de robot_3d_0154-> 226/331 | 68%
[2026-04-20 10:49:19] [INFO] Chargement de robot_3d_0156-> 228/331 | 68%
[2026-04-20 10:49:19] [INFO] Chargement de robot_3d_0157-> 229/331 | 69%
[2026-04-20 10:49:19] [INFO] Chargement de robot_3d_0158-> 230/331 | 69%
[2026-04-20 10:49:19] [INFO] Chargement de robot_3d_0159-> 231/331 | 69%
[2026-04-20 10:49:19] [INFO] Chargement de robot_3d_0160-> 232/331 | 70%
[2026-04-20 10:49:19] [INFO] Chargement de robot_3d_0161-> 233/331 | 70%
[2026-04-20 10:49:19] [INFO] Chargement de robot_3d_0162-> 234/331 | 70%
[2026-04-20 10:49:19] [INFO] Chargement de robot_3d_0163-> 235/331 | 70%
[2026-04-20 10:49:19] [INFO] Chargement de robot_3d_0164-> 236/331 | 71%
[2026-04-20 10:49:19] [INFO] Chargement de robot_3d_0166-> 238/331 | 71%
[2026-04-20 10:49:19] [INFO] Chargement de robot_3d_0167-> 239/331 | 72%
[2026-04-20 10:49:19] [INFO] Chargement de robot_3d_0168-> 240/331 | 72%
[2026-04-20 10:49:19] [INFO] Chargement de robot_3d_0169-> 241/331 | 72%
[2026-04-20 10:49:19] [INFO] Chargement de robot_3d_0170-> 242/331 | 73%
[2026-04-20 10:49:19] [INFO] Chargement de robot_3d_0172-> 244/331 | 73%
[2026-04-20 10:49:19] [INFO] Chargement de robot_3d_0174-> 246/331 | 74%
[2026-04-20 10:49:19] [INFO] Chargement de robot_3d_0175-> 247/331 | 74%
[2026-04-20 10:49:19] [INFO] Chargement de robot_3d_0177-> 249/331 | 75%
[2026-04-20 10:49:19] [INFO] Chargement de robot_3d_0178-> 250/331 | 75%
[2026-04-20 10:49:19] [INFO] Chargement de robot_3d_0180-> 252/331 | 76%
[2026-04-20 10:49:19] [INFO] Chargement de robot_3d_0182-> 254/331 | 76%
[2026-04-20 10:49:19] [INFO] Chargement de robot_3d_0183-> 255/331 | 77%
[2026-04-20 10:49:19] [INFO] Chargement de robot_3d_0184-> 256/331 | 77%
[2026-04-20 10:49:19] [INFO] Chargement de robot_3d_0186-> 258/331 | 77%
[2026-04-20 10:49:19] [INFO] Chargement de robot_3d_0188-> 260/331 | 78%
[2026-04-20 10:49:19] [INFO] Chargement de robot_3d_0189-> 261/331 | 78%
[2026-04-20 10:49:19] [INFO] Chargement de robot_3d_0190-> 262/331 | 79%
[2026-04-20 10:49:19] [INFO] Chargement de robot_3d_0192-> 264/331 | 79%
[2026-04-20 10:49:19] [INFO] Chargement de robot_3d_0194-> 266/331 | 80%
[2026-04-20 10:49:19] [INFO] Chargement de robot_3d_0196-> 268/331 | 80%
[2026-04-20 10:49:19] [INFO] Chargement de robot_3d_0197-> 269/331 | 81%
[2026-04-20 10:49:19] [INFO] Chargement de robot_3d_0199-> 271/331 | 81%
[2026-04-20 10:49:19] [INFO] Chargement de robot_3d_0201-> 273/331 | 82%
[2026-04-20 10:49:19] [INFO] Chargement de robot_3d_0203-> 275/331 | 83%
[2026-04-20 10:49:19] [INFO] Chargement de robot_3d_0204-> 276/331 | 83%
[2026-04-20 10:49:19] [INFO] Chargement de robot_3d_0205-> 277/331 | 83%
[2026-04-20 10:49:19] [INFO] Chargement de robot_3d_0207-> 279/331 | 84%
[2026-04-20 10:49:19] [INFO] Chargement de robot_3d_0209-> 281/331 | 84%
[2026-04-20 10:49:19] [INFO] Chargement de robot_3d_0210-> 282/331 | 85%
[2026-04-20 10:49:19] [INFO] Chargement de robot_3d_0211-> 283/331 | 85%
[2026-04-20 10:49:19] [INFO] Chargement de robot_3d_0212-> 284/331 | 85%
[2026-04-20 10:49:19] [INFO] Chargement de robot_3d_0214-> 286/331 | 86%
[2026-04-20 10:49:19] [INFO] Chargement de robot_3d_0216-> 288/331 | 87%
[2026-04-20 10:49:19] [INFO] Chargement de robot_3d_0218-> 290/331 | 87%
[2026-04-20 10:49:19] [INFO] Chargement de robot_3d_0220-> 292/331 | 88%
[2026-04-20 10:49:19] [INFO] Chargement de robot_3d_0221-> 293/331 | 88%
[2026-04-20 10:49:19] [INFO] Chargement de robot_3d_0222-> 294/331 | 88%
[2026-04-20 10:49:19] [INFO] Chargement de robot_3d_0223-> 295/331 | 89%
[2026-04-20 10:49:19] [INFO] Chargement de robot_3d_0225-> 297/331 | 89%
[2026-04-20 10:49:19] [INFO] Chargement de robot_3d_0226-> 298/331 | 90%
[2026-04-20 10:49:19] [INFO] Chargement de robot_3d_0228-> 300/331 | 90%
[2026-04-20 10:49:19] [INFO] Chargement de robot_3d_0230-> 302/331 | 91%
[2026-04-20 10:49:20] [INFO] Chargement de robot_3d_0231-> 303/331 | 91%
[2026-04-20 10:49:20] [INFO] Chargement de robot_3d_0232-> 304/331 | 91%
[2026-04-20 10:49:20] [INFO] Chargement de robot_3d_0234-> 306/331 | 92%
[2026-04-20 10:49:20] [INFO] Chargement de robot_3d_0235-> 307/331 | 92%
[2026-04-20 10:49:20] [INFO] Chargement de robot_3d_0237-> 309/331 | 93%
[2026-04-20 10:49:20] [INFO] Chargement de robot_3d_0238-> 310/331 | 93%
[2026-04-20 10:49:20] [INFO] Chargement de robot_3d_0239-> 311/331 | 93%
[2026-04-20 10:49:20] [INFO] Chargement de robot_3d_0240-> 312/331 | 94%
[2026-04-20 10:49:20] [INFO] Chargement de lava_6-> 327/331 | 98%
[2026-04-20 10:49:20] [INFO] Assets chargés, redirect vers play_menu
[2026-04-20 10:49:20] [INFO] Entrez dans play_menu avec le compte tsukira2.json
[2026-04-20 10:49:27] [INFO] Compte choisi -> True
[2026-04-20 10:49:27] [INFO] Main Menu
[2026-04-20 10:49:28] [INFO] Entrez dans compte
[2026-04-20 10:49:29] [INFO] Entrez dans load_menu avec le compte -> tsukira2.json
[2026-04-20 10:49:29] [INFO] Chargement de title-> 1/331 | 0%
[2026-04-20 10:49:29] [INFO] Chargement de creator-> 2/331 | 0%
[2026-04-20 10:49:29] [INFO] Chargement de the_void_full-> 5/331 | 1%
[2026-04-20 10:49:29] [INFO] Chargement de the_void_full-> 5/331 | 1%
[2026-04-20 10:49:29] [INFO] Chargement de underground_2-> 7/331 | 2%
[2026-04-20 10:49:29] [INFO] Chargement de underground_2-> 7/331 | 2%
[2026-04-20 10:49:29] [INFO] Chargement de underground_3-> 8/331 | 2%
[2026-04-20 10:49:29] [INFO] Chargement de btn_play_menu-> 9/331 | 2%
[2026-04-20 10:49:29] [INFO] Chargement de btn_play_menu-> 9/331 | 2%
[2026-04-20 10:49:29] [INFO] Chargement de btn_play_menu-> 9/331 | 2%
[2026-04-20 10:49:29] [INFO] Chargement de btn_boutique_menu-> 10/331 | 3%
[2026-04-20 10:49:29] [INFO] Chargement de btn_boutique_menu-> 10/331 | 3%
[2026-04-20 10:49:29] [INFO] Chargement de btn_option_menu-> 11/331 | 3%
[2026-04-20 10:49:29] [INFO] Chargement de btn_option_menu-> 11/331 | 3%
[2026-04-20 10:49:29] [INFO] Chargement de btn_play-> 12/331 | 3%
[2026-04-20 10:49:29] [INFO] Chargement de btn_play-> 12/331 | 3%
[2026-04-20 10:49:30] [INFO] Chargement de btn_quitter-> 13/331 | 3%
[2026-04-20 10:49:30] [INFO] Chargement de btn_quitter-> 13/331 | 3%
[2026-04-20 10:49:30] [INFO] Chargement de barre_laterale-> 16/331 | 4%
[2026-04-20 10:49:30] [INFO] Chargement de boutique_frame-> 18/331 | 5%
[2026-04-20 10:49:30] [INFO] Chargement de boutique_pression-> 20/331 | 6%
[2026-04-20 10:49:30] [INFO] Chargement de danger-> 23/331 | 6%
[2026-04-20 10:49:30] [INFO] Chargement de dirt-> 25/331 | 7%
[2026-04-20 10:49:30] [INFO] Chargement de oak_strairs_L-> 36/331 | 10%
[2026-04-20 10:49:30] [INFO] Chargement de lapis_ore-> 46/331 | 13%
[2026-04-20 10:49:30] [INFO] Chargement de robot_4-> 57/331 | 17%
[2026-04-20 10:49:30] [INFO] Chargement de bird_1-> 70/331 | 21%
[2026-04-20 10:49:30] [INFO] Chargement de robot_3d_0001-> 73/331 | 22%
[2026-04-20 10:49:30] [INFO] Chargement de robot_3d_0003-> 75/331 | 22%
[2026-04-20 10:49:30] [INFO] Chargement de robot_3d_0004-> 76/331 | 22%
[2026-04-20 10:49:30] [INFO] Chargement de robot_3d_0005-> 77/331 | 23%
[2026-04-20 10:49:30] [INFO] Chargement de robot_3d_0005-> 77/331 | 23%
[2026-04-20 10:49:30] [INFO] Chargement de robot_3d_0007-> 79/331 | 23%
[2026-04-20 10:49:30] [INFO] Chargement de robot_3d_0008-> 80/331 | 24%
[2026-04-20 10:49:30] [INFO] Chargement de robot_3d_0008-> 80/331 | 24%
[2026-04-20 10:49:30] [INFO] Chargement de robot_3d_0010-> 82/331 | 24%
[2026-04-20 10:49:30] [INFO] Chargement de robot_3d_0011-> 83/331 | 25%
[2026-04-20 10:49:30] [INFO] Chargement de robot_3d_0013-> 85/331 | 25%
[2026-04-20 10:49:30] [INFO] Chargement de robot_3d_0014-> 86/331 | 25%
[2026-04-20 10:49:30] [INFO] Chargement de robot_3d_0016-> 88/331 | 26%
[2026-04-20 10:49:30] [INFO] Chargement de robot_3d_0016-> 88/331 | 26%
[2026-04-20 10:49:30] [INFO] Chargement de robot_3d_0018-> 90/331 | 27%
[2026-04-20 10:49:30] [INFO] Chargement de robot_3d_0019-> 91/331 | 27%
[2026-04-20 10:49:30] [INFO] Chargement de robot_3d_0020-> 92/331 | 27%
[2026-04-20 10:49:30] [INFO] Chargement de robot_3d_0021-> 93/331 | 28%
[2026-04-20 10:49:30] [INFO] Chargement de robot_3d_0021-> 93/331 | 28%
[2026-04-20 10:49:30] [INFO] Chargement de robot_3d_0023-> 95/331 | 28%
[2026-04-20 10:49:30] [INFO] Chargement de robot_3d_0024-> 96/331 | 29%
[2026-04-20 10:49:30] [INFO] Chargement de robot_3d_0025-> 97/331 | 29%
[2026-04-20 10:49:30] [INFO] Chargement de robot_3d_0026-> 98/331 | 29%
[2026-04-20 10:49:30] [INFO] Chargement de robot_3d_0028-> 100/331 | 30%
[2026-04-20 10:49:30] [INFO] Chargement de robot_3d_0029-> 101/331 | 30%
[2026-04-20 10:49:30] [INFO] Chargement de robot_3d_0030-> 102/331 | 30%
[2026-04-20 10:49:30] [INFO] Chargement de robot_3d_0032-> 104/331 | 31%
[2026-04-20 10:49:30] [INFO] Chargement de robot_3d_0034-> 106/331 | 32%
[2026-04-20 10:49:30] [INFO] Chargement de robot_3d_0036-> 108/331 | 32%
[2026-04-20 10:49:30] [INFO] Chargement de robot_3d_0037-> 109/331 | 32%
[2026-04-20 10:49:30] [INFO] Chargement de robot_3d_0038-> 110/331 | 33%
[2026-04-20 10:49:30] [INFO] Chargement de robot_3d_0040-> 112/331 | 33%
[2026-04-20 10:49:30] [INFO] Chargement de robot_3d_0041-> 113/331 | 34%
[2026-04-20 10:49:30] [INFO] Chargement de robot_3d_0042-> 114/331 | 34%
[2026-04-20 10:49:30] [INFO] Chargement de robot_3d_0043-> 115/331 | 34%
[2026-04-20 10:49:30] [INFO] Chargement de robot_3d_0045-> 117/331 | 35%
[2026-04-20 10:49:30] [INFO] Chargement de robot_3d_0045-> 117/331 | 35%
[2026-04-20 10:49:30] [INFO] Chargement de robot_3d_0047-> 119/331 | 35%
[2026-04-20 10:49:30] [INFO] Chargement de robot_3d_0048-> 120/331 | 36%
[2026-04-20 10:49:30] [INFO] Chargement de robot_3d_0049-> 121/331 | 36%
[2026-04-20 10:49:30] [INFO] Chargement de robot_3d_0050-> 122/331 | 36%
[2026-04-20 10:49:30] [INFO] Chargement de robot_3d_0052-> 124/331 | 37%
[2026-04-20 10:49:30] [INFO] Chargement de robot_3d_0054-> 126/331 | 38%
[2026-04-20 10:49:30] [INFO] Chargement de robot_3d_0056-> 128/331 | 38%
[2026-04-20 10:49:30] [INFO] Chargement de robot_3d_0057-> 129/331 | 38%
[2026-04-20 10:49:30] [INFO] Chargement de robot_3d_0058-> 130/331 | 39%
[2026-04-20 10:49:30] [INFO] Chargement de robot_3d_0060-> 132/331 | 39%
[2026-04-20 10:49:30] [INFO] Chargement de robot_3d_0062-> 134/331 | 40%
[2026-04-20 10:49:30] [INFO] Chargement de robot_3d_0064-> 136/331 | 41%
[2026-04-20 10:49:30] [INFO] Chargement de robot_3d_0065-> 137/331 | 41%
[2026-04-20 10:49:31] [INFO] Chargement de robot_3d_0067-> 139/331 | 41%
[2026-04-20 10:49:31] [INFO] Chargement de robot_3d_0068-> 140/331 | 42%
[2026-04-20 10:49:31] [INFO] Chargement de robot_3d_0070-> 142/331 | 42%
[2026-04-20 10:49:31] [INFO] Chargement de robot_3d_0072-> 144/331 | 43%
[2026-04-20 10:49:31] [INFO] Chargement de robot_3d_0074-> 146/331 | 44%
[2026-04-20 10:49:31] [INFO] Chargement de robot_3d_0074-> 146/331 | 44%
[2026-04-20 10:49:31] [INFO] Chargement de robot_3d_0076-> 148/331 | 44%
[2026-04-20 10:49:31] [INFO] Chargement de robot_3d_0077-> 149/331 | 45%
[2026-04-20 10:49:31] [INFO] Chargement de robot_3d_0079-> 151/331 | 45%
[2026-04-20 10:49:31] [INFO] Chargement de robot_3d_0080-> 152/331 | 45%
[2026-04-20 10:49:31] [INFO] Chargement de robot_3d_0082-> 154/331 | 46%
[2026-04-20 10:49:31] [INFO] Chargement de robot_3d_0083-> 155/331 | 46%
[2026-04-20 10:49:31] [INFO] Chargement de robot_3d_0084-> 156/331 | 47%
[2026-04-20 10:49:31] [INFO] Chargement de robot_3d_0085-> 157/331 | 47%
[2026-04-20 10:49:31] [INFO] Chargement de robot_3d_0087-> 159/331 | 48%
[2026-04-20 10:49:31] [INFO] Chargement de robot_3d_0088-> 160/331 | 48%
[2026-04-20 10:49:31] [INFO] Chargement de robot_3d_0089-> 161/331 | 48%
[2026-04-20 10:49:31] [INFO] Chargement de robot_3d_0091-> 163/331 | 49%
[2026-04-20 10:49:31] [INFO] Chargement de robot_3d_0093-> 165/331 | 49%
[2026-04-20 10:49:31] [INFO] Chargement de robot_3d_0094-> 166/331 | 50%
[2026-04-20 10:49:31] [INFO] Chargement de robot_3d_0096-> 168/331 | 50%
[2026-04-20 10:49:31] [INFO] Chargement de robot_3d_0097-> 169/331 | 51%
[2026-04-20 10:49:31] [INFO] Chargement de robot_3d_0098-> 170/331 | 51%
[2026-04-20 10:49:31] [INFO] Chargement de robot_3d_0099-> 171/331 | 51%
[2026-04-20 10:49:31] [INFO] Chargement de robot_3d_0101-> 173/331 | 52%
[2026-04-20 10:49:31] [INFO] Chargement de robot_3d_0103-> 175/331 | 52%
[2026-04-20 10:49:31] [INFO] Chargement de robot_3d_0105-> 177/331 | 53%
[2026-04-20 10:49:31] [INFO] Chargement de robot_3d_0106-> 178/331 | 53%
[2026-04-20 10:49:31] [INFO] Chargement de robot_3d_0108-> 180/331 | 54%
[2026-04-20 10:49:31] [INFO] Chargement de robot_3d_0109-> 181/331 | 54%
[2026-04-20 10:49:31] [INFO] Chargement de robot_3d_0111-> 183/331 | 55%
[2026-04-20 10:49:31] [INFO] Chargement de robot_3d_0113-> 185/331 | 55%
[2026-04-20 10:49:31] [INFO] Chargement de robot_3d_0114-> 186/331 | 56%
[2026-04-20 10:49:31] [INFO] Chargement de robot_3d_0116-> 188/331 | 56%
[2026-04-20 10:49:31] [INFO] Chargement de robot_3d_0118-> 190/331 | 57%
[2026-04-20 10:49:31] [INFO] Chargement de robot_3d_0119-> 191/331 | 57%
[2026-04-20 10:49:31] [INFO] Chargement de robot_3d_0120-> 192/331 | 58%
[2026-04-20 10:49:31] [INFO] Chargement de robot_3d_0122-> 194/331 | 58%
[2026-04-20 10:49:31] [INFO] Chargement de robot_3d_0123-> 195/331 | 58%
[2026-04-20 10:49:31] [INFO] Chargement de robot_3d_0124-> 196/331 | 59%
[2026-04-20 10:49:31] [INFO] Chargement de robot_3d_0125-> 197/331 | 59%
[2026-04-20 10:49:31] [INFO] Chargement de robot_3d_0126-> 198/331 | 59%
[2026-04-20 10:49:31] [INFO] Chargement de robot_3d_0127-> 199/331 | 60%
[2026-04-20 10:49:31] [INFO] Chargement de robot_3d_0129-> 201/331 | 60%
[2026-04-20 10:49:31] [INFO] Chargement de robot_3d_0131-> 203/331 | 61%
[2026-04-20 10:49:31] [INFO] Chargement de robot_3d_0132-> 204/331 | 61%
[2026-04-20 10:49:31] [INFO] Chargement de robot_3d_0134-> 206/331 | 62%
[2026-04-20 10:49:31] [INFO] Chargement de robot_3d_0136-> 208/331 | 62%
[2026-04-20 10:49:31] [INFO] Chargement de robot_3d_0137-> 209/331 | 63%
[2026-04-20 10:49:31] [INFO] Chargement de robot_3d_0138-> 210/331 | 63%
[2026-04-20 10:49:31] [INFO] Chargement de robot_3d_0139-> 211/331 | 63%
[2026-04-20 10:49:31] [INFO] Chargement de robot_3d_0141-> 213/331 | 64%
[2026-04-20 10:49:31] [INFO] Chargement de robot_3d_0142-> 214/331 | 64%
[2026-04-20 10:49:31] [INFO] Chargement de robot_3d_0143-> 215/331 | 64%
[2026-04-20 10:49:31] [INFO] Chargement de robot_3d_0144-> 216/331 | 65%
[2026-04-20 10:49:31] [INFO] Chargement de robot_3d_0145-> 217/331 | 65%
[2026-04-20 10:49:31] [INFO] Chargement de robot_3d_0147-> 219/331 | 66%
[2026-04-20 10:49:31] [INFO] Chargement de robot_3d_0149-> 221/331 | 66%
[2026-04-20 10:49:31] [INFO] Chargement de robot_3d_0150-> 222/331 | 67%
[2026-04-20 10:49:31] [INFO] Chargement de robot_3d_0152-> 224/331 | 67%
[2026-04-20 10:49:31] [INFO] Chargement de robot_3d_0154-> 226/331 | 68%
[2026-04-20 10:49:31] [INFO] Chargement de robot_3d_0155-> 227/331 | 68%
[2026-04-20 10:49:31] [INFO] Chargement de robot_3d_0157-> 229/331 | 69%
[2026-04-20 10:49:31] [INFO] Chargement de robot_3d_0159-> 231/331 | 69%
[2026-04-20 10:49:31] [INFO] Chargement de robot_3d_0159-> 231/331 | 69%
[2026-04-20 10:49:31] [INFO] Chargement de robot_3d_0160-> 232/331 | 70%
[2026-04-20 10:49:31] [INFO] Chargement de robot_3d_0161-> 233/331 | 70%
[2026-04-20 10:49:31] [INFO] Chargement de robot_3d_0162-> 234/331 | 70%
[2026-04-20 10:49:31] [INFO] Chargement de robot_3d_0163-> 235/331 | 70%
[2026-04-20 10:49:31] [INFO] Chargement de robot_3d_0164-> 236/331 | 71%
[2026-04-20 10:49:31] [INFO] Chargement de robot_3d_0166-> 238/331 | 71%
[2026-04-20 10:49:31] [INFO] Chargement de robot_3d_0167-> 239/331 | 72%
[2026-04-20 10:49:31] [INFO] Chargement de robot_3d_0168-> 240/331 | 72%
[2026-04-20 10:49:31] [INFO] Chargement de robot_3d_0170-> 242/331 | 73%
[2026-04-20 10:49:31] [INFO] Chargement de robot_3d_0171-> 243/331 | 73%
[2026-04-20 10:49:31] [INFO] Chargement de robot_3d_0173-> 245/331 | 74%
[2026-04-20 10:49:31] [INFO] Chargement de robot_3d_0175-> 247/331 | 74%
[2026-04-20 10:49:31] [INFO] Chargement de robot_3d_0176-> 248/331 | 74%
[2026-04-20 10:49:31] [INFO] Chargement de robot_3d_0177-> 249/331 | 75%
[2026-04-20 10:49:31] [INFO] Chargement de robot_3d_0179-> 251/331 | 75%
[2026-04-20 10:49:31] [INFO] Chargement de robot_3d_0181-> 253/331 | 76%
[2026-04-20 10:49:31] [INFO] Chargement de robot_3d_0182-> 254/331 | 76%
[2026-04-20 10:49:31] [INFO] Chargement de robot_3d_0183-> 255/331 | 77%
[2026-04-20 10:49:31] [INFO] Chargement de robot_3d_0185-> 257/331 | 77%
[2026-04-20 10:49:31] [INFO] Chargement de robot_3d_0185-> 257/331 | 77%
[2026-04-20 10:49:31] [INFO] Chargement de robot_3d_0186-> 258/331 | 77%
[2026-04-20 10:49:31] [INFO] Chargement de robot_3d_0188-> 260/331 | 78%
[2026-04-20 10:49:31] [INFO] Chargement de robot_3d_0190-> 262/331 | 79%
[2026-04-20 10:49:31] [INFO] Chargement de robot_3d_0191-> 263/331 | 79%
[2026-04-20 10:49:31] [INFO] Chargement de robot_3d_0193-> 265/331 | 80%
[2026-04-20 10:49:31] [INFO] Chargement de robot_3d_0195-> 267/331 | 80%
[2026-04-20 10:49:31] [INFO] Chargement de robot_3d_0197-> 269/331 | 81%
[2026-04-20 10:49:31] [INFO] Chargement de robot_3d_0198-> 270/331 | 81%
[2026-04-20 10:49:31] [INFO] Chargement de robot_3d_0200-> 272/331 | 82%
[2026-04-20 10:49:31] [INFO] Chargement de robot_3d_0201-> 273/331 | 82%
[2026-04-20 10:49:31] [INFO] Chargement de robot_3d_0203-> 275/331 | 83%
[2026-04-20 10:49:31] [INFO] Chargement de robot_3d_0204-> 276/331 | 83%
[2026-04-20 10:49:31] [INFO] Chargement de robot_3d_0206-> 278/331 | 83%
[2026-04-20 10:49:31] [INFO] Chargement de robot_3d_0207-> 279/331 | 84%
[2026-04-20 10:49:31] [INFO] Chargement de robot_3d_0209-> 281/331 | 84%
[2026-04-20 10:49:31] [INFO] Chargement de robot_3d_0211-> 283/331 | 85%
[2026-04-20 10:49:32] [INFO] Chargement de robot_3d_0212-> 284/331 | 85%
[2026-04-20 10:49:32] [INFO] Chargement de robot_3d_0213-> 285/331 | 86%
[2026-04-20 10:49:32] [INFO] Chargement de robot_3d_0215-> 287/331 | 86%
[2026-04-20 10:49:32] [INFO] Chargement de robot_3d_0217-> 289/331 | 87%
[2026-04-20 10:49:32] [INFO] Chargement de robot_3d_0218-> 290/331 | 87%
[2026-04-20 10:49:32] [INFO] Chargement de robot_3d_0219-> 291/331 | 87%
[2026-04-20 10:49:32] [INFO] Chargement de robot_3d_0221-> 293/331 | 88%
[2026-04-20 10:49:32] [INFO] Chargement de robot_3d_0222-> 294/331 | 88%
[2026-04-20 10:49:32] [INFO] Chargement de robot_3d_0223-> 295/331 | 89%
[2026-04-20 10:49:32] [INFO] Chargement de robot_3d_0225-> 297/331 | 89%
[2026-04-20 10:49:32] [INFO] Chargement de robot_3d_0226-> 298/331 | 90%
[2026-04-20 10:49:32] [INFO] Chargement de robot_3d_0227-> 299/331 | 90%
[2026-04-20 10:49:32] [INFO] Chargement de robot_3d_0228-> 300/331 | 90%
[2026-04-20 10:49:32] [INFO] Chargement de robot_3d_0230-> 302/331 | 91%
[2026-04-20 10:49:32] [INFO] Chargement de robot_3d_0232-> 304/331 | 91%
[2026-04-20 10:49:32] [INFO] Chargement de robot_3d_0232-> 304/331 | 91%
[2026-04-20 10:49:32] [INFO] Chargement de robot_3d_0233-> 305/331 | 92%
[2026-04-20 10:49:32] [INFO] Chargement de robot_3d_0234-> 306/331 | 92%
[2026-04-20 10:49:32] [INFO] Chargement de robot_3d_0236-> 308/331 | 93%
[2026-04-20 10:49:32] [INFO] Chargement de robot_3d_0237-> 309/331 | 93%
[2026-04-20 10:49:32] [INFO] Chargement de robot_3d_0238-> 310/331 | 93%
[2026-04-20 10:49:32] [INFO] Chargement de robot_3d_0239-> 311/331 | 93%
[2026-04-20 10:49:32] [INFO] Chargement de water_1-> 314/331 | 94%
[2026-04-20 10:49:32] [INFO] Chargement de rocket_0-> 329/331 | 99%
[2026-04-20 10:49:32] [INFO] Assets chargés, redirect vers play_menu
[2026-04-20 10:49:32] [INFO] Entrez dans play_menu avec le compte tsukira2.json
[2026-04-20 10:50:01] [INFO] Entrez dans play_menu avec le compte tsukira2.json
[2026-04-20 10:50:25] [INFO] Entrez dans play_menu avec le compte tsukira2.json
[2026-04-20 10:51:07] [INFO] Entrez dans play_menu avec le compte tsukira2.json
[2026-04-20 10:51:25] [INFO] Entrez dans play_menu avec le compte tsukira2.json
[2026-04-20 10:51:29] [ERROR] play ->
Traceback (most recent call last):
  File "c:\Users\elvin\Desktop\informatique_tfe\tfe\src\data\object\games\play.py", line 269, in play
    draw_background(background, background_pos, camera_y)
  File "c:\Users\elvin\Desktop\informatique_tfe\tfe\src\data\object\games\play.py", line 164, in draw_background
    screen.blit(img, (bx, by - int(camera_y * parallax)))
pygame.error: display Surface quit
[2026-04-20 10:51:29] [ERROR] play_menu ->
Traceback (most recent call last):
  File "c:\Users\elvin\Desktop\informatique_tfe\tfe\src\data\object\games\play_menu.py", line 96, in play_menu
    screen.blit(BACKGROUND, (0, 0))
pygame.error: display Surface quit
[2026-04-20 10:51:29] [ERROR] play ->
Traceback (most recent call last):
  File "c:\Users\elvin\Desktop\informatique_tfe\tfe\src\data\object\games\play.py", line 269, in play
    draw_background(background, background_pos, camera_y)
  File "c:\Users\elvin\Desktop\informatique_tfe\tfe\src\data\object\games\play.py", line 164, in draw_background
    screen.blit(img, (bx, by - int(camera_y * parallax)))
pygame.error: display Surface quit
[2026-04-20 10:51:29] [ERROR] play_menu ->
Traceback (most recent call last):
  File "c:\Users\elvin\Desktop\informatique_tfe\tfe\src\data\object\games\play_menu.py", line 96, in play_menu
    screen.blit(BACKGROUND, (0, 0))
pygame.error: display Surface quit
[2026-04-20 10:51:29] [ERROR] play ->
Traceback (most recent call last):
  File "c:\Users\elvin\Desktop\informatique_tfe\tfe\src\data\object\games\play.py", line 269, in play
    draw_background(background, background_pos, camera_y)
  File "c:\Users\elvin\Desktop\informatique_tfe\tfe\src\data\object\games\play.py", line 164, in draw_background
    screen.blit(img, (bx, by - int(camera_y * parallax)))
pygame.error: display Surface quit
[2026-04-20 10:51:29] [ERROR] play_menu ->
Traceback (most recent call last):
  File "c:\Users\elvin\Desktop\informatique_tfe\tfe\src\data\object\games\play_menu.py", line 96, in play_menu
    screen.blit(BACKGROUND, (0, 0))
pygame.error: display Surface quit
[2026-04-20 10:51:29] [ERROR] play ->
Traceback (most recent call last):
  File "c:\Users\elvin\Desktop\informatique_tfe\tfe\src\data\object\games\play.py", line 269, in play
    draw_background(background, background_pos, camera_y)
  File "c:\Users\elvin\Desktop\informatique_tfe\tfe\src\data\object\games\play.py", line 164, in draw_background
    screen.blit(img, (bx, by - int(camera_y * parallax)))
pygame.error: display Surface quit
[2026-04-20 10:51:29] [INFO] Compte choisi -> True
[2026-04-20 10:51:29] [INFO] Main Menu
[2026-04-20 10:51:30] [INFO] +------ Fin du jeux -----+
[2026-04-20 10:51:32] [INFO] 



+///////////////////////////////////////////////////////////////////////////+

                Démarrage de Nexus Extraction

+///////////////////////////////////////////////////////////////////////////+

[2026-04-20 10:51:32] [INFO] 
+---------------------------- Bienvenue ! ----------------------------+

Bienvenue dans Nexus Extraction. Si vous lisez ceci, c’est que vous vous
trouvez actuellement dans les logs du jeu. Si vous êtes un joueur lambda,
cette fenêtre ne vous intéressera pas, mais ne la fermez pas, car cette
action entraînera la fermeture du jeu.

En cas de problème ou de plantage du jeu, merci de contacter le développeur
à l’adresse e-mail suivante : mouyelv@sjb-liege.org
en joignant les fichiers de logs qui se trouvent dans le dossier "logs/".

Merci de jouer à Nexus Extraction et bon jeu ;)

+-------------------------------- LOGS --------------------------------+

[2026-04-20 10:51:32] [INFO] Main Menu
[2026-04-20 10:51:33] [INFO] Entrez dans compte
[2026-04-20 10:51:34] [INFO] Entrez dans load_menu avec le compte -> tsukira2.json
[2026-04-20 10:51:35] [INFO] Chargement de creator-> 2/331 | 0%
[2026-04-20 10:51:35] [INFO] Chargement de creator-> 2/331 | 0%
[2026-04-20 10:51:35] [INFO] Chargement de the_void-> 4/331 | 1%
[2026-04-20 10:51:35] [INFO] Chargement de the_void_full-> 5/331 | 1%
[2026-04-20 10:51:35] [INFO] Chargement de underground_1-> 6/331 | 1%
[2026-04-20 10:51:35] [INFO] Chargement de underground_2-> 7/331 | 2%
[2026-04-20 10:51:35] [INFO] Chargement de underground_3-> 8/331 | 2%
[2026-04-20 10:51:35] [INFO] Chargement de btn_play_menu-> 9/331 | 2%
[2026-04-20 10:51:35] [INFO] Chargement de btn_play_menu-> 9/331 | 2%
[2026-04-20 10:51:35] [INFO] Chargement de btn_boutique_menu-> 10/331 | 3%
[2026-04-20 10:51:35] [INFO] Chargement de btn_boutique_menu-> 10/331 | 3%
[2026-04-20 10:51:35] [INFO] Chargement de btn_option_menu-> 11/331 | 3%
[2026-04-20 10:51:35] [INFO] Chargement de btn_option_menu-> 11/331 | 3%
[2026-04-20 10:51:35] [INFO] Chargement de btn_play-> 12/331 | 3%
[2026-04-20 10:51:35] [INFO] Chargement de btn_play-> 12/331 | 3%
[2026-04-20 10:51:35] [INFO] Chargement de btn_quitter-> 13/331 | 3%
[2026-04-20 10:51:35] [INFO] Chargement de btn_quitter-> 13/331 | 3%
[2026-04-20 10:51:35] [INFO] Chargement de btn_quitter-> 13/331 | 3%
[2026-04-20 10:51:35] [INFO] Chargement de refresh_btn-> 15/331 | 4%
[2026-04-20 10:51:35] [INFO] Chargement de boutique_frame-> 18/331 | 5%
[2026-04-20 10:51:35] [INFO] Chargement de boutique_pression-> 20/331 | 6%
[2026-04-20 10:51:35] [INFO] Chargement de danger-> 23/331 | 6%
[2026-04-20 10:51:35] [INFO] Chargement de pression_icon-> 24/331 | 7%
[2026-04-20 10:51:35] [INFO] Chargement de diamond_ore-> 30/331 | 9%
[2026-04-20 10:51:35] [INFO] Chargement de oak_strairs_R-> 35/331 | 10%
[2026-04-20 10:51:35] [INFO] Chargement de deepslate_iron_ore-> 41/331 | 12%
[2026-04-20 10:51:35] [INFO] Chargement de lapis_ore-> 46/331 | 13%
[2026-04-20 10:51:35] [INFO] Chargement de robot_bug-> 52/331 | 15%
[2026-04-20 10:51:35] [INFO] Chargement de robot_8-> 61/331 | 18%
[2026-04-20 10:51:35] [INFO] Chargement de bird_0-> 69/331 | 20%
[2026-04-20 10:51:35] [INFO] Chargement de robot_3d_0001-> 73/331 | 22%
[2026-04-20 10:51:35] [INFO] Chargement de robot_3d_0004-> 76/331 | 22%
[2026-04-20 10:51:35] [INFO] Chargement de robot_3d_0004-> 76/331 | 22%
[2026-04-20 10:51:35] [INFO] Chargement de robot_3d_0005-> 77/331 | 23%
[2026-04-20 10:51:35] [INFO] Chargement de robot_3d_0007-> 79/331 | 23%
[2026-04-20 10:51:35] [INFO] Chargement de robot_3d_0008-> 80/331 | 24%
[2026-04-20 10:51:35] [INFO] Chargement de robot_3d_0008-> 80/331 | 24%
[2026-04-20 10:51:35] [INFO] Chargement de robot_3d_0010-> 82/331 | 24%
[2026-04-20 10:51:35] [INFO] Chargement de robot_3d_0011-> 83/331 | 25%
[2026-04-20 10:51:35] [INFO] Chargement de robot_3d_0012-> 84/331 | 25%
[2026-04-20 10:51:35] [INFO] Chargement de robot_3d_0012-> 84/331 | 25%
[2026-04-20 10:51:35] [INFO] Chargement de robot_3d_0014-> 86/331 | 25%
[2026-04-20 10:51:35] [INFO] Chargement de robot_3d_0014-> 86/331 | 25%
[2026-04-20 10:51:35] [INFO] Chargement de robot_3d_0015-> 87/331 | 26%
[2026-04-20 10:51:35] [INFO] Chargement de robot_3d_0017-> 89/331 | 26%
[2026-04-20 10:51:35] [INFO] Chargement de robot_3d_0017-> 89/331 | 26%
[2026-04-20 10:51:35] [INFO] Chargement de robot_3d_0018-> 90/331 | 27%
[2026-04-20 10:51:35] [INFO] Chargement de robot_3d_0020-> 92/331 | 27%
[2026-04-20 10:51:35] [INFO] Chargement de robot_3d_0022-> 94/331 | 28%
[2026-04-20 10:51:35] [INFO] Chargement de robot_3d_0022-> 94/331 | 28%
[2026-04-20 10:51:35] [INFO] Chargement de robot_3d_0024-> 96/331 | 29%
[2026-04-20 10:51:35] [INFO] Chargement de robot_3d_0026-> 98/331 | 29%
[2026-04-20 10:51:35] [INFO] Chargement de robot_3d_0026-> 98/331 | 29%
[2026-04-20 10:51:35] [INFO] Chargement de robot_3d_0028-> 100/331 | 30%
[2026-04-20 10:51:36] [INFO] Chargement de robot_3d_0030-> 102/331 | 30%
[2026-04-20 10:51:36] [INFO] Chargement de robot_3d_0031-> 103/331 | 31%
[2026-04-20 10:51:36] [INFO] Chargement de robot_3d_0033-> 105/331 | 31%
[2026-04-20 10:51:36] [INFO] Chargement de robot_3d_0034-> 106/331 | 32%
[2026-04-20 10:51:36] [INFO] Chargement de robot_3d_0037-> 109/331 | 32%
[2026-04-20 10:51:36] [INFO] Chargement de robot_3d_0039-> 111/331 | 33%
[2026-04-20 10:51:36] [INFO] Chargement de robot_3d_0040-> 112/331 | 33%
[2026-04-20 10:51:36] [INFO] Chargement de robot_3d_0042-> 114/331 | 34%
[2026-04-20 10:51:36] [INFO] Chargement de robot_3d_0046-> 118/331 | 35%
[2026-04-20 10:51:36] [INFO] Chargement de robot_3d_0046-> 118/331 | 35%
[2026-04-20 10:51:36] [INFO] Chargement de robot_3d_0047-> 119/331 | 35%
[2026-04-20 10:51:36] [INFO] Chargement de robot_3d_0048-> 120/331 | 36%
[2026-04-20 10:51:36] [INFO] Chargement de robot_3d_0050-> 122/331 | 36%
[2026-04-20 10:51:36] [INFO] Chargement de robot_3d_0052-> 124/331 | 37%
[2026-04-20 10:51:36] [INFO] Chargement de robot_3d_0054-> 126/331 | 38%
[2026-04-20 10:51:36] [INFO] Chargement de robot_3d_0056-> 128/331 | 38%
[2026-04-20 10:51:36] [INFO] Chargement de robot_3d_0058-> 130/331 | 39%
[2026-04-20 10:51:36] [INFO] Chargement de robot_3d_0059-> 131/331 | 39%
[2026-04-20 10:51:36] [INFO] Chargement de robot_3d_0061-> 133/331 | 40%
[2026-04-20 10:51:36] [INFO] Chargement de robot_3d_0063-> 135/331 | 40%
[2026-04-20 10:51:36] [INFO] Chargement de robot_3d_0063-> 135/331 | 40%
[2026-04-20 10:51:36] [INFO] Chargement de robot_3d_0065-> 137/331 | 41%
[2026-04-20 10:51:36] [INFO] Chargement de robot_3d_0067-> 139/331 | 41%
[2026-04-20 10:51:36] [INFO] Chargement de robot_3d_0068-> 140/331 | 42%
[2026-04-20 10:51:36] [INFO] Chargement de robot_3d_0069-> 141/331 | 42%
[2026-04-20 10:51:36] [INFO] Chargement de robot_3d_0070-> 142/331 | 42%
[2026-04-20 10:51:36] [INFO] Chargement de robot_3d_0071-> 143/331 | 43%
[2026-04-20 10:51:36] [INFO] Chargement de robot_3d_0073-> 145/331 | 43%
[2026-04-20 10:51:36] [INFO] Chargement de robot_3d_0074-> 146/331 | 44%
[2026-04-20 10:51:36] [INFO] Chargement de robot_3d_0075-> 147/331 | 44%
[2026-04-20 10:51:36] [INFO] Chargement de robot_3d_0076-> 148/331 | 44%
[2026-04-20 10:51:36] [INFO] Chargement de robot_3d_0077-> 149/331 | 45%
[2026-04-20 10:51:36] [INFO] Chargement de robot_3d_0078-> 150/331 | 45%
[2026-04-20 10:51:36] [INFO] Chargement de robot_3d_0080-> 152/331 | 45%
[2026-04-20 10:51:36] [INFO] Chargement de robot_3d_0080-> 152/331 | 45%
[2026-04-20 10:51:36] [INFO] Chargement de robot_3d_0082-> 154/331 | 46%
[2026-04-20 10:51:36] [INFO] Chargement de robot_3d_0083-> 155/331 | 46%
[2026-04-20 10:51:36] [INFO] Chargement de robot_3d_0085-> 157/331 | 47%
[2026-04-20 10:51:36] [INFO] Chargement de robot_3d_0087-> 159/331 | 48%
[2026-04-20 10:51:36] [INFO] Chargement de robot_3d_0089-> 161/331 | 48%
[2026-04-20 10:51:36] [INFO] Chargement de robot_3d_0091-> 163/331 | 49%
[2026-04-20 10:51:36] [INFO] Chargement de robot_3d_0093-> 165/331 | 49%
[2026-04-20 10:51:36] [INFO] Chargement de robot_3d_0095-> 167/331 | 50%
[2026-04-20 10:51:36] [INFO] Chargement de robot_3d_0097-> 169/331 | 51%
[2026-04-20 10:51:36] [INFO] Chargement de robot_3d_0099-> 171/331 | 51%
[2026-04-20 10:51:36] [INFO] Chargement de robot_3d_0100-> 172/331 | 51%
[2026-04-20 10:51:36] [INFO] Chargement de robot_3d_0102-> 174/331 | 52%
[2026-04-20 10:51:36] [INFO] Chargement de robot_3d_0104-> 176/331 | 53%
[2026-04-20 10:51:36] [INFO] Chargement de robot_3d_0105-> 177/331 | 53%
[2026-04-20 10:51:36] [INFO] Chargement de robot_3d_0107-> 179/331 | 54%
[2026-04-20 10:51:36] [INFO] Chargement de robot_3d_0109-> 181/331 | 54%
[2026-04-20 10:51:36] [INFO] Chargement de robot_3d_0110-> 182/331 | 54%
[2026-04-20 10:51:36] [INFO] Chargement de robot_3d_0111-> 183/331 | 55%
[2026-04-20 10:51:36] [INFO] Chargement de robot_3d_0113-> 185/331 | 55%
[2026-04-20 10:51:36] [INFO] Chargement de robot_3d_0115-> 187/331 | 56%
[2026-04-20 10:51:36] [INFO] Chargement de robot_3d_0116-> 188/331 | 56%
[2026-04-20 10:51:36] [INFO] Chargement de robot_3d_0117-> 189/331 | 57%
[2026-04-20 10:51:36] [INFO] Chargement de robot_3d_0118-> 190/331 | 57%
[2026-04-20 10:51:36] [INFO] Chargement de robot_3d_0119-> 191/331 | 57%
[2026-04-20 10:51:36] [INFO] Chargement de robot_3d_0120-> 192/331 | 58%
[2026-04-20 10:51:36] [INFO] Chargement de robot_3d_0122-> 194/331 | 58%
[2026-04-20 10:51:36] [INFO] Chargement de robot_3d_0124-> 196/331 | 59%
[2026-04-20 10:51:36] [INFO] Chargement de robot_3d_0124-> 196/331 | 59%
[2026-04-20 10:51:36] [INFO] Chargement de robot_3d_0125-> 197/331 | 59%
[2026-04-20 10:51:36] [INFO] Chargement de robot_3d_0127-> 199/331 | 60%
[2026-04-20 10:51:36] [INFO] Chargement de robot_3d_0128-> 200/331 | 60%
[2026-04-20 10:51:36] [INFO] Chargement de robot_3d_0129-> 201/331 | 60%
[2026-04-20 10:51:36] [INFO] Chargement de robot_3d_0131-> 203/331 | 61%
[2026-04-20 10:51:36] [INFO] Chargement de robot_3d_0132-> 204/331 | 61%
[2026-04-20 10:51:36] [INFO] Chargement de robot_3d_0133-> 205/331 | 61%
[2026-04-20 10:51:36] [INFO] Chargement de robot_3d_0135-> 207/331 | 62%
[2026-04-20 10:51:36] [INFO] Chargement de robot_3d_0136-> 208/331 | 62%
[2026-04-20 10:51:36] [INFO] Chargement de robot_3d_0137-> 209/331 | 63%
[2026-04-20 10:51:36] [INFO] Chargement de robot_3d_0139-> 211/331 | 63%
[2026-04-20 10:51:36] [INFO] Chargement de robot_3d_0141-> 213/331 | 64%
[2026-04-20 10:51:36] [INFO] Chargement de robot_3d_0142-> 214/331 | 64%
[2026-04-20 10:51:36] [INFO] Chargement de robot_3d_0143-> 215/331 | 64%
[2026-04-20 10:51:36] [INFO] Chargement de robot_3d_0145-> 217/331 | 65%
[2026-04-20 10:51:36] [INFO] Chargement de robot_3d_0147-> 219/331 | 66%
[2026-04-20 10:51:36] [INFO] Chargement de robot_3d_0148-> 220/331 | 66%
[2026-04-20 10:51:37] [INFO] Chargement de robot_3d_0150-> 222/331 | 67%
[2026-04-20 10:51:37] [INFO] Chargement de robot_3d_0151-> 223/331 | 67%
[2026-04-20 10:51:37] [INFO] Chargement de robot_3d_0152-> 224/331 | 67%
[2026-04-20 10:51:37] [INFO] Chargement de robot_3d_0153-> 225/331 | 67%
[2026-04-20 10:51:37] [INFO] Chargement de robot_3d_0154-> 226/331 | 68%
[2026-04-20 10:51:37] [INFO] Chargement de robot_3d_0155-> 227/331 | 68%
[2026-04-20 10:51:37] [INFO] Chargement de robot_3d_0156-> 228/331 | 68%
[2026-04-20 10:51:37] [INFO] Chargement de robot_3d_0157-> 229/331 | 69%
[2026-04-20 10:51:37] [INFO] Chargement de robot_3d_0158-> 230/331 | 69%
[2026-04-20 10:51:37] [INFO] Chargement de robot_3d_0160-> 232/331 | 70%
[2026-04-20 10:51:37] [INFO] Chargement de robot_3d_0161-> 233/331 | 70%
[2026-04-20 10:51:37] [INFO] Chargement de robot_3d_0162-> 234/331 | 70%
[2026-04-20 10:51:37] [INFO] Chargement de robot_3d_0164-> 236/331 | 71%
[2026-04-20 10:51:37] [INFO] Chargement de robot_3d_0165-> 237/331 | 71%
[2026-04-20 10:51:37] [INFO] Chargement de robot_3d_0166-> 238/331 | 71%
[2026-04-20 10:51:37] [INFO] Chargement de robot_3d_0168-> 240/331 | 72%
[2026-04-20 10:51:37] [INFO] Chargement de robot_3d_0169-> 241/331 | 72%
[2026-04-20 10:51:37] [INFO] Chargement de robot_3d_0170-> 242/331 | 73%
[2026-04-20 10:51:37] [INFO] Chargement de robot_3d_0171-> 243/331 | 73%
[2026-04-20 10:51:37] [INFO] Chargement de robot_3d_0173-> 245/331 | 74%
[2026-04-20 10:51:37] [INFO] Chargement de robot_3d_0175-> 247/331 | 74%
[2026-04-20 10:51:37] [INFO] Chargement de robot_3d_0176-> 248/331 | 74%
[2026-04-20 10:51:37] [INFO] Chargement de robot_3d_0178-> 250/331 | 75%
[2026-04-20 10:51:37] [INFO] Chargement de robot_3d_0179-> 251/331 | 75%
[2026-04-20 10:51:37] [INFO] Chargement de robot_3d_0180-> 252/331 | 76%
[2026-04-20 10:51:37] [INFO] Chargement de robot_3d_0181-> 253/331 | 76%
[2026-04-20 10:51:37] [INFO] Chargement de robot_3d_0182-> 254/331 | 76%
[2026-04-20 10:51:37] [INFO] Chargement de robot_3d_0183-> 255/331 | 77%
[2026-04-20 10:51:37] [INFO] Chargement de robot_3d_0184-> 256/331 | 77%
[2026-04-20 10:51:37] [INFO] Chargement de robot_3d_0186-> 258/331 | 77%
[2026-04-20 10:51:37] [INFO] Chargement de robot_3d_0186-> 258/331 | 77%
[2026-04-20 10:51:37] [INFO] Chargement de robot_3d_0188-> 260/331 | 78%
[2026-04-20 10:51:37] [INFO] Chargement de robot_3d_0189-> 261/331 | 78%
[2026-04-20 10:51:37] [INFO] Chargement de robot_3d_0190-> 262/331 | 79%
[2026-04-20 10:51:37] [INFO] Chargement de robot_3d_0192-> 264/331 | 79%
[2026-04-20 10:51:37] [INFO] Chargement de robot_3d_0193-> 265/331 | 80%
[2026-04-20 10:51:37] [INFO] Chargement de robot_3d_0194-> 266/331 | 80%
[2026-04-20 10:51:37] [INFO] Chargement de robot_3d_0195-> 267/331 | 80%
[2026-04-20 10:51:37] [INFO] Chargement de robot_3d_0197-> 269/331 | 81%
[2026-04-20 10:51:37] [INFO] Chargement de robot_3d_0197-> 269/331 | 81%
[2026-04-20 10:51:37] [INFO] Chargement de robot_3d_0199-> 271/331 | 81%
[2026-04-20 10:51:37] [INFO] Chargement de robot_3d_0200-> 272/331 | 82%
[2026-04-20 10:51:37] [INFO] Chargement de robot_3d_0201-> 273/331 | 82%
[2026-04-20 10:51:37] [INFO] Chargement de robot_3d_0203-> 275/331 | 83%
[2026-04-20 10:51:37] [INFO] Chargement de robot_3d_0204-> 276/331 | 83%
[2026-04-20 10:51:37] [INFO] Chargement de robot_3d_0206-> 278/331 | 83%
[2026-04-20 10:51:37] [INFO] Chargement de robot_3d_0207-> 279/331 | 84%
[2026-04-20 10:51:37] [INFO] Chargement de robot_3d_0209-> 281/331 | 84%
[2026-04-20 10:51:37] [INFO] Chargement de robot_3d_0211-> 283/331 | 85%
[2026-04-20 10:51:37] [INFO] Chargement de robot_3d_0212-> 284/331 | 85%
[2026-04-20 10:51:37] [INFO] Chargement de robot_3d_0213-> 285/331 | 86%
[2026-04-20 10:51:37] [INFO] Chargement de robot_3d_0214-> 286/331 | 86%
[2026-04-20 10:51:37] [INFO] Chargement de robot_3d_0216-> 288/331 | 87%
[2026-04-20 10:51:37] [INFO] Chargement de robot_3d_0218-> 290/331 | 87%
[2026-04-20 10:51:37] [INFO] Chargement de robot_3d_0219-> 291/331 | 87%
[2026-04-20 10:51:37] [INFO] Chargement de robot_3d_0220-> 292/331 | 88%
[2026-04-20 10:51:37] [INFO] Chargement de robot_3d_0221-> 293/331 | 88%
[2026-04-20 10:51:37] [INFO] Chargement de robot_3d_0222-> 294/331 | 88%
[2026-04-20 10:51:37] [INFO] Chargement de robot_3d_0224-> 296/331 | 89%
[2026-04-20 10:51:37] [INFO] Chargement de robot_3d_0226-> 298/331 | 90%
[2026-04-20 10:51:37] [INFO] Chargement de robot_3d_0226-> 298/331 | 90%
[2026-04-20 10:51:37] [INFO] Chargement de robot_3d_0227-> 299/331 | 90%
[2026-04-20 10:51:37] [INFO] Chargement de robot_3d_0229-> 301/331 | 90%
[2026-04-20 10:51:37] [INFO] Chargement de robot_3d_0231-> 303/331 | 91%
[2026-04-20 10:51:37] [INFO] Chargement de robot_3d_0232-> 304/331 | 91%
[2026-04-20 10:51:37] [INFO] Chargement de robot_3d_0234-> 306/331 | 92%
[2026-04-20 10:51:37] [INFO] Chargement de robot_3d_0234-> 306/331 | 92%
[2026-04-20 10:51:37] [INFO] Chargement de robot_3d_0235-> 307/331 | 92%
[2026-04-20 10:51:37] [INFO] Chargement de robot_3d_0237-> 309/331 | 93%
[2026-04-20 10:51:37] [INFO] Chargement de robot_3d_0239-> 311/331 | 93%
[2026-04-20 10:51:37] [INFO] Chargement de robot_3d_0240-> 312/331 | 94%
[2026-04-20 10:51:37] [INFO] Chargement de water_6-> 319/331 | 96%
[2026-04-20 10:51:37] [INFO] Chargement de lava_4-> 325/331 | 98%
[2026-04-20 10:51:37] [INFO] Assets chargés, redirect vers play_menu
[2026-04-20 10:51:37] [INFO] Entrez dans play_menu avec le compte tsukira2.json
[2026-04-20 10:51:59] [INFO] Entrez dans play_menu avec le compte tsukira2.json
[2026-04-20 10:52:20] [INFO] Entrez dans play_menu avec le compte tsukira2.json
[2026-04-20 10:52:37] [INFO] Entrez dans play_menu avec le compte tsukira2.json
[2026-04-20 10:52:43] [ERROR] play ->
Traceback (most recent call last):
  File "c:\Users\elvin\Desktop\informatique_tfe\tfe\src\data\object\games\play.py", line 269, in play
    draw_background(background, background_pos, camera_y)
  File "c:\Users\elvin\Desktop\informatique_tfe\tfe\src\data\object\games\play.py", line 164, in draw_background
    screen.blit(img, (bx, by - int(camera_y * parallax)))
pygame.error: display Surface quit
[2026-04-20 10:52:43] [ERROR] play_menu ->
Traceback (most recent call last):
  File "c:\Users\elvin\Desktop\informatique_tfe\tfe\src\data\object\games\play_menu.py", line 96, in play_menu
    screen.blit(BACKGROUND, (0, 0))
pygame.error: display Surface quit
[2026-04-20 10:52:43] [ERROR] play ->
Traceback (most recent call last):
  File "c:\Users\elvin\Desktop\informatique_tfe\tfe\src\data\object\games\play.py", line 269, in play
    draw_background(background, background_pos, camera_y)
  File "c:\Users\elvin\Desktop\informatique_tfe\tfe\src\data\object\games\play.py", line 164, in draw_background
    screen.blit(img, (bx, by - int(camera_y * parallax)))
pygame.error: display Surface quit
[2026-04-20 10:52:43] [ERROR] play_menu ->
Traceback (most recent call last):
  File "c:\Users\elvin\Desktop\informatique_tfe\tfe\src\data\object\games\play_menu.py", line 96, in play_menu
    screen.blit(BACKGROUND, (0, 0))
pygame.error: display Surface quit
[2026-04-20 10:52:43] [ERROR] play ->
Traceback (most recent call last):
  File "c:\Users\elvin\Desktop\informatique_tfe\tfe\src\data\object\games\play.py", line 269, in play
    draw_background(background, background_pos, camera_y)
  File "c:\Users\elvin\Desktop\informatique_tfe\tfe\src\data\object\games\play.py", line 164, in draw_background
    screen.blit(img, (bx, by - int(camera_y * parallax)))
pygame.error: display Surface quit
[2026-04-20 10:52:43] [ERROR] play_menu ->
Traceback (most recent call last):
  File "c:\Users\elvin\Desktop\informatique_tfe\tfe\src\data\object\games\play_menu.py", line 96, in play_menu
    screen.blit(BACKGROUND, (0, 0))
pygame.error: display Surface quit
[2026-04-20 10:52:43] [INFO] Compte choisi -> True
[2026-04-20 10:52:44] [INFO] Main Menu
[2026-04-20 10:52:44] [INFO] +------ Fin du jeux -----+
[2026-04-20 10:53:18] [INFO] 



+///////////////////////////////////////////////////////////////////////////+

                Démarrage de Nexus Extraction

+///////////////////////////////////////////////////////////////////////////+

[2026-04-20 10:53:18] [INFO] 
+---------------------------- Bienvenue ! ----------------------------+

Bienvenue dans Nexus Extraction. Si vous lisez ceci, c’est que vous vous
trouvez actuellement dans les logs du jeu. Si vous êtes un joueur lambda,
cette fenêtre ne vous intéressera pas, mais ne la fermez pas, car cette
action entraînera la fermeture du jeu.

En cas de problème ou de plantage du jeu, merci de contacter le développeur
à l’adresse e-mail suivante : mouyelv@sjb-liege.org
en joignant les fichiers de logs qui se trouvent dans le dossier "logs/".

Merci de jouer à Nexus Extraction et bon jeu ;)

+-------------------------------- LOGS --------------------------------+

[2026-04-20 10:53:18] [INFO] Main Menu
[2026-04-20 10:53:19] [INFO] Entrez dans compte
[2026-04-20 10:53:20] [INFO] Entrez dans load_menu avec le compte -> tsukira2.json
[2026-04-20 10:53:20] [INFO] Chargement de title-> 1/331 | 0%
[2026-04-20 10:53:20] [INFO] Chargement de creator-> 2/331 | 0%
[2026-04-20 10:53:20] [INFO] Chargement de the_void-> 4/331 | 1%
[2026-04-20 10:53:20] [INFO] Chargement de the_void_full-> 5/331 | 1%
[2026-04-20 10:53:20] [INFO] Chargement de underground_1-> 6/331 | 1%
[2026-04-20 10:53:20] [INFO] Chargement de underground_2-> 7/331 | 2%
[2026-04-20 10:53:20] [INFO] Chargement de underground_3-> 8/331 | 2%
[2026-04-20 10:53:20] [INFO] Chargement de btn_play_menu-> 9/331 | 2%
[2026-04-20 10:53:20] [INFO] Chargement de btn_play_menu-> 9/331 | 2%
[2026-04-20 10:53:20] [INFO] Chargement de btn_boutique_menu-> 10/331 | 3%
[2026-04-20 10:53:20] [INFO] Chargement de btn_boutique_menu-> 10/331 | 3%
[2026-04-20 10:53:20] [INFO] Chargement de btn_option_menu-> 11/331 | 3%
[2026-04-20 10:53:20] [INFO] Chargement de btn_option_menu-> 11/331 | 3%
[2026-04-20 10:53:20] [INFO] Chargement de btn_play-> 12/331 | 3%
[2026-04-20 10:53:20] [INFO] Chargement de btn_play-> 12/331 | 3%
[2026-04-20 10:53:20] [INFO] Chargement de btn_quitter-> 13/331 | 3%
[2026-04-20 10:53:20] [INFO] Chargement de btn_quitter-> 13/331 | 3%
[2026-04-20 10:53:21] [INFO] Chargement de btn_quitter-> 13/331 | 3%
[2026-04-20 10:53:21] [INFO] Chargement de btn_compte-> 14/331 | 4%
[2026-04-20 10:53:21] [INFO] Chargement de barre_laterale-> 16/331 | 4%
[2026-04-20 10:53:21] [INFO] Chargement de boutique_frame-> 18/331 | 5%
[2026-04-20 10:53:21] [INFO] Chargement de boutique_pression-> 20/331 | 6%
[2026-04-20 10:53:21] [INFO] Chargement de blue_storm-> 22/331 | 6%
[2026-04-20 10:53:21] [INFO] Chargement de dirt-> 25/331 | 7%
[2026-04-20 10:53:21] [INFO] Chargement de oak_strairs_R-> 35/331 | 10%
[2026-04-20 10:53:21] [INFO] Chargement de deepslate_lapis_ore-> 45/331 | 13%
[2026-04-20 10:53:21] [INFO] Chargement de robot_2-> 55/331 | 16%
[2026-04-20 10:53:21] [INFO] Chargement de robot_50-> 65/331 | 19%
[2026-04-20 10:53:21] [INFO] Chargement de robot_3d_0002-> 74/331 | 22%
[2026-04-20 10:53:21] [INFO] Chargement de robot_3d_0002-> 74/331 | 22%
[2026-04-20 10:53:21] [INFO] Chargement de robot_3d_0005-> 77/331 | 23%
[2026-04-20 10:53:21] [INFO] Chargement de robot_3d_0006-> 78/331 | 23%
[2026-04-20 10:53:21] [INFO] Chargement de robot_3d_0007-> 79/331 | 23%
[2026-04-20 10:53:21] [INFO] Chargement de robot_3d_0009-> 81/331 | 24%
[2026-04-20 10:53:21] [INFO] Chargement de robot_3d_0010-> 82/331 | 24%
[2026-04-20 10:53:21] [INFO] Chargement de robot_3d_0012-> 84/331 | 25%
[2026-04-20 10:53:21] [INFO] Chargement de robot_3d_0013-> 85/331 | 25%
[2026-04-20 10:53:21] [INFO] Chargement de robot_3d_0015-> 87/331 | 26%
[2026-04-20 10:53:21] [INFO] Chargement de robot_3d_0015-> 87/331 | 26%
[2026-04-20 10:53:21] [INFO] Chargement de robot_3d_0016-> 88/331 | 26%
[2026-04-20 10:53:21] [INFO] Chargement de robot_3d_0018-> 90/331 | 27%
[2026-04-20 10:53:21] [INFO] Chargement de robot_3d_0020-> 92/331 | 27%
[2026-04-20 10:53:21] [INFO] Chargement de robot_3d_0020-> 92/331 | 27%
[2026-04-20 10:53:21] [INFO] Chargement de robot_3d_0021-> 93/331 | 28%
[2026-04-20 10:53:21] [INFO] Chargement de robot_3d_0023-> 95/331 | 28%
[2026-04-20 10:53:21] [INFO] Chargement de robot_3d_0025-> 97/331 | 29%
[2026-04-20 10:53:21] [INFO] Chargement de robot_3d_0025-> 97/331 | 29%
[2026-04-20 10:53:21] [INFO] Chargement de robot_3d_0026-> 98/331 | 29%
[2026-04-20 10:53:21] [INFO] Chargement de robot_3d_0027-> 99/331 | 29%
[2026-04-20 10:53:21] [INFO] Chargement de robot_3d_0029-> 101/331 | 30%
[2026-04-20 10:53:21] [INFO] Chargement de robot_3d_0029-> 101/331 | 30%
[2026-04-20 10:53:21] [INFO] Chargement de robot_3d_0031-> 103/331 | 31%
[2026-04-20 10:53:21] [INFO] Chargement de robot_3d_0031-> 103/331 | 31%
[2026-04-20 10:53:21] [INFO] Chargement de robot_3d_0033-> 105/331 | 31%
[2026-04-20 10:53:21] [INFO] Chargement de robot_3d_0034-> 106/331 | 32%
[2026-04-20 10:53:21] [INFO] Chargement de robot_3d_0036-> 108/331 | 32%
[2026-04-20 10:53:21] [INFO] Chargement de robot_3d_0037-> 109/331 | 32%
[2026-04-20 10:53:21] [INFO] Chargement de robot_3d_0038-> 110/331 | 33%
[2026-04-20 10:53:21] [INFO] Chargement de robot_3d_0040-> 112/331 | 33%
[2026-04-20 10:53:21] [INFO] Chargement de robot_3d_0041-> 113/331 | 34%
[2026-04-20 10:53:21] [INFO] Chargement de robot_3d_0042-> 114/331 | 34%
[2026-04-20 10:53:21] [INFO] Chargement de robot_3d_0042-> 114/331 | 34%
[2026-04-20 10:53:21] [INFO] Chargement de robot_3d_0044-> 116/331 | 35%
[2026-04-20 10:53:21] [INFO] Chargement de robot_3d_0044-> 116/331 | 35%
[2026-04-20 10:53:21] [INFO] Chargement de robot_3d_0046-> 118/331 | 35%
[2026-04-20 10:53:21] [INFO] Chargement de robot_3d_0047-> 119/331 | 35%
[2026-04-20 10:53:21] [INFO] Chargement de robot_3d_0048-> 120/331 | 36%
[2026-04-20 10:53:21] [INFO] Chargement de robot_3d_0050-> 122/331 | 36%
[2026-04-20 10:53:21] [INFO] Chargement de robot_3d_0051-> 123/331 | 37%
[2026-04-20 10:53:21] [INFO] Chargement de robot_3d_0052-> 124/331 | 37%
[2026-04-20 10:53:21] [INFO] Chargement de robot_3d_0054-> 126/331 | 38%
[2026-04-20 10:53:21] [INFO] Chargement de robot_3d_0055-> 127/331 | 38%
[2026-04-20 10:53:21] [INFO] Chargement de robot_3d_0056-> 128/331 | 38%
[2026-04-20 10:53:21] [INFO] Chargement de robot_3d_0057-> 129/331 | 38%
[2026-04-20 10:53:21] [INFO] Chargement de robot_3d_0058-> 130/331 | 39%
[2026-04-20 10:53:21] [INFO] Chargement de robot_3d_0060-> 132/331 | 39%
[2026-04-20 10:53:21] [INFO] Chargement de robot_3d_0062-> 134/331 | 40%
[2026-04-20 10:53:21] [INFO] Chargement de robot_3d_0063-> 135/331 | 40%
[2026-04-20 10:53:21] [INFO] Chargement de robot_3d_0064-> 136/331 | 41%
[2026-04-20 10:53:21] [INFO] Chargement de robot_3d_0066-> 138/331 | 41%
[2026-04-20 10:53:21] [INFO] Chargement de robot_3d_0067-> 139/331 | 41%
[2026-04-20 10:53:21] [INFO] Chargement de robot_3d_0069-> 141/331 | 42%
[2026-04-20 10:53:21] [INFO] Chargement de robot_3d_0070-> 142/331 | 42%
[2026-04-20 10:53:21] [INFO] Chargement de robot_3d_0071-> 143/331 | 43%
[2026-04-20 10:53:21] [INFO] Chargement de robot_3d_0073-> 145/331 | 43%
[2026-04-20 10:53:22] [INFO] Chargement de robot_3d_0074-> 146/331 | 44%
[2026-04-20 10:53:22] [INFO] Chargement de robot_3d_0075-> 147/331 | 44%
[2026-04-20 10:53:22] [INFO] Chargement de robot_3d_0076-> 148/331 | 44%
[2026-04-20 10:53:22] [INFO] Chargement de robot_3d_0078-> 150/331 | 45%
[2026-04-20 10:53:22] [INFO] Chargement de robot_3d_0079-> 151/331 | 45%
[2026-04-20 10:53:22] [INFO] Chargement de robot_3d_0080-> 152/331 | 45%
[2026-04-20 10:53:22] [INFO] Chargement de robot_3d_0082-> 154/331 | 46%
[2026-04-20 10:53:22] [INFO] Chargement de robot_3d_0083-> 155/331 | 46%
[2026-04-20 10:53:22] [INFO] Chargement de robot_3d_0084-> 156/331 | 47%
[2026-04-20 10:53:22] [INFO] Chargement de robot_3d_0085-> 157/331 | 47%
[2026-04-20 10:53:22] [INFO] Chargement de robot_3d_0086-> 158/331 | 47%
[2026-04-20 10:53:22] [INFO] Chargement de robot_3d_0087-> 159/331 | 48%
[2026-04-20 10:53:22] [INFO] Chargement de robot_3d_0089-> 161/331 | 48%
[2026-04-20 10:53:22] [INFO] Chargement de robot_3d_0091-> 163/331 | 49%
[2026-04-20 10:53:22] [INFO] Chargement de robot_3d_0092-> 164/331 | 49%
[2026-04-20 10:53:22] [INFO] Chargement de robot_3d_0093-> 165/331 | 49%
[2026-04-20 10:53:22] [INFO] Chargement de robot_3d_0094-> 166/331 | 50%
[2026-04-20 10:53:22] [INFO] Chargement de robot_3d_0095-> 167/331 | 50%
[2026-04-20 10:53:22] [INFO] Chargement de robot_3d_0096-> 168/331 | 50%
[2026-04-20 10:53:22] [INFO] Chargement de robot_3d_0097-> 169/331 | 51%
[2026-04-20 10:53:22] [INFO] Chargement de robot_3d_0098-> 170/331 | 51%
[2026-04-20 10:53:22] [INFO] Chargement de robot_3d_0099-> 171/331 | 51%
[2026-04-20 10:53:22] [INFO] Chargement de robot_3d_0100-> 172/331 | 51%
[2026-04-20 10:53:22] [INFO] Chargement de robot_3d_0101-> 173/331 | 52%
[2026-04-20 10:53:22] [INFO] Chargement de robot_3d_0102-> 174/331 | 52%
[2026-04-20 10:53:22] [INFO] Chargement de robot_3d_0103-> 175/331 | 52%
[2026-04-20 10:53:22] [INFO] Chargement de robot_3d_0105-> 177/331 | 53%
[2026-04-20 10:53:22] [INFO] Chargement de robot_3d_0107-> 179/331 | 54%
[2026-04-20 10:53:22] [INFO] Chargement de robot_3d_0108-> 180/331 | 54%
[2026-04-20 10:53:22] [INFO] Chargement de robot_3d_0110-> 182/331 | 54%
[2026-04-20 10:53:22] [INFO] Chargement de robot_3d_0111-> 183/331 | 55%
[2026-04-20 10:53:22] [INFO] Chargement de robot_3d_0112-> 184/331 | 55%
[2026-04-20 10:53:22] [INFO] Chargement de robot_3d_0113-> 185/331 | 55%
[2026-04-20 10:53:22] [INFO] Chargement de robot_3d_0114-> 186/331 | 56%
[2026-04-20 10:53:22] [INFO] Chargement de robot_3d_0115-> 187/331 | 56%
[2026-04-20 10:53:22] [INFO] Chargement de robot_3d_0116-> 188/331 | 56%
[2026-04-20 10:53:22] [INFO] Chargement de robot_3d_0118-> 190/331 | 57%
[2026-04-20 10:53:22] [INFO] Chargement de robot_3d_0119-> 191/331 | 57%
[2026-04-20 10:53:22] [INFO] Chargement de robot_3d_0120-> 192/331 | 58%
[2026-04-20 10:53:22] [INFO] Chargement de robot_3d_0121-> 193/331 | 58%
[2026-04-20 10:53:22] [INFO] Chargement de robot_3d_0122-> 194/331 | 58%
[2026-04-20 10:53:22] [INFO] Chargement de robot_3d_0123-> 195/331 | 58%
[2026-04-20 10:53:22] [INFO] Chargement de robot_3d_0124-> 196/331 | 59%
[2026-04-20 10:53:22] [INFO] Chargement de robot_3d_0125-> 197/331 | 59%
[2026-04-20 10:53:22] [INFO] Chargement de robot_3d_0126-> 198/331 | 59%
[2026-04-20 10:53:22] [INFO] Chargement de robot_3d_0127-> 199/331 | 60%
[2026-04-20 10:53:22] [INFO] Chargement de robot_3d_0129-> 201/331 | 60%
[2026-04-20 10:53:22] [INFO] Chargement de robot_3d_0131-> 203/331 | 61%
[2026-04-20 10:53:22] [INFO] Chargement de robot_3d_0132-> 204/331 | 61%
[2026-04-20 10:53:22] [INFO] Chargement de robot_3d_0133-> 205/331 | 61%
[2026-04-20 10:53:22] [INFO] Chargement de robot_3d_0134-> 206/331 | 62%
[2026-04-20 10:53:22] [INFO] Chargement de robot_3d_0135-> 207/331 | 62%
[2026-04-20 10:53:22] [INFO] Chargement de robot_3d_0136-> 208/331 | 62%
[2026-04-20 10:53:22] [INFO] Chargement de robot_3d_0137-> 209/331 | 63%
[2026-04-20 10:53:22] [INFO] Chargement de robot_3d_0138-> 210/331 | 63%
[2026-04-20 10:53:22] [INFO] Chargement de robot_3d_0140-> 212/331 | 64%
[2026-04-20 10:53:22] [INFO] Chargement de robot_3d_0141-> 213/331 | 64%
[2026-04-20 10:53:22] [INFO] Chargement de robot_3d_0142-> 214/331 | 64%
[2026-04-20 10:53:22] [INFO] Chargement de robot_3d_0143-> 215/331 | 64%
[2026-04-20 10:53:22] [INFO] Chargement de robot_3d_0144-> 216/331 | 65%
[2026-04-20 10:53:22] [INFO] Chargement de robot_3d_0146-> 218/331 | 65%
[2026-04-20 10:53:22] [INFO] Chargement de robot_3d_0148-> 220/331 | 66%
[2026-04-20 10:53:22] [INFO] Chargement de robot_3d_0150-> 222/331 | 67%
[2026-04-20 10:53:22] [INFO] Chargement de robot_3d_0152-> 224/331 | 67%
[2026-04-20 10:53:22] [INFO] Chargement de robot_3d_0153-> 225/331 | 67%
[2026-04-20 10:53:22] [INFO] Chargement de robot_3d_0154-> 226/331 | 68%
[2026-04-20 10:53:22] [INFO] Chargement de robot_3d_0155-> 227/331 | 68%
[2026-04-20 10:53:22] [INFO] Chargement de robot_3d_0156-> 228/331 | 68%
[2026-04-20 10:53:22] [INFO] Chargement de robot_3d_0157-> 229/331 | 69%
[2026-04-20 10:53:22] [INFO] Chargement de robot_3d_0158-> 230/331 | 69%
[2026-04-20 10:53:22] [INFO] Chargement de robot_3d_0159-> 231/331 | 69%
[2026-04-20 10:53:22] [INFO] Chargement de robot_3d_0160-> 232/331 | 70%
[2026-04-20 10:53:22] [INFO] Chargement de robot_3d_0161-> 233/331 | 70%
[2026-04-20 10:53:22] [INFO] Chargement de robot_3d_0163-> 235/331 | 70%
[2026-04-20 10:53:22] [INFO] Chargement de robot_3d_0164-> 236/331 | 71%
[2026-04-20 10:53:22] [INFO] Chargement de robot_3d_0165-> 237/331 | 71%
[2026-04-20 10:53:22] [INFO] Chargement de robot_3d_0167-> 239/331 | 72%
[2026-04-20 10:53:22] [INFO] Chargement de robot_3d_0168-> 240/331 | 72%
[2026-04-20 10:53:22] [INFO] Chargement de robot_3d_0169-> 241/331 | 72%
[2026-04-20 10:53:22] [INFO] Chargement de robot_3d_0171-> 243/331 | 73%
[2026-04-20 10:53:22] [INFO] Chargement de robot_3d_0172-> 244/331 | 73%
[2026-04-20 10:53:22] [INFO] Chargement de robot_3d_0173-> 245/331 | 74%
[2026-04-20 10:53:22] [INFO] Chargement de robot_3d_0175-> 247/331 | 74%
[2026-04-20 10:53:22] [INFO] Chargement de robot_3d_0177-> 249/331 | 75%
[2026-04-20 10:53:22] [INFO] Chargement de robot_3d_0178-> 250/331 | 75%
[2026-04-20 10:53:22] [INFO] Chargement de robot_3d_0179-> 251/331 | 75%
[2026-04-20 10:53:22] [INFO] Chargement de robot_3d_0180-> 252/331 | 76%
[2026-04-20 10:53:22] [INFO] Chargement de robot_3d_0181-> 253/331 | 76%
[2026-04-20 10:53:22] [INFO] Chargement de robot_3d_0182-> 254/331 | 76%
[2026-04-20 10:53:22] [INFO] Chargement de robot_3d_0184-> 256/331 | 77%
[2026-04-20 10:53:22] [INFO] Chargement de robot_3d_0185-> 257/331 | 77%
[2026-04-20 10:53:22] [INFO] Chargement de robot_3d_0186-> 258/331 | 77%
[2026-04-20 10:53:22] [INFO] Chargement de robot_3d_0187-> 259/331 | 78%
[2026-04-20 10:53:22] [INFO] Chargement de robot_3d_0188-> 260/331 | 78%
[2026-04-20 10:53:22] [INFO] Chargement de robot_3d_0189-> 261/331 | 78%
[2026-04-20 10:53:22] [INFO] Chargement de robot_3d_0190-> 262/331 | 79%
[2026-04-20 10:53:22] [INFO] Chargement de robot_3d_0191-> 263/331 | 79%
[2026-04-20 10:53:22] [INFO] Chargement de robot_3d_0192-> 264/331 | 79%
[2026-04-20 10:53:22] [INFO] Chargement de robot_3d_0194-> 266/331 | 80%
[2026-04-20 10:53:22] [INFO] Chargement de robot_3d_0195-> 267/331 | 80%
[2026-04-20 10:53:22] [INFO] Chargement de robot_3d_0196-> 268/331 | 80%
[2026-04-20 10:53:22] [INFO] Chargement de robot_3d_0197-> 269/331 | 81%
[2026-04-20 10:53:22] [INFO] Chargement de robot_3d_0198-> 270/331 | 81%
[2026-04-20 10:53:22] [INFO] Chargement de robot_3d_0199-> 271/331 | 81%
[2026-04-20 10:53:22] [INFO] Chargement de robot_3d_0201-> 273/331 | 82%
[2026-04-20 10:53:22] [INFO] Chargement de robot_3d_0202-> 274/331 | 82%
[2026-04-20 10:53:22] [INFO] Chargement de robot_3d_0203-> 275/331 | 83%
[2026-04-20 10:53:22] [INFO] Chargement de robot_3d_0204-> 276/331 | 83%
[2026-04-20 10:53:22] [INFO] Chargement de robot_3d_0206-> 278/331 | 83%
[2026-04-20 10:53:22] [INFO] Chargement de robot_3d_0207-> 279/331 | 84%
[2026-04-20 10:53:22] [INFO] Chargement de robot_3d_0209-> 281/331 | 84%
[2026-04-20 10:53:22] [INFO] Chargement de robot_3d_0209-> 281/331 | 84%
[2026-04-20 10:53:22] [INFO] Chargement de robot_3d_0210-> 282/331 | 85%
[2026-04-20 10:53:23] [INFO] Chargement de robot_3d_0211-> 283/331 | 85%
[2026-04-20 10:53:23] [INFO] Chargement de robot_3d_0212-> 284/331 | 85%
[2026-04-20 10:53:23] [INFO] Chargement de robot_3d_0213-> 285/331 | 86%
[2026-04-20 10:53:23] [INFO] Chargement de robot_3d_0214-> 286/331 | 86%
[2026-04-20 10:53:23] [INFO] Chargement de robot_3d_0215-> 287/331 | 86%
[2026-04-20 10:53:23] [INFO] Chargement de robot_3d_0217-> 289/331 | 87%
[2026-04-20 10:53:23] [INFO] Chargement de robot_3d_0219-> 291/331 | 87%
[2026-04-20 10:53:23] [INFO] Chargement de robot_3d_0220-> 292/331 | 88%
[2026-04-20 10:53:23] [INFO] Chargement de robot_3d_0221-> 293/331 | 88%
[2026-04-20 10:53:23] [INFO] Chargement de robot_3d_0222-> 294/331 | 88%
[2026-04-20 10:53:23] [INFO] Chargement de robot_3d_0223-> 295/331 | 89%
[2026-04-20 10:53:23] [INFO] Chargement de robot_3d_0224-> 296/331 | 89%
[2026-04-20 10:53:23] [INFO] Chargement de robot_3d_0226-> 298/331 | 90%
[2026-04-20 10:53:23] [INFO] Chargement de robot_3d_0228-> 300/331 | 90%
[2026-04-20 10:53:23] [INFO] Chargement de robot_3d_0230-> 302/331 | 91%
[2026-04-20 10:53:23] [INFO] Chargement de robot_3d_0230-> 302/331 | 91%
[2026-04-20 10:53:23] [INFO] Chargement de robot_3d_0231-> 303/331 | 91%
[2026-04-20 10:53:23] [INFO] Chargement de robot_3d_0232-> 304/331 | 91%
[2026-04-20 10:53:23] [INFO] Chargement de robot_3d_0233-> 305/331 | 92%
[2026-04-20 10:53:23] [INFO] Chargement de robot_3d_0234-> 306/331 | 92%
[2026-04-20 10:53:23] [INFO] Chargement de robot_3d_0235-> 307/331 | 92%
[2026-04-20 10:53:23] [INFO] Chargement de robot_3d_0236-> 308/331 | 93%
[2026-04-20 10:53:23] [INFO] Chargement de robot_3d_0237-> 309/331 | 93%
[2026-04-20 10:53:23] [INFO] Chargement de robot_3d_0239-> 311/331 | 93%
[2026-04-20 10:53:23] [INFO] Chargement de robot_3d_0240-> 312/331 | 94%
[2026-04-20 10:53:23] [INFO] Chargement de lava_2-> 323/331 | 97%
[2026-04-20 10:53:23] [INFO] Assets chargés, redirect vers play_menu
[2026-04-20 10:53:23] [INFO] Entrez dans play_menu avec le compte tsukira2.json
[2026-04-20 10:53:55] [INFO] Entrez dans play_menu avec le compte tsukira2.json
[2026-04-20 10:54:33] [INFO] Entrez dans play_menu avec le compte tsukira2.json
[2026-04-20 10:55:00] [ERROR] play ->
Traceback (most recent call last):
  File "c:\Users\elvin\Desktop\informatique_tfe\tfe\src\data\object\games\play.py", line 269, in play
    draw_background(background, background_pos, camera_y)
  File "c:\Users\elvin\Desktop\informatique_tfe\tfe\src\data\object\games\play.py", line 164, in draw_background
    screen.blit(img, (bx, by - int(camera_y * parallax)))
pygame.error: display Surface quit
[2026-04-20 10:55:00] [ERROR] play_menu ->
Traceback (most recent call last):
  File "c:\Users\elvin\Desktop\informatique_tfe\tfe\src\data\object\games\play_menu.py", line 96, in play_menu
    screen.blit(BACKGROUND, (0, 0))
pygame.error: display Surface quit
[2026-04-20 10:55:00] [ERROR] play ->
Traceback (most recent call last):
  File "c:\Users\elvin\Desktop\informatique_tfe\tfe\src\data\object\games\play.py", line 269, in play
    draw_background(background, background_pos, camera_y)
  File "c:\Users\elvin\Desktop\informatique_tfe\tfe\src\data\object\games\play.py", line 164, in draw_background
    screen.blit(img, (bx, by - int(camera_y * parallax)))
pygame.error: display Surface quit
[2026-04-20 10:55:00] [ERROR] play_menu ->
Traceback (most recent call last):
  File "c:\Users\elvin\Desktop\informatique_tfe\tfe\src\data\object\games\play_menu.py", line 96, in play_menu
    screen.blit(BACKGROUND, (0, 0))
pygame.error: display Surface quit
[2026-04-20 10:55:00] [INFO] Compte choisi -> True
[2026-04-20 10:55:00] [INFO] Main Menu
[2026-04-20 10:55:00] [INFO] +------ Fin du jeux -----+
[2026-04-20 18:12:22] [INFO] 



+///////////////////////////////////////////////////////////////////////////+

                Démarrage de Nexus Extraction

+///////////////////////////////////////////////////////////////////////////+

[2026-04-20 18:12:22] [INFO] 
+---------------------------- Bienvenue ! ----------------------------+

Bienvenue dans Nexus Extraction. Si vous lisez ceci, c’est que vous vous
trouvez actuellement dans les logs du jeu. Si vous êtes un joueur lambda,
cette fenêtre ne vous intéressera pas, mais ne la fermez pas, car cette
action entraînera la fermeture du jeu.

En cas de problème ou de plantage du jeu, merci de contacter le développeur
à l’adresse e-mail suivante : mouyelv@sjb-liege.org
en joignant les fichiers de logs qui se trouvent dans le dossier "logs/".

Merci de jouer à Nexus Extraction et bon jeu ;)

+-------------------------------- LOGS --------------------------------+

[2026-04-20 18:12:22] [INFO] Main Menu
[2026-04-20 18:12:27] [INFO] Entrez dans compte
[2026-04-20 18:12:29] [INFO] Entrez dans load_menu avec le compte -> tsukira2.json
[2026-04-20 18:12:29] [INFO] Chargement de title-> 1/331 | 0%
[2026-04-20 18:12:29] [INFO] Chargement de creator-> 2/331 | 0%
[2026-04-20 18:12:29] [INFO] Chargement de creator-> 2/331 | 0%
[2026-04-20 18:12:29] [INFO] Chargement de creator-> 2/331 | 0%
[2026-04-20 18:12:29] [INFO] Chargement de creator-> 2/331 | 0%
[2026-04-20 18:12:29] [INFO] Chargement de creator-> 2/331 | 0%
[2026-04-20 18:12:29] [INFO] Chargement de creator-> 2/331 | 0%
[2026-04-20 18:12:29] [INFO] Chargement de creator-> 2/331 | 0%
[2026-04-20 18:12:29] [INFO] Chargement de creator-> 2/331 | 0%
[2026-04-20 18:12:29] [INFO] Chargement de music_creator-> 3/331 | 0%
[2026-04-20 18:12:29] [INFO] Chargement de the_void-> 4/331 | 1%
[2026-04-20 18:12:29] [INFO] Chargement de the_void-> 4/331 | 1%
[2026-04-20 18:12:29] [INFO] Chargement de the_void_full-> 5/331 | 1%
[2026-04-20 18:12:29] [INFO] Chargement de the_void_full-> 5/331 | 1%
[2026-04-20 18:12:29] [INFO] Chargement de underground_1-> 6/331 | 1%
[2026-04-20 18:12:29] [INFO] Chargement de underground_1-> 6/331 | 1%
[2026-04-20 18:12:29] [INFO] Chargement de underground_2-> 7/331 | 2%
[2026-04-20 18:12:29] [INFO] Chargement de underground_2-> 7/331 | 2%
[2026-04-20 18:12:29] [INFO] Chargement de underground_2-> 7/331 | 2%
[2026-04-20 18:12:29] [INFO] Chargement de underground_2-> 7/331 | 2%
[2026-04-20 18:12:29] [INFO] Chargement de underground_2-> 7/331 | 2%
[2026-04-20 18:12:29] [INFO] Chargement de underground_2-> 7/331 | 2%
[2026-04-20 18:12:29] [INFO] Chargement de underground_2-> 7/331 | 2%
[2026-04-20 18:12:29] [INFO] Chargement de underground_2-> 7/331 | 2%
[2026-04-20 18:12:29] [INFO] Chargement de underground_2-> 7/331 | 2%
[2026-04-20 18:12:29] [INFO] Chargement de underground_3-> 8/331 | 2%
[2026-04-20 18:12:29] [INFO] Chargement de underground_3-> 8/331 | 2%
[2026-04-20 18:12:29] [INFO] Chargement de btn_play_menu-> 9/331 | 2%
[2026-04-20 18:12:29] [INFO] Chargement de btn_play_menu-> 9/331 | 2%
[2026-04-20 18:12:29] [INFO] Chargement de btn_play_menu-> 9/331 | 2%
[2026-04-20 18:12:29] [INFO] Chargement de btn_boutique_menu-> 10/331 | 3%
[2026-04-20 18:12:29] [INFO] Chargement de btn_boutique_menu-> 10/331 | 3%
[2026-04-20 18:12:29] [INFO] Chargement de btn_boutique_menu-> 10/331 | 3%
[2026-04-20 18:12:29] [INFO] Chargement de btn_option_menu-> 11/331 | 3%
[2026-04-20 18:12:29] [INFO] Chargement de btn_option_menu-> 11/331 | 3%
[2026-04-20 18:12:29] [INFO] Chargement de btn_option_menu-> 11/331 | 3%
[2026-04-20 18:12:29] [INFO] Chargement de btn_play-> 12/331 | 3%
[2026-04-20 18:12:29] [INFO] Chargement de btn_play-> 12/331 | 3%
[2026-04-20 18:12:29] [INFO] Chargement de btn_play-> 12/331 | 3%
[2026-04-20 18:12:29] [INFO] Chargement de btn_quitter-> 13/331 | 3%
[2026-04-20 18:12:29] [INFO] Chargement de btn_quitter-> 13/331 | 3%
[2026-04-20 18:12:29] [INFO] Chargement de btn_quitter-> 13/331 | 3%
[2026-04-20 18:12:29] [INFO] Chargement de btn_compte-> 14/331 | 4%
[2026-04-20 18:12:29] [INFO] Chargement de refresh_btn-> 15/331 | 4%
[2026-04-20 18:12:29] [INFO] Chargement de boutique_bg-> 17/331 | 5%
[2026-04-20 18:12:29] [INFO] Chargement de boutique_bg-> 17/331 | 5%
[2026-04-20 18:12:29] [INFO] Chargement de boutique_energy-> 19/331 | 5%
[2026-04-20 18:12:29] [INFO] Chargement de boutique_pression-> 20/331 | 6%
[2026-04-20 18:12:29] [INFO] Chargement de blue_storm-> 22/331 | 6%
[2026-04-20 18:12:29] [INFO] Chargement de danger-> 23/331 | 6%
[2026-04-20 18:12:29] [INFO] Chargement de pression_icon-> 24/331 | 7%
[2026-04-20 18:12:29] [INFO] Chargement de grass_block-> 26/331 | 7%
[2026-04-20 18:12:29] [INFO] Chargement de iron_ore-> 29/331 | 8%
[2026-04-20 18:12:29] [INFO] Chargement de oak_planks-> 32/331 | 9%
[2026-04-20 18:12:29] [INFO] Chargement de oak_strairs_R-> 35/331 | 10%
[2026-04-20 18:12:29] [INFO] Chargement de deepslate_coal_ore-> 38/331 | 11%
[2026-04-20 18:12:29] [INFO] Chargement de deepslate_iron_ore-> 41/331 | 12%
[2026-04-20 18:12:29] [INFO] Chargement de deepslate_emerald_ore-> 43/331 | 12%
[2026-04-20 18:12:29] [INFO] Chargement de deepslate_lapis_ore-> 45/331 | 13%
[2026-04-20 18:12:29] [INFO] Chargement de cobblestone-> 47/331 | 14%
[2026-04-20 18:12:29] [INFO] Chargement de water_full-> 50/331 | 15%
[2026-04-20 18:12:29] [INFO] Chargement de robot_0-> 53/331 | 16%
[2026-04-20 18:12:29] [INFO] Chargement de robot_2-> 55/331 | 16%
[2026-04-20 18:12:29] [INFO] Chargement de robot_5-> 58/331 | 17%
[2026-04-20 18:12:30] [INFO] Chargement de robot_8-> 61/331 | 18%
[2026-04-20 18:12:30] [INFO] Chargement de robot_40-> 64/331 | 19%
[2026-04-20 18:12:30] [INFO] Chargement de robot_90-> 67/331 | 20%
[2026-04-20 18:12:30] [INFO] Chargement de bird_3-> 72/331 | 21%
[2026-04-20 18:12:30] [INFO] Chargement de robot_3d_0001-> 73/331 | 22%
[2026-04-20 18:12:30] [INFO] Chargement de robot_3d_0002-> 74/331 | 22%
[2026-04-20 18:12:30] [INFO] Chargement de robot_3d_0003-> 75/331 | 22%
[2026-04-20 18:12:30] [INFO] Chargement de robot_3d_0004-> 76/331 | 22%
[2026-04-20 18:12:30] [INFO] Chargement de robot_3d_0005-> 77/331 | 23%
[2026-04-20 18:12:30] [INFO] Chargement de robot_3d_0006-> 78/331 | 23%
[2026-04-20 18:12:30] [INFO] Chargement de robot_3d_0007-> 79/331 | 23%
[2026-04-20 18:12:30] [INFO] Chargement de robot_3d_0008-> 80/331 | 24%
[2026-04-20 18:12:30] [INFO] Chargement de robot_3d_0009-> 81/331 | 24%
[2026-04-20 18:12:30] [INFO] Chargement de robot_3d_0010-> 82/331 | 24%
[2026-04-20 18:12:30] [INFO] Chargement de robot_3d_0011-> 83/331 | 25%
[2026-04-20 18:12:30] [INFO] Chargement de robot_3d_0012-> 84/331 | 25%
[2026-04-20 18:12:30] [INFO] Chargement de robot_3d_0013-> 85/331 | 25%
[2026-04-20 18:12:30] [INFO] Chargement de robot_3d_0014-> 86/331 | 25%
[2026-04-20 18:12:30] [INFO] Chargement de robot_3d_0015-> 87/331 | 26%
[2026-04-20 18:12:30] [INFO] Chargement de robot_3d_0016-> 88/331 | 26%
[2026-04-20 18:12:30] [INFO] Chargement de robot_3d_0017-> 89/331 | 26%
[2026-04-20 18:12:30] [INFO] Chargement de robot_3d_0018-> 90/331 | 27%
[2026-04-20 18:12:30] [INFO] Chargement de robot_3d_0019-> 91/331 | 27%
[2026-04-20 18:12:30] [INFO] Chargement de robot_3d_0020-> 92/331 | 27%
[2026-04-20 18:12:30] [INFO] Chargement de robot_3d_0021-> 93/331 | 28%
[2026-04-20 18:12:30] [INFO] Chargement de robot_3d_0022-> 94/331 | 28%
[2026-04-20 18:12:30] [INFO] Chargement de robot_3d_0023-> 95/331 | 28%
[2026-04-20 18:12:30] [INFO] Chargement de robot_3d_0024-> 96/331 | 29%
[2026-04-20 18:12:30] [INFO] Chargement de robot_3d_0025-> 97/331 | 29%
[2026-04-20 18:12:30] [INFO] Chargement de robot_3d_0026-> 98/331 | 29%
[2026-04-20 18:12:30] [INFO] Chargement de robot_3d_0027-> 99/331 | 29%
[2026-04-20 18:12:30] [INFO] Chargement de robot_3d_0028-> 100/331 | 30%
[2026-04-20 18:12:30] [INFO] Chargement de robot_3d_0029-> 101/331 | 30%
[2026-04-20 18:12:30] [INFO] Chargement de robot_3d_0030-> 102/331 | 30%
[2026-04-20 18:12:30] [INFO] Chargement de robot_3d_0031-> 103/331 | 31%
[2026-04-20 18:12:30] [INFO] Chargement de robot_3d_0032-> 104/331 | 31%
[2026-04-20 18:12:30] [INFO] Chargement de robot_3d_0033-> 105/331 | 31%
[2026-04-20 18:12:30] [INFO] Chargement de robot_3d_0034-> 106/331 | 32%
[2026-04-20 18:12:30] [INFO] Chargement de robot_3d_0035-> 107/331 | 32%
[2026-04-20 18:12:30] [INFO] Chargement de robot_3d_0036-> 108/331 | 32%
[2026-04-20 18:12:30] [INFO] Chargement de robot_3d_0037-> 109/331 | 32%
[2026-04-20 18:12:30] [INFO] Chargement de robot_3d_0038-> 110/331 | 33%
[2026-04-20 18:12:30] [INFO] Chargement de robot_3d_0039-> 111/331 | 33%
[2026-04-20 18:12:30] [INFO] Chargement de robot_3d_0040-> 112/331 | 33%
[2026-04-20 18:12:30] [INFO] Chargement de robot_3d_0041-> 113/331 | 34%
[2026-04-20 18:12:30] [INFO] Chargement de robot_3d_0042-> 114/331 | 34%
[2026-04-20 18:12:30] [INFO] Chargement de robot_3d_0043-> 115/331 | 34%
[2026-04-20 18:12:30] [INFO] Chargement de robot_3d_0044-> 116/331 | 35%
[2026-04-20 18:12:30] [INFO] Chargement de robot_3d_0045-> 117/331 | 35%
[2026-04-20 18:12:30] [INFO] Chargement de robot_3d_0046-> 118/331 | 35%
[2026-04-20 18:12:30] [INFO] Chargement de robot_3d_0047-> 119/331 | 35%
[2026-04-20 18:12:30] [INFO] Chargement de robot_3d_0048-> 120/331 | 36%
[2026-04-20 18:12:30] [INFO] Chargement de robot_3d_0049-> 121/331 | 36%
[2026-04-20 18:12:30] [INFO] Chargement de robot_3d_0050-> 122/331 | 36%
[2026-04-20 18:12:30] [INFO] Chargement de robot_3d_0051-> 123/331 | 37%
[2026-04-20 18:12:30] [INFO] Chargement de robot_3d_0052-> 124/331 | 37%
[2026-04-20 18:12:30] [INFO] Chargement de robot_3d_0053-> 125/331 | 37%
[2026-04-20 18:12:30] [INFO] Chargement de robot_3d_0054-> 126/331 | 38%
[2026-04-20 18:12:30] [INFO] Chargement de robot_3d_0055-> 127/331 | 38%
[2026-04-20 18:12:30] [INFO] Chargement de robot_3d_0056-> 128/331 | 38%
[2026-04-20 18:12:30] [INFO] Chargement de robot_3d_0057-> 129/331 | 38%
[2026-04-20 18:12:30] [INFO] Chargement de robot_3d_0058-> 130/331 | 39%
[2026-04-20 18:12:30] [INFO] Chargement de robot_3d_0059-> 131/331 | 39%
[2026-04-20 18:12:30] [INFO] Chargement de robot_3d_0060-> 132/331 | 39%
[2026-04-20 18:12:30] [INFO] Chargement de robot_3d_0061-> 133/331 | 40%
[2026-04-20 18:12:30] [INFO] Chargement de robot_3d_0062-> 134/331 | 40%
[2026-04-20 18:12:30] [INFO] Chargement de robot_3d_0063-> 135/331 | 40%
[2026-04-20 18:12:30] [INFO] Chargement de robot_3d_0064-> 136/331 | 41%
[2026-04-20 18:12:30] [INFO] Chargement de robot_3d_0065-> 137/331 | 41%
[2026-04-20 18:12:30] [INFO] Chargement de robot_3d_0066-> 138/331 | 41%
[2026-04-20 18:12:30] [INFO] Chargement de robot_3d_0067-> 139/331 | 41%
[2026-04-20 18:12:30] [INFO] Chargement de robot_3d_0068-> 140/331 | 42%
[2026-04-20 18:12:30] [INFO] Chargement de robot_3d_0069-> 141/331 | 42%
[2026-04-20 18:12:30] [INFO] Chargement de robot_3d_0070-> 142/331 | 42%
[2026-04-20 18:12:30] [INFO] Chargement de robot_3d_0071-> 143/331 | 43%
[2026-04-20 18:12:30] [INFO] Chargement de robot_3d_0072-> 144/331 | 43%
[2026-04-20 18:12:30] [INFO] Chargement de robot_3d_0073-> 145/331 | 43%
[2026-04-20 18:12:30] [INFO] Chargement de robot_3d_0074-> 146/331 | 44%
[2026-04-20 18:12:30] [INFO] Chargement de robot_3d_0075-> 147/331 | 44%
[2026-04-20 18:12:30] [INFO] Chargement de robot_3d_0076-> 148/331 | 44%
[2026-04-20 18:12:30] [INFO] Chargement de robot_3d_0077-> 149/331 | 45%
[2026-04-20 18:12:30] [INFO] Chargement de robot_3d_0078-> 150/331 | 45%
[2026-04-20 18:12:30] [INFO] Chargement de robot_3d_0079-> 151/331 | 45%
[2026-04-20 18:12:30] [INFO] Chargement de robot_3d_0080-> 152/331 | 45%
[2026-04-20 18:12:30] [INFO] Chargement de robot_3d_0081-> 153/331 | 46%
[2026-04-20 18:12:30] [INFO] Chargement de robot_3d_0082-> 154/331 | 46%
[2026-04-20 18:12:30] [INFO] Chargement de robot_3d_0083-> 155/331 | 46%
[2026-04-20 18:12:30] [INFO] Chargement de robot_3d_0084-> 156/331 | 47%
[2026-04-20 18:12:30] [INFO] Chargement de robot_3d_0085-> 157/331 | 47%
[2026-04-20 18:12:30] [INFO] Chargement de robot_3d_0086-> 158/331 | 47%
[2026-04-20 18:12:30] [INFO] Chargement de robot_3d_0087-> 159/331 | 48%
[2026-04-20 18:12:30] [INFO] Chargement de robot_3d_0088-> 160/331 | 48%
[2026-04-20 18:12:30] [INFO] Chargement de robot_3d_0089-> 161/331 | 48%
[2026-04-20 18:12:30] [INFO] Chargement de robot_3d_0090-> 162/331 | 48%
[2026-04-20 18:12:30] [INFO] Chargement de robot_3d_0091-> 163/331 | 49%
[2026-04-20 18:12:30] [INFO] Chargement de robot_3d_0092-> 164/331 | 49%
[2026-04-20 18:12:30] [INFO] Chargement de robot_3d_0093-> 165/331 | 49%
[2026-04-20 18:12:30] [INFO] Chargement de robot_3d_0094-> 166/331 | 50%
[2026-04-20 18:12:30] [INFO] Chargement de robot_3d_0095-> 167/331 | 50%
[2026-04-20 18:12:30] [INFO] Chargement de robot_3d_0096-> 168/331 | 50%
[2026-04-20 18:12:30] [INFO] Chargement de robot_3d_0097-> 169/331 | 51%
[2026-04-20 18:12:30] [INFO] Chargement de robot_3d_0098-> 170/331 | 51%
[2026-04-20 18:12:30] [INFO] Chargement de robot_3d_0099-> 171/331 | 51%
[2026-04-20 18:12:30] [INFO] Chargement de robot_3d_0100-> 172/331 | 51%
[2026-04-20 18:12:30] [INFO] Chargement de robot_3d_0101-> 173/331 | 52%
[2026-04-20 18:12:30] [INFO] Chargement de robot_3d_0102-> 174/331 | 52%
[2026-04-20 18:12:30] [INFO] Chargement de robot_3d_0103-> 175/331 | 52%
[2026-04-20 18:12:30] [INFO] Chargement de robot_3d_0104-> 176/331 | 53%
[2026-04-20 18:12:30] [INFO] Chargement de robot_3d_0105-> 177/331 | 53%
[2026-04-20 18:12:30] [INFO] Chargement de robot_3d_0106-> 178/331 | 53%
[2026-04-20 18:12:30] [INFO] Chargement de robot_3d_0107-> 179/331 | 54%
[2026-04-20 18:12:30] [INFO] Chargement de robot_3d_0108-> 180/331 | 54%
[2026-04-20 18:12:30] [INFO] Chargement de robot_3d_0109-> 181/331 | 54%
[2026-04-20 18:12:30] [INFO] Chargement de robot_3d_0110-> 182/331 | 54%
[2026-04-20 18:12:30] [INFO] Chargement de robot_3d_0111-> 183/331 | 55%
[2026-04-20 18:12:30] [INFO] Chargement de robot_3d_0112-> 184/331 | 55%
[2026-04-20 18:12:30] [INFO] Chargement de robot_3d_0113-> 185/331 | 55%
[2026-04-20 18:12:30] [INFO] Chargement de robot_3d_0114-> 186/331 | 56%
[2026-04-20 18:12:30] [INFO] Chargement de robot_3d_0115-> 187/331 | 56%
[2026-04-20 18:12:30] [INFO] Chargement de robot_3d_0116-> 188/331 | 56%
[2026-04-20 18:12:30] [INFO] Chargement de robot_3d_0117-> 189/331 | 57%
[2026-04-20 18:12:30] [INFO] Chargement de robot_3d_0118-> 190/331 | 57%
[2026-04-20 18:12:30] [INFO] Chargement de robot_3d_0119-> 191/331 | 57%
[2026-04-20 18:12:30] [INFO] Chargement de robot_3d_0120-> 192/331 | 58%
[2026-04-20 18:12:30] [INFO] Chargement de robot_3d_0121-> 193/331 | 58%
[2026-04-20 18:12:30] [INFO] Chargement de robot_3d_0122-> 194/331 | 58%
[2026-04-20 18:12:30] [INFO] Chargement de robot_3d_0123-> 195/331 | 58%
[2026-04-20 18:12:30] [INFO] Chargement de robot_3d_0124-> 196/331 | 59%
[2026-04-20 18:12:30] [INFO] Chargement de robot_3d_0125-> 197/331 | 59%
[2026-04-20 18:12:30] [INFO] Chargement de robot_3d_0126-> 198/331 | 59%
[2026-04-20 18:12:30] [INFO] Chargement de robot_3d_0127-> 199/331 | 60%
[2026-04-20 18:12:30] [INFO] Chargement de robot_3d_0128-> 200/331 | 60%
[2026-04-20 18:12:30] [INFO] Chargement de robot_3d_0129-> 201/331 | 60%
[2026-04-20 18:12:30] [INFO] Chargement de robot_3d_0130-> 202/331 | 61%
[2026-04-20 18:12:30] [INFO] Chargement de robot_3d_0131-> 203/331 | 61%
[2026-04-20 18:12:30] [INFO] Chargement de robot_3d_0132-> 204/331 | 61%
[2026-04-20 18:12:30] [INFO] Chargement de robot_3d_0133-> 205/331 | 61%
[2026-04-20 18:12:30] [INFO] Chargement de robot_3d_0134-> 206/331 | 62%
[2026-04-20 18:12:30] [INFO] Chargement de robot_3d_0135-> 207/331 | 62%
[2026-04-20 18:12:30] [INFO] Chargement de robot_3d_0136-> 208/331 | 62%
[2026-04-20 18:12:30] [INFO] Chargement de robot_3d_0137-> 209/331 | 63%
[2026-04-20 18:12:30] [INFO] Chargement de robot_3d_0138-> 210/331 | 63%
[2026-04-20 18:12:30] [INFO] Chargement de robot_3d_0139-> 211/331 | 63%
[2026-04-20 18:12:30] [INFO] Chargement de robot_3d_0140-> 212/331 | 64%
[2026-04-20 18:12:30] [INFO] Chargement de robot_3d_0141-> 213/331 | 64%
[2026-04-20 18:12:30] [INFO] Chargement de robot_3d_0142-> 214/331 | 64%
[2026-04-20 18:12:30] [INFO] Chargement de robot_3d_0143-> 215/331 | 64%
[2026-04-20 18:12:30] [INFO] Chargement de robot_3d_0144-> 216/331 | 65%
[2026-04-20 18:12:30] [INFO] Chargement de robot_3d_0145-> 217/331 | 65%
[2026-04-20 18:12:30] [INFO] Chargement de robot_3d_0146-> 218/331 | 65%
[2026-04-20 18:12:30] [INFO] Chargement de robot_3d_0147-> 219/331 | 66%
[2026-04-20 18:12:30] [INFO] Chargement de robot_3d_0148-> 220/331 | 66%
[2026-04-20 18:12:30] [INFO] Chargement de robot_3d_0149-> 221/331 | 66%
[2026-04-20 18:12:30] [INFO] Chargement de robot_3d_0150-> 222/331 | 67%
[2026-04-20 18:12:30] [INFO] Chargement de robot_3d_0151-> 223/331 | 67%
[2026-04-20 18:12:30] [INFO] Chargement de robot_3d_0152-> 224/331 | 67%
[2026-04-20 18:12:30] [INFO] Chargement de robot_3d_0153-> 225/331 | 67%
[2026-04-20 18:12:30] [INFO] Chargement de robot_3d_0154-> 226/331 | 68%
[2026-04-20 18:12:30] [INFO] Chargement de robot_3d_0155-> 227/331 | 68%
[2026-04-20 18:12:30] [INFO] Chargement de robot_3d_0156-> 228/331 | 68%
[2026-04-20 18:12:30] [INFO] Chargement de robot_3d_0157-> 229/331 | 69%
[2026-04-20 18:12:30] [INFO] Chargement de robot_3d_0158-> 230/331 | 69%
[2026-04-20 18:12:30] [INFO] Chargement de robot_3d_0159-> 231/331 | 69%
[2026-04-20 18:12:30] [INFO] Chargement de robot_3d_0160-> 232/331 | 70%
[2026-04-20 18:12:30] [INFO] Chargement de robot_3d_0161-> 233/331 | 70%
[2026-04-20 18:12:30] [INFO] Chargement de robot_3d_0162-> 234/331 | 70%
[2026-04-20 18:12:30] [INFO] Chargement de robot_3d_0163-> 235/331 | 70%
[2026-04-20 18:12:30] [INFO] Chargement de robot_3d_0164-> 236/331 | 71%
[2026-04-20 18:12:30] [INFO] Chargement de robot_3d_0165-> 237/331 | 71%
[2026-04-20 18:12:30] [INFO] Chargement de robot_3d_0166-> 238/331 | 71%
[2026-04-20 18:12:30] [INFO] Chargement de robot_3d_0167-> 239/331 | 72%
[2026-04-20 18:12:30] [INFO] Chargement de robot_3d_0168-> 240/331 | 72%
[2026-04-20 18:12:30] [INFO] Chargement de robot_3d_0169-> 241/331 | 72%
[2026-04-20 18:12:30] [INFO] Chargement de robot_3d_0170-> 242/331 | 73%
[2026-04-20 18:12:30] [INFO] Chargement de robot_3d_0171-> 243/331 | 73%
[2026-04-20 18:12:30] [INFO] Chargement de robot_3d_0172-> 244/331 | 73%
[2026-04-20 18:12:30] [INFO] Chargement de robot_3d_0173-> 245/331 | 74%
[2026-04-20 18:12:30] [INFO] Chargement de robot_3d_0174-> 246/331 | 74%
[2026-04-20 18:12:30] [INFO] Chargement de robot_3d_0175-> 247/331 | 74%
[2026-04-20 18:12:31] [INFO] Chargement de robot_3d_0176-> 248/331 | 74%
[2026-04-20 18:12:31] [INFO] Chargement de robot_3d_0177-> 249/331 | 75%
[2026-04-20 18:12:31] [INFO] Chargement de robot_3d_0178-> 250/331 | 75%
[2026-04-20 18:12:31] [INFO] Chargement de robot_3d_0179-> 251/331 | 75%
[2026-04-20 18:12:31] [INFO] Chargement de robot_3d_0180-> 252/331 | 76%
[2026-04-20 18:12:31] [INFO] Chargement de robot_3d_0181-> 253/331 | 76%
[2026-04-20 18:12:31] [INFO] Chargement de robot_3d_0182-> 254/331 | 76%
[2026-04-20 18:12:31] [INFO] Chargement de robot_3d_0183-> 255/331 | 77%
[2026-04-20 18:12:31] [INFO] Chargement de robot_3d_0184-> 256/331 | 77%
[2026-04-20 18:12:31] [INFO] Chargement de robot_3d_0185-> 257/331 | 77%
[2026-04-20 18:12:31] [INFO] Chargement de robot_3d_0186-> 258/331 | 77%
[2026-04-20 18:12:31] [INFO] Chargement de robot_3d_0187-> 259/331 | 78%
[2026-04-20 18:12:31] [INFO] Chargement de robot_3d_0188-> 260/331 | 78%
[2026-04-20 18:12:31] [INFO] Chargement de robot_3d_0189-> 261/331 | 78%
[2026-04-20 18:12:31] [INFO] Chargement de robot_3d_0190-> 262/331 | 79%
[2026-04-20 18:12:31] [INFO] Chargement de robot_3d_0191-> 263/331 | 79%
[2026-04-20 18:12:31] [INFO] Chargement de robot_3d_0192-> 264/331 | 79%
[2026-04-20 18:12:31] [INFO] Chargement de robot_3d_0193-> 265/331 | 80%
[2026-04-20 18:12:31] [INFO] Chargement de robot_3d_0194-> 266/331 | 80%
[2026-04-20 18:12:31] [INFO] Chargement de robot_3d_0195-> 267/331 | 80%
[2026-04-20 18:12:31] [INFO] Chargement de robot_3d_0196-> 268/331 | 80%
[2026-04-20 18:12:31] [INFO] Chargement de robot_3d_0197-> 269/331 | 81%
[2026-04-20 18:12:31] [INFO] Chargement de robot_3d_0198-> 270/331 | 81%
[2026-04-20 18:12:31] [INFO] Chargement de robot_3d_0199-> 271/331 | 81%
[2026-04-20 18:12:31] [INFO] Chargement de robot_3d_0200-> 272/331 | 82%
[2026-04-20 18:12:31] [INFO] Chargement de robot_3d_0201-> 273/331 | 82%
[2026-04-20 18:12:31] [INFO] Chargement de robot_3d_0202-> 274/331 | 82%
[2026-04-20 18:12:31] [INFO] Chargement de robot_3d_0203-> 275/331 | 83%
[2026-04-20 18:12:31] [INFO] Chargement de robot_3d_0204-> 276/331 | 83%
[2026-04-20 18:12:31] [INFO] Chargement de robot_3d_0205-> 277/331 | 83%
[2026-04-20 18:12:31] [INFO] Chargement de robot_3d_0206-> 278/331 | 83%
[2026-04-20 18:12:31] [INFO] Chargement de robot_3d_0207-> 279/331 | 84%
[2026-04-20 18:12:31] [INFO] Chargement de robot_3d_0208-> 280/331 | 84%
[2026-04-20 18:12:31] [INFO] Chargement de robot_3d_0209-> 281/331 | 84%
[2026-04-20 18:12:31] [INFO] Chargement de robot_3d_0210-> 282/331 | 85%
[2026-04-20 18:12:31] [INFO] Chargement de robot_3d_0211-> 283/331 | 85%
[2026-04-20 18:12:31] [INFO] Chargement de robot_3d_0212-> 284/331 | 85%
[2026-04-20 18:12:31] [INFO] Chargement de robot_3d_0213-> 285/331 | 86%
[2026-04-20 18:12:31] [INFO] Chargement de robot_3d_0214-> 286/331 | 86%
[2026-04-20 18:12:31] [INFO] Chargement de robot_3d_0215-> 287/331 | 86%
[2026-04-20 18:12:31] [INFO] Chargement de robot_3d_0216-> 288/331 | 87%
[2026-04-20 18:12:31] [INFO] Chargement de robot_3d_0217-> 289/331 | 87%
[2026-04-20 18:12:31] [INFO] Chargement de robot_3d_0218-> 290/331 | 87%
[2026-04-20 18:12:31] [INFO] Chargement de robot_3d_0219-> 291/331 | 87%
[2026-04-20 18:12:31] [INFO] Chargement de robot_3d_0220-> 292/331 | 88%
[2026-04-20 18:12:31] [INFO] Chargement de robot_3d_0221-> 293/331 | 88%
[2026-04-20 18:12:31] [INFO] Chargement de robot_3d_0222-> 294/331 | 88%
[2026-04-20 18:12:31] [INFO] Chargement de robot_3d_0223-> 295/331 | 89%
[2026-04-20 18:12:31] [INFO] Chargement de robot_3d_0224-> 296/331 | 89%
[2026-04-20 18:12:31] [INFO] Chargement de robot_3d_0225-> 297/331 | 89%
[2026-04-20 18:12:31] [INFO] Chargement de robot_3d_0226-> 298/331 | 90%
[2026-04-20 18:12:31] [INFO] Chargement de robot_3d_0227-> 299/331 | 90%
[2026-04-20 18:12:31] [INFO] Chargement de robot_3d_0228-> 300/331 | 90%
[2026-04-20 18:12:31] [INFO] Chargement de robot_3d_0229-> 301/331 | 90%
[2026-04-20 18:12:31] [INFO] Chargement de robot_3d_0230-> 302/331 | 91%
[2026-04-20 18:12:31] [INFO] Chargement de robot_3d_0231-> 303/331 | 91%
[2026-04-20 18:12:31] [INFO] Chargement de robot_3d_0232-> 304/331 | 91%
[2026-04-20 18:12:31] [INFO] Chargement de robot_3d_0233-> 305/331 | 92%
[2026-04-20 18:12:31] [INFO] Chargement de robot_3d_0234-> 306/331 | 92%
[2026-04-20 18:12:31] [INFO] Chargement de robot_3d_0235-> 307/331 | 92%
[2026-04-20 18:12:31] [INFO] Chargement de robot_3d_0236-> 308/331 | 93%
[2026-04-20 18:12:31] [INFO] Chargement de robot_3d_0237-> 309/331 | 93%
[2026-04-20 18:12:31] [INFO] Chargement de robot_3d_0238-> 310/331 | 93%
[2026-04-20 18:12:31] [INFO] Chargement de robot_3d_0239-> 311/331 | 93%
[2026-04-20 18:12:31] [INFO] Chargement de robot_3d_0240-> 312/331 | 94%
[2026-04-20 18:12:31] [INFO] Chargement de water_0-> 313/331 | 94%
[2026-04-20 18:12:31] [INFO] Chargement de water_2-> 315/331 | 95%
[2026-04-20 18:12:31] [INFO] Chargement de water_5-> 318/331 | 96%
[2026-04-20 18:12:31] [INFO] Chargement de water_7-> 320/331 | 96%
[2026-04-20 18:12:31] [INFO] Chargement de lava_1-> 322/331 | 97%
[2026-04-20 18:12:31] [INFO] Chargement de lava_4-> 325/331 | 98%
[2026-04-20 18:12:31] [INFO] Chargement de lava_7-> 328/331 | 99%
[2026-04-20 18:12:31] [INFO] Chargement de rocket_1-> 330/331 | 99%
[2026-04-20 18:12:31] [INFO] Assets chargés, redirect vers play_menu
[2026-04-20 18:12:31] [INFO] Entrez dans play_menu avec le compte tsukira2.json
[2026-04-20 18:12:47] [INFO] Entrez dans play_menu avec le compte tsukira2.json
[2026-04-20 18:12:49] [ERROR] play ->
Traceback (most recent call last):
  File "c:\Users\Tsukira\Desktop\informatique_tfe\src\data\object\games\play.py", line 269, in play
    draw_background(background, background_pos, camera_y)
  File "c:\Users\Tsukira\Desktop\informatique_tfe\src\data\object\games\play.py", line 164, in draw_background
    screen.blit(img, (bx, by - int(camera_y * parallax)))
pygame.error: display Surface quit
[2026-04-20 18:12:49] [ERROR] play_menu ->
Traceback (most recent call last):
  File "c:\Users\Tsukira\Desktop\informatique_tfe\src\data\object\games\play_menu.py", line 96, in play_menu
    screen.blit(BACKGROUND, (0, 0))
pygame.error: display Surface quit
[2026-04-20 18:12:49] [INFO] Compte choisi -> True
[2026-04-20 18:12:49] [INFO] Main Menu
[2026-04-20 18:12:50] [INFO] +------ Fin du jeux -----+
[2026-04-20 18:33:44] [INFO] 



+///////////////////////////////////////////////////////////////////////////+

                Démarrage de Nexus Extraction

+///////////////////////////////////////////////////////////////////////////+

[2026-04-20 18:33:44] [INFO] 
+---------------------------- Bienvenue ! ----------------------------+

Bienvenue dans Nexus Extraction. Si vous lisez ceci, c’est que vous vous
trouvez actuellement dans les logs du jeu. Si vous êtes un joueur lambda,
cette fenêtre ne vous intéressera pas, mais ne la fermez pas, car cette
action entraînera la fermeture du jeu.

En cas de problème ou de plantage du jeu, merci de contacter le développeur
à l’adresse e-mail suivante : mouyelv@sjb-liege.org
en joignant les fichiers de logs qui se trouvent dans le dossier "logs/".

Merci de jouer à Nexus Extraction et bon jeu ;)

+-------------------------------- LOGS --------------------------------+

[2026-04-20 18:33:44] [INFO] Main Menu
[2026-04-20 18:33:45] [INFO] Entrez dans compte
[2026-04-20 18:33:50] [INFO] Entrez dans load_menu avec le compte -> tsukira2.json
[2026-04-20 18:33:50] [INFO] Chargement de title-> 1/331 | 0%
[2026-04-20 18:33:50] [INFO] Chargement de creator-> 2/331 | 0%
[2026-04-20 18:33:50] [INFO] Chargement de music_creator-> 3/331 | 0%
[2026-04-20 18:33:50] [INFO] Chargement de the_void-> 4/331 | 1%
[2026-04-20 18:33:50] [INFO] Chargement de the_void_full-> 5/331 | 1%
[2026-04-20 18:33:50] [INFO] Chargement de underground_1-> 6/331 | 1%
[2026-04-20 18:33:50] [INFO] Chargement de underground_1-> 6/331 | 1%
[2026-04-20 18:33:50] [INFO] Chargement de underground_2-> 7/331 | 2%
[2026-04-20 18:33:50] [INFO] Chargement de underground_2-> 7/331 | 2%
[2026-04-20 18:33:50] [INFO] Chargement de underground_3-> 8/331 | 2%
[2026-04-20 18:33:50] [INFO] Chargement de underground_3-> 8/331 | 2%
[2026-04-20 18:33:50] [INFO] Chargement de btn_play_menu-> 9/331 | 2%
[2026-04-20 18:33:50] [INFO] Chargement de btn_play_menu-> 9/331 | 2%
[2026-04-20 18:33:50] [INFO] Chargement de btn_play_menu-> 9/331 | 2%
[2026-04-20 18:33:50] [INFO] Chargement de btn_boutique_menu-> 10/331 | 3%
[2026-04-20 18:33:50] [INFO] Chargement de btn_boutique_menu-> 10/331 | 3%
[2026-04-20 18:33:50] [INFO] Chargement de btn_boutique_menu-> 10/331 | 3%
[2026-04-20 18:33:50] [INFO] Chargement de btn_option_menu-> 11/331 | 3%
[2026-04-20 18:33:50] [INFO] Chargement de btn_option_menu-> 11/331 | 3%
[2026-04-20 18:33:50] [INFO] Chargement de btn_option_menu-> 11/331 | 3%
[2026-04-20 18:33:50] [INFO] Chargement de btn_play-> 12/331 | 3%
[2026-04-20 18:33:50] [INFO] Chargement de btn_play-> 12/331 | 3%
[2026-04-20 18:33:50] [INFO] Chargement de btn_play-> 12/331 | 3%
[2026-04-20 18:33:50] [INFO] Chargement de btn_quitter-> 13/331 | 3%
[2026-04-20 18:33:50] [INFO] Chargement de btn_quitter-> 13/331 | 3%
[2026-04-20 18:33:50] [INFO] Chargement de btn_quitter-> 13/331 | 3%
[2026-04-20 18:33:50] [INFO] Chargement de refresh_btn-> 15/331 | 4%
[2026-04-20 18:33:50] [INFO] Chargement de boutique_bg-> 17/331 | 5%
[2026-04-20 18:33:50] [INFO] Chargement de boutique_energy-> 19/331 | 5%
[2026-04-20 18:33:50] [INFO] Chargement de boutique_pression-> 20/331 | 6%
[2026-04-20 18:33:50] [INFO] Chargement de inventory-> 21/331 | 6%
[2026-04-20 18:33:50] [INFO] Chargement de blue_storm-> 22/331 | 6%
[2026-04-20 18:33:50] [INFO] Chargement de danger-> 23/331 | 6%
[2026-04-20 18:33:50] [INFO] Chargement de pression_icon-> 24/331 | 7%
[2026-04-20 18:33:50] [INFO] Chargement de oak_log-> 33/331 | 9%
[2026-04-20 18:33:50] [INFO] Chargement de crying_obsidian-> 49/331 | 14%
[2026-04-20 18:33:50] [INFO] Chargement de robot_1-> 54/331 | 16%
[2026-04-20 18:33:50] [INFO] Chargement de robot_5-> 58/331 | 17%
[2026-04-20 18:33:50] [INFO] Chargement de robot_40-> 64/331 | 19%
[2026-04-20 18:33:50] [INFO] Chargement de robot_100-> 68/331 | 20%
[2026-04-20 18:33:50] [INFO] Chargement de bird_3-> 72/331 | 21%
[2026-04-20 18:33:50] [INFO] Chargement de robot_3d_0001-> 73/331 | 22%
[2026-04-20 18:33:50] [INFO] Chargement de robot_3d_0002-> 74/331 | 22%
[2026-04-20 18:33:50] [INFO] Chargement de robot_3d_0003-> 75/331 | 22%
[2026-04-20 18:33:50] [INFO] Chargement de robot_3d_0004-> 76/331 | 22%
[2026-04-20 18:33:50] [INFO] Chargement de robot_3d_0005-> 77/331 | 23%
[2026-04-20 18:33:50] [INFO] Chargement de robot_3d_0006-> 78/331 | 23%
[2026-04-20 18:33:50] [INFO] Chargement de robot_3d_0007-> 79/331 | 23%
[2026-04-20 18:33:50] [INFO] Chargement de robot_3d_0008-> 80/331 | 24%
[2026-04-20 18:33:50] [INFO] Chargement de robot_3d_0009-> 81/331 | 24%
[2026-04-20 18:33:50] [INFO] Chargement de robot_3d_0010-> 82/331 | 24%
[2026-04-20 18:33:50] [INFO] Chargement de robot_3d_0011-> 83/331 | 25%
[2026-04-20 18:33:50] [INFO] Chargement de robot_3d_0012-> 84/331 | 25%
[2026-04-20 18:33:50] [INFO] Chargement de robot_3d_0013-> 85/331 | 25%
[2026-04-20 18:33:50] [INFO] Chargement de robot_3d_0014-> 86/331 | 25%
[2026-04-20 18:33:50] [INFO] Chargement de robot_3d_0015-> 87/331 | 26%
[2026-04-20 18:33:50] [INFO] Chargement de robot_3d_0017-> 89/331 | 26%
[2026-04-20 18:33:50] [INFO] Chargement de robot_3d_0018-> 90/331 | 27%
[2026-04-20 18:33:50] [INFO] Chargement de robot_3d_0019-> 91/331 | 27%
[2026-04-20 18:33:50] [INFO] Chargement de robot_3d_0020-> 92/331 | 27%
[2026-04-20 18:33:50] [INFO] Chargement de robot_3d_0021-> 93/331 | 28%
[2026-04-20 18:33:50] [INFO] Chargement de robot_3d_0022-> 94/331 | 28%
[2026-04-20 18:33:50] [INFO] Chargement de robot_3d_0023-> 95/331 | 28%
[2026-04-20 18:33:50] [INFO] Chargement de robot_3d_0024-> 96/331 | 29%
[2026-04-20 18:33:50] [INFO] Chargement de robot_3d_0025-> 97/331 | 29%
[2026-04-20 18:33:50] [INFO] Chargement de robot_3d_0026-> 98/331 | 29%
[2026-04-20 18:33:50] [INFO] Chargement de robot_3d_0027-> 99/331 | 29%
[2026-04-20 18:33:50] [INFO] Chargement de robot_3d_0028-> 100/331 | 30%
[2026-04-20 18:33:50] [INFO] Chargement de robot_3d_0029-> 101/331 | 30%
[2026-04-20 18:33:50] [INFO] Chargement de robot_3d_0030-> 102/331 | 30%
[2026-04-20 18:33:50] [INFO] Chargement de robot_3d_0031-> 103/331 | 31%
[2026-04-20 18:33:50] [INFO] Chargement de robot_3d_0032-> 104/331 | 31%
[2026-04-20 18:33:50] [INFO] Chargement de robot_3d_0033-> 105/331 | 31%
[2026-04-20 18:33:50] [INFO] Chargement de robot_3d_0034-> 106/331 | 32%
[2026-04-20 18:33:50] [INFO] Chargement de robot_3d_0035-> 107/331 | 32%
[2026-04-20 18:33:50] [INFO] Chargement de robot_3d_0036-> 108/331 | 32%
[2026-04-20 18:33:50] [INFO] Chargement de robot_3d_0037-> 109/331 | 32%
[2026-04-20 18:33:50] [INFO] Chargement de robot_3d_0038-> 110/331 | 33%
[2026-04-20 18:33:50] [INFO] Chargement de robot_3d_0039-> 111/331 | 33%
[2026-04-20 18:33:50] [INFO] Chargement de robot_3d_0040-> 112/331 | 33%
[2026-04-20 18:33:50] [INFO] Chargement de robot_3d_0041-> 113/331 | 34%
[2026-04-20 18:33:50] [INFO] Chargement de robot_3d_0042-> 114/331 | 34%
[2026-04-20 18:33:50] [INFO] Chargement de robot_3d_0043-> 115/331 | 34%
[2026-04-20 18:33:50] [INFO] Chargement de robot_3d_0044-> 116/331 | 35%
[2026-04-20 18:33:50] [INFO] Chargement de robot_3d_0045-> 117/331 | 35%
[2026-04-20 18:33:50] [INFO] Chargement de robot_3d_0046-> 118/331 | 35%
[2026-04-20 18:33:50] [INFO] Chargement de robot_3d_0047-> 119/331 | 35%
[2026-04-20 18:33:50] [INFO] Chargement de robot_3d_0048-> 120/331 | 36%
[2026-04-20 18:33:50] [INFO] Chargement de robot_3d_0049-> 121/331 | 36%
[2026-04-20 18:33:50] [INFO] Chargement de robot_3d_0050-> 122/331 | 36%
[2026-04-20 18:33:50] [INFO] Chargement de robot_3d_0051-> 123/331 | 37%
[2026-04-20 18:33:50] [INFO] Chargement de robot_3d_0052-> 124/331 | 37%
[2026-04-20 18:33:50] [INFO] Chargement de robot_3d_0053-> 125/331 | 37%
[2026-04-20 18:33:50] [INFO] Chargement de robot_3d_0054-> 126/331 | 38%
[2026-04-20 18:33:50] [INFO] Chargement de robot_3d_0055-> 127/331 | 38%
[2026-04-20 18:33:50] [INFO] Chargement de robot_3d_0056-> 128/331 | 38%
[2026-04-20 18:33:50] [INFO] Chargement de robot_3d_0057-> 129/331 | 38%
[2026-04-20 18:33:50] [INFO] Chargement de robot_3d_0058-> 130/331 | 39%
[2026-04-20 18:33:50] [INFO] Chargement de robot_3d_0059-> 131/331 | 39%
[2026-04-20 18:33:50] [INFO] Chargement de robot_3d_0060-> 132/331 | 39%
[2026-04-20 18:33:50] [INFO] Chargement de robot_3d_0061-> 133/331 | 40%
[2026-04-20 18:33:50] [INFO] Chargement de robot_3d_0062-> 134/331 | 40%
[2026-04-20 18:33:50] [INFO] Chargement de robot_3d_0063-> 135/331 | 40%
[2026-04-20 18:33:50] [INFO] Chargement de robot_3d_0064-> 136/331 | 41%
[2026-04-20 18:33:50] [INFO] Chargement de robot_3d_0065-> 137/331 | 41%
[2026-04-20 18:33:50] [INFO] Chargement de robot_3d_0066-> 138/331 | 41%
[2026-04-20 18:33:50] [INFO] Chargement de robot_3d_0067-> 139/331 | 41%
[2026-04-20 18:33:50] [INFO] Chargement de robot_3d_0068-> 140/331 | 42%
[2026-04-20 18:33:50] [INFO] Chargement de robot_3d_0069-> 141/331 | 42%
[2026-04-20 18:33:50] [INFO] Chargement de robot_3d_0070-> 142/331 | 42%
[2026-04-20 18:33:50] [INFO] Chargement de robot_3d_0071-> 143/331 | 43%
[2026-04-20 18:33:50] [INFO] Chargement de robot_3d_0072-> 144/331 | 43%
[2026-04-20 18:33:50] [INFO] Chargement de robot_3d_0073-> 145/331 | 43%
[2026-04-20 18:33:50] [INFO] Chargement de robot_3d_0074-> 146/331 | 44%
[2026-04-20 18:33:50] [INFO] Chargement de robot_3d_0075-> 147/331 | 44%
[2026-04-20 18:33:50] [INFO] Chargement de robot_3d_0076-> 148/331 | 44%
[2026-04-20 18:33:50] [INFO] Chargement de robot_3d_0077-> 149/331 | 45%
[2026-04-20 18:33:50] [INFO] Chargement de robot_3d_0078-> 150/331 | 45%
[2026-04-20 18:33:50] [INFO] Chargement de robot_3d_0079-> 151/331 | 45%
[2026-04-20 18:33:50] [INFO] Chargement de robot_3d_0080-> 152/331 | 45%
[2026-04-20 18:33:50] [INFO] Chargement de robot_3d_0081-> 153/331 | 46%
[2026-04-20 18:33:50] [INFO] Chargement de robot_3d_0082-> 154/331 | 46%
[2026-04-20 18:33:50] [INFO] Chargement de robot_3d_0083-> 155/331 | 46%
[2026-04-20 18:33:50] [INFO] Chargement de robot_3d_0084-> 156/331 | 47%
[2026-04-20 18:33:50] [INFO] Chargement de robot_3d_0085-> 157/331 | 47%
[2026-04-20 18:33:50] [INFO] Chargement de robot_3d_0086-> 158/331 | 47%
[2026-04-20 18:33:50] [INFO] Chargement de robot_3d_0087-> 159/331 | 48%
[2026-04-20 18:33:50] [INFO] Chargement de robot_3d_0088-> 160/331 | 48%
[2026-04-20 18:33:50] [INFO] Chargement de robot_3d_0089-> 161/331 | 48%
[2026-04-20 18:33:50] [INFO] Chargement de robot_3d_0090-> 162/331 | 48%
[2026-04-20 18:33:50] [INFO] Chargement de robot_3d_0091-> 163/331 | 49%
[2026-04-20 18:33:50] [INFO] Chargement de robot_3d_0092-> 164/331 | 49%
[2026-04-20 18:33:50] [INFO] Chargement de robot_3d_0093-> 165/331 | 49%
[2026-04-20 18:33:50] [INFO] Chargement de robot_3d_0094-> 166/331 | 50%
[2026-04-20 18:33:50] [INFO] Chargement de robot_3d_0095-> 167/331 | 50%
[2026-04-20 18:33:50] [INFO] Chargement de robot_3d_0096-> 168/331 | 50%
[2026-04-20 18:33:50] [INFO] Chargement de robot_3d_0097-> 169/331 | 51%
[2026-04-20 18:33:50] [INFO] Chargement de robot_3d_0098-> 170/331 | 51%
[2026-04-20 18:33:50] [INFO] Chargement de robot_3d_0099-> 171/331 | 51%
[2026-04-20 18:33:50] [INFO] Chargement de robot_3d_0100-> 172/331 | 51%
[2026-04-20 18:33:50] [INFO] Chargement de robot_3d_0101-> 173/331 | 52%
[2026-04-20 18:33:50] [INFO] Chargement de robot_3d_0102-> 174/331 | 52%
[2026-04-20 18:33:50] [INFO] Chargement de robot_3d_0103-> 175/331 | 52%
[2026-04-20 18:33:50] [INFO] Chargement de robot_3d_0104-> 176/331 | 53%
[2026-04-20 18:33:50] [INFO] Chargement de robot_3d_0105-> 177/331 | 53%
[2026-04-20 18:33:50] [INFO] Chargement de robot_3d_0106-> 178/331 | 53%
[2026-04-20 18:33:50] [INFO] Chargement de robot_3d_0107-> 179/331 | 54%
[2026-04-20 18:33:50] [INFO] Chargement de robot_3d_0108-> 180/331 | 54%
[2026-04-20 18:33:50] [INFO] Chargement de robot_3d_0109-> 181/331 | 54%
[2026-04-20 18:33:50] [INFO] Chargement de robot_3d_0110-> 182/331 | 54%
[2026-04-20 18:33:50] [INFO] Chargement de robot_3d_0111-> 183/331 | 55%
[2026-04-20 18:33:50] [INFO] Chargement de robot_3d_0112-> 184/331 | 55%
[2026-04-20 18:33:50] [INFO] Chargement de robot_3d_0113-> 185/331 | 55%
[2026-04-20 18:33:50] [INFO] Chargement de robot_3d_0114-> 186/331 | 56%
[2026-04-20 18:33:50] [INFO] Chargement de robot_3d_0115-> 187/331 | 56%
[2026-04-20 18:33:50] [INFO] Chargement de robot_3d_0116-> 188/331 | 56%
[2026-04-20 18:33:50] [INFO] Chargement de robot_3d_0117-> 189/331 | 57%
[2026-04-20 18:33:50] [INFO] Chargement de robot_3d_0118-> 190/331 | 57%
[2026-04-20 18:33:50] [INFO] Chargement de robot_3d_0119-> 191/331 | 57%
[2026-04-20 18:33:50] [INFO] Chargement de robot_3d_0120-> 192/331 | 58%
[2026-04-20 18:33:50] [INFO] Chargement de robot_3d_0121-> 193/331 | 58%
[2026-04-20 18:33:50] [INFO] Chargement de robot_3d_0122-> 194/331 | 58%
[2026-04-20 18:33:50] [INFO] Chargement de robot_3d_0123-> 195/331 | 58%
[2026-04-20 18:33:50] [INFO] Chargement de robot_3d_0124-> 196/331 | 59%
[2026-04-20 18:33:50] [INFO] Chargement de robot_3d_0125-> 197/331 | 59%
[2026-04-20 18:33:50] [INFO] Chargement de robot_3d_0126-> 198/331 | 59%
[2026-04-20 18:33:50] [INFO] Chargement de robot_3d_0127-> 199/331 | 60%
[2026-04-20 18:33:50] [INFO] Chargement de robot_3d_0128-> 200/331 | 60%
[2026-04-20 18:33:50] [INFO] Chargement de robot_3d_0129-> 201/331 | 60%
[2026-04-20 18:33:50] [INFO] Chargement de robot_3d_0130-> 202/331 | 61%
[2026-04-20 18:33:50] [INFO] Chargement de robot_3d_0131-> 203/331 | 61%
[2026-04-20 18:33:50] [INFO] Chargement de robot_3d_0132-> 204/331 | 61%
[2026-04-20 18:33:50] [INFO] Chargement de robot_3d_0133-> 205/331 | 61%
[2026-04-20 18:33:50] [INFO] Chargement de robot_3d_0134-> 206/331 | 62%
[2026-04-20 18:33:50] [INFO] Chargement de robot_3d_0135-> 207/331 | 62%
[2026-04-20 18:33:50] [INFO] Chargement de robot_3d_0136-> 208/331 | 62%
[2026-04-20 18:33:50] [INFO] Chargement de robot_3d_0137-> 209/331 | 63%
[2026-04-20 18:33:50] [INFO] Chargement de robot_3d_0138-> 210/331 | 63%
[2026-04-20 18:33:50] [INFO] Chargement de robot_3d_0139-> 211/331 | 63%
[2026-04-20 18:33:50] [INFO] Chargement de robot_3d_0140-> 212/331 | 64%
[2026-04-20 18:33:50] [INFO] Chargement de robot_3d_0141-> 213/331 | 64%
[2026-04-20 18:33:50] [INFO] Chargement de robot_3d_0142-> 214/331 | 64%
[2026-04-20 18:33:50] [INFO] Chargement de robot_3d_0143-> 215/331 | 64%
[2026-04-20 18:33:50] [INFO] Chargement de robot_3d_0144-> 216/331 | 65%
[2026-04-20 18:33:50] [INFO] Chargement de robot_3d_0145-> 217/331 | 65%
[2026-04-20 18:33:50] [INFO] Chargement de robot_3d_0146-> 218/331 | 65%
[2026-04-20 18:33:50] [INFO] Chargement de robot_3d_0147-> 219/331 | 66%
[2026-04-20 18:33:50] [INFO] Chargement de robot_3d_0148-> 220/331 | 66%
[2026-04-20 18:33:50] [INFO] Chargement de robot_3d_0149-> 221/331 | 66%
[2026-04-20 18:33:50] [INFO] Chargement de robot_3d_0150-> 222/331 | 67%
[2026-04-20 18:33:50] [INFO] Chargement de robot_3d_0151-> 223/331 | 67%
[2026-04-20 18:33:50] [INFO] Chargement de robot_3d_0152-> 224/331 | 67%
[2026-04-20 18:33:50] [INFO] Chargement de robot_3d_0153-> 225/331 | 67%
[2026-04-20 18:33:50] [INFO] Chargement de robot_3d_0154-> 226/331 | 68%
[2026-04-20 18:33:50] [INFO] Chargement de robot_3d_0155-> 227/331 | 68%
[2026-04-20 18:33:50] [INFO] Chargement de robot_3d_0156-> 228/331 | 68%
[2026-04-20 18:33:50] [INFO] Chargement de robot_3d_0157-> 229/331 | 69%
[2026-04-20 18:33:50] [INFO] Chargement de robot_3d_0158-> 230/331 | 69%
[2026-04-20 18:33:50] [INFO] Chargement de robot_3d_0159-> 231/331 | 69%
[2026-04-20 18:33:50] [INFO] Chargement de robot_3d_0160-> 232/331 | 70%
[2026-04-20 18:33:50] [INFO] Chargement de robot_3d_0161-> 233/331 | 70%
[2026-04-20 18:33:50] [INFO] Chargement de robot_3d_0162-> 234/331 | 70%
[2026-04-20 18:33:50] [INFO] Chargement de robot_3d_0163-> 235/331 | 70%
[2026-04-20 18:33:50] [INFO] Chargement de robot_3d_0164-> 236/331 | 71%
[2026-04-20 18:33:50] [INFO] Chargement de robot_3d_0165-> 237/331 | 71%
[2026-04-20 18:33:50] [INFO] Chargement de robot_3d_0166-> 238/331 | 71%
[2026-04-20 18:33:50] [INFO] Chargement de robot_3d_0167-> 239/331 | 72%
[2026-04-20 18:33:50] [INFO] Chargement de robot_3d_0168-> 240/331 | 72%
[2026-04-20 18:33:50] [INFO] Chargement de robot_3d_0169-> 241/331 | 72%
[2026-04-20 18:33:50] [INFO] Chargement de robot_3d_0170-> 242/331 | 73%
[2026-04-20 18:33:50] [INFO] Chargement de robot_3d_0171-> 243/331 | 73%
[2026-04-20 18:33:50] [INFO] Chargement de robot_3d_0172-> 244/331 | 73%
[2026-04-20 18:33:50] [INFO] Chargement de robot_3d_0173-> 245/331 | 74%
[2026-04-20 18:33:50] [INFO] Chargement de robot_3d_0174-> 246/331 | 74%
[2026-04-20 18:33:50] [INFO] Chargement de robot_3d_0175-> 247/331 | 74%
[2026-04-20 18:33:50] [INFO] Chargement de robot_3d_0176-> 248/331 | 74%
[2026-04-20 18:33:50] [INFO] Chargement de robot_3d_0177-> 249/331 | 75%
[2026-04-20 18:33:50] [INFO] Chargement de robot_3d_0178-> 250/331 | 75%
[2026-04-20 18:33:50] [INFO] Chargement de robot_3d_0179-> 251/331 | 75%
[2026-04-20 18:33:50] [INFO] Chargement de robot_3d_0180-> 252/331 | 76%
[2026-04-20 18:33:50] [INFO] Chargement de robot_3d_0181-> 253/331 | 76%
[2026-04-20 18:33:50] [INFO] Chargement de robot_3d_0182-> 254/331 | 76%
[2026-04-20 18:33:50] [INFO] Chargement de robot_3d_0183-> 255/331 | 77%
[2026-04-20 18:33:50] [INFO] Chargement de robot_3d_0184-> 256/331 | 77%
[2026-04-20 18:33:50] [INFO] Chargement de robot_3d_0185-> 257/331 | 77%
[2026-04-20 18:33:50] [INFO] Chargement de robot_3d_0186-> 258/331 | 77%
[2026-04-20 18:33:50] [INFO] Chargement de robot_3d_0187-> 259/331 | 78%
[2026-04-20 18:33:50] [INFO] Chargement de robot_3d_0188-> 260/331 | 78%
[2026-04-20 18:33:50] [INFO] Chargement de robot_3d_0189-> 261/331 | 78%
[2026-04-20 18:33:50] [INFO] Chargement de robot_3d_0190-> 262/331 | 79%
[2026-04-20 18:33:50] [INFO] Chargement de robot_3d_0191-> 263/331 | 79%
[2026-04-20 18:33:50] [INFO] Chargement de robot_3d_0192-> 264/331 | 79%
[2026-04-20 18:33:50] [INFO] Chargement de robot_3d_0193-> 265/331 | 80%
[2026-04-20 18:33:50] [INFO] Chargement de robot_3d_0194-> 266/331 | 80%
[2026-04-20 18:33:50] [INFO] Chargement de robot_3d_0195-> 267/331 | 80%
[2026-04-20 18:33:50] [INFO] Chargement de robot_3d_0196-> 268/331 | 80%
[2026-04-20 18:33:50] [INFO] Chargement de robot_3d_0198-> 270/331 | 81%
[2026-04-20 18:33:50] [INFO] Chargement de robot_3d_0199-> 271/331 | 81%
[2026-04-20 18:33:50] [INFO] Chargement de robot_3d_0200-> 272/331 | 82%
[2026-04-20 18:33:50] [INFO] Chargement de robot_3d_0201-> 273/331 | 82%
[2026-04-20 18:33:50] [INFO] Chargement de robot_3d_0202-> 274/331 | 82%
[2026-04-20 18:33:50] [INFO] Chargement de robot_3d_0203-> 275/331 | 83%
[2026-04-20 18:33:50] [INFO] Chargement de robot_3d_0204-> 276/331 | 83%
[2026-04-20 18:33:50] [INFO] Chargement de robot_3d_0205-> 277/331 | 83%
[2026-04-20 18:33:50] [INFO] Chargement de robot_3d_0206-> 278/331 | 83%
[2026-04-20 18:33:50] [INFO] Chargement de robot_3d_0207-> 279/331 | 84%
[2026-04-20 18:33:50] [INFO] Chargement de robot_3d_0208-> 280/331 | 84%
[2026-04-20 18:33:50] [INFO] Chargement de robot_3d_0209-> 281/331 | 84%
[2026-04-20 18:33:50] [INFO] Chargement de robot_3d_0210-> 282/331 | 85%
[2026-04-20 18:33:50] [INFO] Chargement de robot_3d_0211-> 283/331 | 85%
[2026-04-20 18:33:50] [INFO] Chargement de robot_3d_0212-> 284/331 | 85%
[2026-04-20 18:33:50] [INFO] Chargement de robot_3d_0213-> 285/331 | 86%
[2026-04-20 18:33:50] [INFO] Chargement de robot_3d_0214-> 286/331 | 86%
[2026-04-20 18:33:50] [INFO] Chargement de robot_3d_0215-> 287/331 | 86%
[2026-04-20 18:33:50] [INFO] Chargement de robot_3d_0216-> 288/331 | 87%
[2026-04-20 18:33:50] [INFO] Chargement de robot_3d_0217-> 289/331 | 87%
[2026-04-20 18:33:50] [INFO] Chargement de robot_3d_0218-> 290/331 | 87%
[2026-04-20 18:33:50] [INFO] Chargement de robot_3d_0219-> 291/331 | 87%
[2026-04-20 18:33:50] [INFO] Chargement de robot_3d_0220-> 292/331 | 88%
[2026-04-20 18:33:50] [INFO] Chargement de robot_3d_0221-> 293/331 | 88%
[2026-04-20 18:33:50] [INFO] Chargement de robot_3d_0222-> 294/331 | 88%
[2026-04-20 18:33:50] [INFO] Chargement de robot_3d_0223-> 295/331 | 89%
[2026-04-20 18:33:50] [INFO] Chargement de robot_3d_0224-> 296/331 | 89%
[2026-04-20 18:33:50] [INFO] Chargement de robot_3d_0225-> 297/331 | 89%
[2026-04-20 18:33:50] [INFO] Chargement de robot_3d_0226-> 298/331 | 90%
[2026-04-20 18:33:50] [INFO] Chargement de robot_3d_0227-> 299/331 | 90%
[2026-04-20 18:33:50] [INFO] Chargement de robot_3d_0228-> 300/331 | 90%
[2026-04-20 18:33:50] [INFO] Chargement de robot_3d_0229-> 301/331 | 90%
[2026-04-20 18:33:50] [INFO] Chargement de robot_3d_0230-> 302/331 | 91%
[2026-04-20 18:33:50] [INFO] Chargement de robot_3d_0231-> 303/331 | 91%
[2026-04-20 18:33:50] [INFO] Chargement de robot_3d_0232-> 304/331 | 91%
[2026-04-20 18:33:50] [INFO] Chargement de robot_3d_0233-> 305/331 | 92%
[2026-04-20 18:33:50] [INFO] Chargement de robot_3d_0234-> 306/331 | 92%
[2026-04-20 18:33:50] [INFO] Chargement de robot_3d_0235-> 307/331 | 92%
[2026-04-20 18:33:50] [INFO] Chargement de robot_3d_0236-> 308/331 | 93%
[2026-04-20 18:33:50] [INFO] Chargement de robot_3d_0237-> 309/331 | 93%
[2026-04-20 18:33:50] [INFO] Chargement de robot_3d_0238-> 310/331 | 93%
[2026-04-20 18:33:50] [INFO] Chargement de robot_3d_0239-> 311/331 | 93%
[2026-04-20 18:33:50] [INFO] Chargement de robot_3d_0240-> 312/331 | 94%
[2026-04-20 18:33:50] [INFO] Chargement de water_3-> 316/331 | 95%
[2026-04-20 18:33:50] [INFO] Chargement de water_7-> 320/331 | 96%
[2026-04-20 18:33:50] [INFO] Chargement de lava_7-> 328/331 | 99%
[2026-04-20 18:33:50] [INFO] Assets chargés, redirect vers play_menu
[2026-04-20 18:33:50] [INFO] Entrez dans play_menu avec le compte tsukira2.json
[2026-04-20 18:33:52] [INFO] Compte choisi -> True
[2026-04-20 18:33:52] [INFO] Main Menu
[2026-04-20 18:33:52] [INFO] Entrez dans compte
[2026-04-20 18:36:20] [INFO] Compte choisi -> False
[2026-04-20 18:36:20] [INFO] +------ Fin du jeux -----+
[2026-04-20 18:41:01] [INFO] 



+///////////////////////////////////////////////////////////////////////////+

                Démarrage de Nexus Extraction

+///////////////////////////////////////////////////////////////////////////+

[2026-04-20 18:41:01] [INFO] 
+---------------------------- Bienvenue ! ----------------------------+

Bienvenue dans Nexus Extraction. Si vous lisez ceci, c’est que vous vous
trouvez actuellement dans les logs du jeu. Si vous êtes un joueur lambda,
cette fenêtre ne vous intéressera pas, mais ne la fermez pas, car cette
action entraînera la fermeture du jeu.

En cas de problème ou de plantage du jeu, merci de contacter le développeur
à l’adresse e-mail suivante : mouyelv@sjb-liege.org
en joignant les fichiers de logs qui se trouvent dans le dossier "logs/".

Merci de jouer à Nexus Extraction et bon jeu ;)

+-------------------------------- LOGS --------------------------------+

[2026-04-20 18:41:01] [INFO] Main Menu
[2026-04-20 18:41:02] [INFO] Entrez dans compte
[2026-04-20 18:44:29] [INFO] Compte choisi -> False
[2026-04-20 18:44:29] [INFO] +------ Fin du jeux -----+
[2026-04-20 18:44:31] [INFO] 



+///////////////////////////////////////////////////////////////////////////+

                Démarrage de Nexus Extraction

+///////////////////////////////////////////////////////////////////////////+

[2026-04-20 18:44:31] [INFO] 
+---------------------------- Bienvenue ! ----------------------------+

Bienvenue dans Nexus Extraction. Si vous lisez ceci, c’est que vous vous
trouvez actuellement dans les logs du jeu. Si vous êtes un joueur lambda,
cette fenêtre ne vous intéressera pas, mais ne la fermez pas, car cette
action entraînera la fermeture du jeu.

En cas de problème ou de plantage du jeu, merci de contacter le développeur
à l’adresse e-mail suivante : mouyelv@sjb-liege.org
en joignant les fichiers de logs qui se trouvent dans le dossier "logs/".

Merci de jouer à Nexus Extraction et bon jeu ;)

+-------------------------------- LOGS --------------------------------+

[2026-04-20 18:44:31] [INFO] Main Menu
[2026-04-20 18:44:35] [INFO] Entrez dans compte
[2026-04-20 18:44:42] [INFO] Compte choisi -> False
[2026-04-20 18:44:42] [INFO] +------ Fin du jeux -----+
